PassengerId,CryoSleep,Age,Transported,HomePlanet_Earth,HomePlanet_Europa,HomePlanet_Mars
0001_01,False,0.49367088607594933,False,False,True,False
0002_01,False,0.3037974683544304,True,True,False,False
0003_01,False,0.7341772151898734,False,False,True,False
0003_02,False,0.4177215189873418,False,False,True,False
0004_01,False,0.20253164556962025,True,True,False,False
0005_01,False,0.5569620253164557,True,True,False,False
0006_01,False,0.3291139240506329,True,True,False,False
0006_02,True,0.35443037974683544,True,True,False,False
0007_01,False,0.4430379746835443,True,True,False,False
0008_01,True,0.17721518987341772,True,False,True,False
0008_02,True,0.43037974683544306,True,False,True,False
0008_03,False,0.569620253164557,True,False,True,False
0009_01,False,0.4050632911392405,True,False,False,True
0010_01,False,0.6075949367088608,False,True,False,False
0011_01,False,0.35443037974683544,True,True,False,False
0012_01,False,0.3924050632911392,False,True,False,False
0014_01,False,0.34177215189873417,False,False,False,True
0015_01,False,0.3037974683544304,False,True,False,False
0016_01,True,0.569620253164557,True,False,False,True
0017_01,False,0.0,True,True,False,False
0017_02,False,0.17721518987341772,False,True,False,False
0020_01,True,0.012658227848101266,False,True,False,False
0020_02,True,0.620253164556962,False,True,False,False
0020_03,True,0.3670886075949367,False,True,False,False
0020_04,False,0.12658227848101267,True,True,False,False
0020_05,True,0.012658227848101266,False,True,False,False
0020_06,False,0.08860759493670886,False,True,False,False
0022_01,False,0.26582278481012656,False,False,False,True
0024_01,True,0.7848101265822784,True,False,True,False
0025_01,False,0.18987341772151897,False,True,False,False
0026_01,False,0.43037974683544306,False,False,True,False
0028_01,False,0.5443037974683544,False,False,False,True
0030_01,False,0.4050632911392405,False,True,False,False
0031_01,False,0.5949367088607594,True,False,False,True
0031_02,False,0.02531645569620253,True,False,False,True
0031_03,False,0.25316455696202533,True,False,False,True
0034_01,True,0.35443037974683544,True,False,True,False
0035_01,False,0.2911392405063291,False,False,False,True
0036_01,False,0.18987341772151897,False,True,False,False
0038_01,False,0.25316455696202533,False,True,False,False
0039_01,True,0.37974683544303794,False,True,False,False
0041_01,True,0.21518987341772153,True,True,False,False
0043_01,False,0.569620253164557,False,False,True,False
0044_01,True,0.6962025316455696,False,True,False,False
0044_02,True,0.05063291139240506,True,True,False,False
0044_03,True,0.26582278481012656,True,True,False,False
0045_01,False,0.26582278481012656,False,False,False,True
0045_02,True,0.24050632911392406,True,False,False,True
0050_01,False,0.4430379746835443,False,True,False,False
0051_01,False,0.7088607594936709,False,True,False,False
0052_01,False,0.3649105122463968,False,True,False,False
0053_01,False,0.31645569620253167,True,True,False,False
0056_01,False,0.02531645569620253,True,False,True,False
0056_02,True,0.4810126582278481,True,False,True,False
0056_03,False,0.34177215189873417,True,False,True,False
0058_01,True,0.45569620253164556,False,True,False,False
0061_01,False,0.27848101265822783,False,True,False,False
0062_01,False,0.7848101265822784,False,True,False,False
0064_01,True,0.18987341772151897,True,False,False,True
0064_02,True,0.4177215189873418,True,True,False,False
0066_01,False,0.7848101265822784,False,True,False,False
0067_01,True,0.0,True,True,False,False
0067_02,False,0.22784810126582278,True,True,False,False
0067_03,False,0.26582278481012656,False,True,False,False
0068_01,False,0.3649105122463968,False,False,False,True
0069_01,False,0.5316455696202531,True,True,False,False
0070_01,False,0.24050632911392406,False,True,False,False
0071_01,False,0.21518987341772153,False,True,False,False
0072_01,False,0.17721518987341772,False,True,False,False
0073_01,False,0.46835443037974683,False,False,False,True
0074_01,False,0.5316455696202531,True,False,True,False
0076_01,False,0.34177215189873417,True,False,False,True
0077_01,False,0.35443037974683544,True,False,False,True
0078_01,False,0.4810126582278481,False,False,True,False
0081_01,True,0.16455696202531644,False,True,False,False
0082_01,False,0.5316455696202531,False,False,False,True
0082_02,True,0.02531645569620253,True,False,False,True
0082_03,False,0.10126582278481013,True,False,False,True
0084_01,False,0.3037974683544304,True,True,False,False
0085_01,True,0.5063291139240507,True,False,True,False
0086_01,False,0.5443037974683544,False,True,False,False
0088_01,True,0.569620253164557,True,False,False,True
0090_01,True,0.4430379746835443,True,True,False,False
0091_01,True,0.3291139240506329,True,True,False,False
0091_02,False,0.34177215189873417,False,True,False,False
0092_01,False,0.24050632911392406,False,True,False,False
0092_02,True,0.0,True,True,False,False
0092_03,True,0.0379746835443038,True,True,False,False
0097_01,False,0.6835443037974683,False,False,True,False
0098_01,False,0.3291139240506329,False,True,False,False
0098_02,False,0.3291139240506329,True,True,False,False
0099_01,False,0.2911392405063291,False,True,False,False
0099_02,False,0.02531645569620253,True,True,False,False
0101_01,True,0.3924050632911392,True,False,False,True
0102_01,False,0.22784810126582278,False,True,False,False
0103_01,False,0.3037974683544304,True,True,False,False
0103_02,True,0.11392405063291139,True,True,False,False
0103_03,True,0.0759493670886076,False,True,False,False
0105_01,False,0.34177215189873417,False,True,False,False
0107_01,False,0.26582278481012656,False,False,False,True
0108_01,True,0.2911392405063291,False,True,False,False
0108_02,False,0.3924050632911392,False,True,False,False
0108_03,False,0.0,True,True,False,False
0110_01,False,0.4050632911392405,False,False,True,False
0110_02,False,0.5063291139240507,False,False,True,False
0110_03,False,0.5316455696202531,True,False,True,False
0110_04,True,0.35443037974683544,True,False,True,False
0111_01,True,0.3670886075949367,True,False,True,False
0112_01,False,0.6075949367088608,True,False,True,False
0113_01,False,0.810126582278481,True,True,False,False
0114_01,False,0.34177215189873417,False,True,False,False
0115_01,False,0.3291139240506329,True,False,False,True
0116_01,False,0.4177215189873418,True,False,True,False
0119_01,False,0.49367088607594933,False,True,False,False
0119_02,True,0.16455696202531644,True,False,True,False
0120_01,True,0.3037974683544304,True,False,False,True
0122_01,False,0.3670886075949367,False,True,False,False
0123_01,False,0.22784810126582278,False,True,False,False
0126_01,True,0.8481012658227848,True,False,False,True
0127_01,False,0.4430379746835443,False,False,False,True
0128_01,False,0.7721518987341772,False,False,False,True
0128_02,False,0.569620253164557,False,False,False,True
0129_01,True,0.27848101265822783,True,True,False,False
0133_01,True,0.24050632911392406,True,False,False,True
0133_02,False,0.45569620253164556,False,False,False,True
0134_01,False,0.24050632911392406,True,True,False,False
0136_01,False,0.5949367088607594,False,True,False,False
0138_01,True,0.16455696202531644,True,True,False,False
0138_02,False,0.43037974683544306,False,True,False,False
0139_01,True,0.4430379746835443,True,False,True,False
0140_01,True,0.3037974683544304,True,True,False,False
0140_02,False,0.3291139240506329,False,True,False,False
0141_01,False,0.3924050632911392,False,False,False,True
0144_01,False,0.25316455696202533,True,True,False,False
0146_01,False,0.7088607594936709,False,True,False,False
0147_01,True,0.6329113924050633,True,True,False,False
0148_01,False,0.5316455696202531,False,False,False,True
0149_01,True,0.3649105122463968,True,True,False,False
0151_01,True,0.4810126582278481,False,True,False,False
0152_01,False,0.5189873417721519,False,True,False,False
0160_01,False,0.27848101265822783,False,True,False,False
0163_01,True,0.3291139240506329,True,False,True,False
0163_02,True,0.21518987341772153,True,False,True,False
0164_01,False,0.7215189873417721,True,True,False,False
0164_02,True,0.21518987341772153,False,True,False,False
0165_01,True,0.4430379746835443,True,False,False,True
0167_01,True,0.16455696202531644,True,False,False,True
0167_02,False,0.34177215189873417,False,False,False,True
0169_01,True,0.3924050632911392,False,True,False,False
0170_01,False,0.3037974683544304,False,True,False,False
0171_01,True,0.24050632911392406,True,True,False,False
0172_01,True,0.4050632911392405,True,True,False,False
0173_01,False,0.7341772151898734,True,True,False,False
0174_01,False,0.26582278481012656,False,True,False,False
0177_01,False,0.4810126582278481,False,False,True,False
0178_01,False,0.4810126582278481,False,False,False,True
0179_01,False,0.24050632911392406,True,True,False,False
0179_02,False,0.0,False,True,False,False
0179_03,False,0.0379746835443038,True,True,False,False
0181_01,False,0.25316455696202533,False,True,False,False
0182_01,True,0.3037974683544304,True,False,True,False
0183_01,False,0.46835443037974683,True,True,False,False
0186_01,False,0.31645569620253167,False,True,False,False
0188_01,True,0.7088607594936709,True,True,False,False
0189_01,False,0.620253164556962,False,True,False,False
0190_01,True,0.13924050632911392,False,True,False,False
0192_01,True,0.012658227848101266,True,True,False,False
0192_02,False,0.10126582278481013,False,True,False,False
0192_03,False,0.49367088607594933,False,True,False,False
0193_01,True,0.02531645569620253,True,False,False,True
0193_02,False,0.2911392405063291,False,False,False,True
0193_03,False,0.0,True,False,False,True
0195_01,False,0.49367088607594933,True,False,False,True
0196_01,False,0.31645569620253167,False,False,False,True
0197_01,False,0.45569620253164556,False,False,True,False
0198_01,False,0.6582278481012658,True,True,False,False
0199_01,True,0.22784810126582278,False,True,False,False
0200_01,True,0.18987341772151897,True,True,False,False
0201_01,True,0.4430379746835443,True,False,True,False
0201_02,True,0.5949367088607594,True,False,True,False
0202_01,True,0.569620253164557,True,False,True,False
0202_02,False,0.3649105122463968,True,False,True,False
0203_01,True,0.6455696202531646,True,False,True,False
0205_01,False,0.3670886075949367,False,True,False,False
0206_01,False,0.3649105122463968,True,False,True,False
0207_01,True,0.24050632911392406,False,True,False,False
0210_01,True,0.3037974683544304,True,True,False,False
0211_01,False,0.3670886075949367,True,False,False,True
0211_02,True,0.13924050632911392,True,False,False,True
0211_03,False,0.21518987341772153,False,False,False,True
0212_01,False,0.16455696202531644,False,True,False,False
0212_02,False,0.4430379746835443,False,True,False,False
0213_01,False,0.26582278481012656,False,True,False,False
0216_01,False,0.26582278481012656,False,True,False,False
0217_01,False,0.4810126582278481,False,True,False,False
0219_01,True,0.24050632911392406,True,True,False,False
0220_01,True,0.02531645569620253,True,True,False,False
0220_02,False,0.0,True,True,False,False
0220_03,True,0.16455696202531644,False,True,False,False
0220_04,False,0.31645569620253167,False,True,False,False
0220_05,False,0.20253164556962025,False,True,False,False
0220_06,False,0.012658227848101266,False,True,False,False
0220_07,True,0.18987341772151897,True,True,False,False
0221_01,False,0.26582278481012656,False,False,False,True
0221_02,False,0.2911392405063291,False,False,False,True
0221_03,False,0.4177215189873418,False,False,False,True
0221_04,True,0.26582278481012656,True,False,False,True
0221_05,False,0.5189873417721519,False,False,False,True
0221_06,False,0.20253164556962025,False,False,False,True
0221_07,True,0.5316455696202531,False,False,False,True
0222_01,False,0.25316455696202533,False,False,False,True
0222_02,True,0.3037974683544304,True,False,False,True
0222_03,True,0.20253164556962025,True,False,False,True
0223_01,False,0.26582278481012656,False,True,False,False
0224_01,False,0.4050632911392405,False,False,False,True
0225_01,True,0.7341772151898734,True,True,False,False
0229_01,False,0.3037974683544304,False,True,False,False
0231_01,False,0.37974683544303794,False,False,False,True
0232_01,True,0.34177215189873417,False,True,False,False
0233_01,False,0.4050632911392405,False,False,False,True
0234_01,False,0.5443037974683544,False,True,False,False
0237_01,True,0.5316455696202531,True,False,True,False
0239_01,False,0.46835443037974683,False,False,False,True
0240_01,True,0.4430379746835443,True,False,False,True
0241_01,False,0.4177215189873418,False,False,True,False
0242_01,False,0.22784810126582278,False,True,False,False
0243_01,True,0.26582278481012656,False,True,False,False
0244_01,True,0.5443037974683544,True,False,False,True
0244_02,True,0.17721518987341772,True,False,False,True
0245_01,False,0.5822784810126582,True,False,True,False
0245_02,False,0.4177215189873418,False,False,True,False
0246_01,False,0.26582278481012656,False,False,False,True
0248_01,False,0.4177215189873418,False,False,True,False
0250_01,True,0.5949367088607594,False,True,False,False
0251_01,True,0.6835443037974683,True,True,False,False
0252_01,False,0.37974683544303794,False,True,False,False
0253_01,False,0.3670886075949367,False,True,False,False
0254_01,False,0.26582278481012656,True,True,False,False
0255_01,True,0.3037974683544304,True,False,True,False
0257_01,False,0.26582278481012656,False,False,False,True
0257_02,True,0.7594936708860759,True,False,False,True
0258_01,False,0.27848101265822783,False,True,False,False
0260_01,False,0.3291139240506329,False,False,True,False
0261_01,False,0.3291139240506329,False,True,False,False
0263_01,True,0.35443037974683544,True,True,False,False
0265_01,True,0.49367088607594933,True,False,True,False
0267_01,False,0.16455696202531644,False,True,False,False
0269_01,False,0.5949367088607594,True,True,False,False
0270_01,False,0.7974683544303798,False,True,False,False
0275_01,True,0.3649105122463968,True,False,True,False
0277_01,False,0.6329113924050633,True,True,False,False
0278_01,False,0.4430379746835443,False,True,False,False
0278_02,False,0.569620253164557,False,True,False,False
0281_01,False,0.24050632911392406,True,True,False,False
0282_01,False,0.26582278481012656,True,True,False,False
0283_01,True,0.3670886075949367,True,True,False,False
0283_02,False,0.27848101265822783,True,True,False,False
0285_01,True,0.17721518987341772,True,False,True,False
0285_02,True,0.5316455696202531,True,False,True,False
0286_01,False,0.7215189873417721,False,True,False,False
0287_01,True,0.49367088607594933,True,False,True,False
0287_02,False,0.35443037974683544,False,False,True,False
0288_01,False,0.24050632911392406,False,True,False,False
0289_01,True,0.24050632911392406,True,False,True,False
0290_01,False,0.3291139240506329,True,False,True,False
0290_02,True,0.21518987341772153,True,False,True,False
0290_03,False,0.5443037974683544,True,False,True,False
0290_04,False,0.11392405063291139,True,False,True,False
0291_01,False,0.5063291139240507,True,False,True,False
0294_01,True,0.6329113924050633,True,False,True,False
0297_01,False,0.3037974683544304,True,True,False,False
0298_01,True,0.7215189873417721,True,False,True,False
0301_01,True,0.20253164556962025,False,True,False,False
0302_01,False,0.2911392405063291,False,True,False,False
0303_01,True,0.2911392405063291,True,True,False,False
0304_01,False,0.35443037974683544,False,False,True,False
0305_01,False,0.2911392405063291,False,False,True,False
0306_01,False,0.2911392405063291,False,True,False,False
0307_01,False,0.22784810126582278,True,True,False,False
0309_01,False,0.22784810126582278,False,True,False,False
0310_01,False,0.8481012658227848,False,False,True,False
0313_01,False,0.7594936708860759,True,True,False,False
0313_02,True,0.3649105122463968,True,True,False,False
0313_03,False,0.620253164556962,True,True,False,False
0313_04,False,0.0,True,True,False,False
0314_01,False,0.3291139240506329,False,True,False,False
0315_01,True,0.4430379746835443,True,True,False,False
0316_01,False,0.3037974683544304,True,False,True,False
0316_02,True,0.25316455696202533,True,False,True,False
0320_01,False,0.22784810126582278,False,True,False,False
0320_02,False,0.26582278481012656,False,True,False,False
0321_01,False,0.7468354430379747,False,True,False,False
0322_01,True,0.16455696202531644,False,True,False,False
0324_01,True,0.5443037974683544,False,True,False,False
0326_01,True,0.3670886075949367,False,True,False,False
0327_01,False,0.24050632911392406,True,True,False,False
0330_01,False,0.02531645569620253,True,False,True,False
0330_02,False,0.4050632911392405,True,False,True,False
0330_03,False,0.4177215189873418,False,False,True,False
0331_01,False,0.31645569620253167,False,True,False,False
0333_01,True,0.3670886075949367,True,False,False,True
0334_01,False,0.3670886075949367,False,False,False,True
0336_01,False,0.5569620253164557,False,True,False,False
0337_01,True,0.02531645569620253,True,False,False,True
0337_02,False,0.24050632911392406,True,False,False,True
0337_03,False,0.0,True,False,False,True
0338_01,True,0.22784810126582278,True,True,False,False
0340_01,True,0.4810126582278481,True,False,True,False
0341_01,True,0.06329113924050633,False,True,False,False
0343_01,False,0.3924050632911392,False,True,False,False
0345_01,True,0.37974683544303794,False,False,False,True
0346_01,True,0.18987341772151897,True,True,False,False
0347_01,False,0.34177215189873417,False,False,False,True
0348_01,False,0.27848101265822783,True,False,False,True
0348_02,False,0.45569620253164556,True,False,False,True
0350_01,True,0.17721518987341772,True,True,False,False
0352_01,False,0.2911392405063291,False,False,False,True
0355_01,True,0.22784810126582278,True,True,False,False
0356_01,True,0.45569620253164556,True,False,True,False
0357_01,False,0.5189873417721519,False,True,False,False
0358_01,True,0.6329113924050633,True,True,False,False
0358_02,True,0.4050632911392405,True,True,False,False
0359_01,False,0.3291139240506329,False,True,False,False
0360_01,False,0.18987341772151897,False,True,False,False
0361_01,False,0.4177215189873418,True,True,False,False
0365_01,False,0.3649105122463968,False,True,False,False
0368_01,False,0.3291139240506329,False,False,False,True
0368_02,True,0.7721518987341772,True,False,False,True
0369_01,False,0.3037974683544304,True,True,False,False
0370_01,False,0.37974683544303794,False,True,False,False
0371_01,True,0.3037974683544304,True,False,False,True
0372_01,False,0.3037974683544304,False,True,False,False
0373_01,True,0.5189873417721519,False,True,False,False
0375_01,False,0.25316455696202533,False,True,False,False
0376_01,False,0.27848101265822783,True,True,False,False
0377_01,False,0.7974683544303798,False,False,True,False
0378_01,False,0.22784810126582278,False,False,True,False
0378_02,True,0.26582278481012656,True,False,True,False
0378_03,False,1.0,False,False,True,False
0378_04,True,0.7088607594936709,True,False,True,False
0378_05,True,0.16455696202531644,True,False,True,False
0378_06,False,0.4177215189873418,False,False,True,False
0378_07,True,0.4050632911392405,True,False,True,False
0379_01,False,0.3924050632911392,True,True,False,False
0380_01,True,0.3291139240506329,True,False,True,False
0381_01,True,0.22784810126582278,True,False,True,False
0381_02,True,0.4810126582278481,True,False,True,False
0382_01,False,0.2911392405063291,False,True,False,False
0383_01,False,0.35443037974683544,False,True,False,False
0383_02,True,0.43037974683544306,False,True,False,False
0384_01,False,0.0,True,True,False,False
0384_02,False,0.17721518987341772,True,True,False,False
0385_01,False,0.2911392405063291,False,True,False,False
0387_01,True,0.620253164556962,False,True,False,False
0388_01,True,0.17721518987341772,False,True,False,False
0389_01,False,0.22784810126582278,False,True,False,False
0391_01,False,0.34177215189873417,True,False,True,False
0392_01,False,0.6075949367088608,False,True,False,False
0395_01,False,0.3924050632911392,False,False,True,False
0395_02,False,0.7721518987341772,False,False,True,False
0396_01,True,0.22784810126582278,True,True,False,False
0397_01,True,0.569620253164557,True,False,False,True
0398_01,False,0.27848101265822783,False,False,False,True
0401_01,False,0.37974683544303794,False,False,False,True
0401_02,False,0.37974683544303794,False,False,False,True
0402_01,True,0.4050632911392405,True,True,False,False
0403_01,False,0.5443037974683544,True,False,False,True
0405_01,False,0.21518987341772153,False,True,False,False
0407_01,False,0.2911392405063291,False,True,False,False
0407_02,False,0.25316455696202533,False,True,False,False
0407_03,True,0.49367088607594933,False,True,False,False
0408_01,False,0.4430379746835443,False,False,False,True
0409_01,False,0.3924050632911392,False,False,False,True
0410_01,False,0.26582278481012656,False,True,False,False
0411_01,False,0.20253164556962025,False,True,False,False
0412_01,False,0.7594936708860759,True,False,True,False
0413_01,False,0.22784810126582278,False,True,False,False
0415_01,True,0.5316455696202531,False,True,False,False
0417_01,True,0.8607594936708861,True,False,True,False
0417_02,False,0.27848101265822783,False,False,True,False
0417_03,True,0.7468354430379747,True,False,True,False
0423_01,False,0.3649105122463968,True,False,True,False
0425_01,False,0.46835443037974683,False,False,False,True
0425_02,True,0.0379746835443038,True,False,False,True
0425_03,True,0.3924050632911392,True,False,False,True
0427_01,False,0.3924050632911392,True,False,True,False
0428_01,False,0.3670886075949367,True,False,True,False
0429_01,False,0.25316455696202533,True,False,True,False
0429_02,True,0.5822784810126582,True,False,True,False
0430_01,False,0.3670886075949367,True,True,False,False
0431_01,True,0.5443037974683544,True,False,False,True
0432_01,False,0.21518987341772153,False,False,False,True
0433_01,False,0.34177215189873417,True,False,True,False
0433_02,False,0.5949367088607594,False,False,True,False
0434_01,True,0.569620253164557,True,False,False,True
0435_01,True,0.21518987341772153,True,True,False,False
0436_01,False,0.12658227848101267,True,True,False,False
0436_02,False,0.7088607594936709,False,True,False,False
0437_01,False,0.49367088607594933,False,True,False,False
0437_02,False,0.5063291139240507,False,True,False,False
0438_01,True,0.5063291139240507,True,False,True,False
0439_01,False,0.43037974683544306,False,False,True,False
0441_01,False,0.4050632911392405,False,True,False,False
0442_01,False,0.4430379746835443,False,True,False,False
0444_01,False,0.4050632911392405,False,False,False,True
0444_02,False,0.3291139240506329,False,True,False,False
0445_01,False,0.31645569620253167,False,True,False,False
0445_02,False,0.3291139240506329,False,True,False,False
0446_01,True,0.27848101265822783,True,False,True,False
0447_01,False,0.27848101265822783,True,True,False,False
0448_01,False,0.3037974683544304,False,True,False,False
0448_02,True,0.4050632911392405,True,True,False,False
0449_01,True,0.13924050632911392,True,True,False,False
0452_01,True,0.27848101265822783,True,False,False,True
0453_01,True,0.24050632911392406,True,False,True,False
0453_02,True,0.43037974683544306,True,False,True,False
0453_03,True,0.9367088607594937,True,False,True,False
0454_01,False,0.35443037974683544,True,False,True,False
0454_02,True,0.5316455696202531,True,False,True,False
0454_03,True,0.5443037974683544,True,False,True,False
0456_01,False,0.6962025316455696,False,True,False,False
0457_01,False,0.24050632911392406,True,True,False,False
0457_02,True,0.0759493670886076,False,True,False,False
0457_03,False,0.08860759493670886,False,True,False,False
0458_01,True,0.35443037974683544,True,False,True,False
0459_01,False,0.18987341772151897,False,True,False,False
0460_01,True,0.3037974683544304,True,True,False,False
0461_01,False,0.3924050632911392,True,True,False,False
0461_02,False,0.27848101265822783,True,True,False,False
0461_03,False,0.012658227848101266,True,True,False,False
0462_01,True,0.6329113924050633,False,True,False,False
0463_01,False,0.43037974683544306,False,False,False,True
0463_02,False,0.17721518987341772,False,False,False,True
0465_01,False,0.24050632911392406,False,True,False,False
0465_02,False,0.3649105122463968,True,True,False,False
0466_01,False,0.45569620253164556,False,True,False,False
0468_01,True,0.43037974683544306,False,True,False,False
0470_01,True,0.31645569620253167,True,False,False,True
0470_02,True,0.45569620253164556,True,True,False,False
0471_01,False,0.20253164556962025,False,False,True,False
0471_02,False,0.37974683544303794,True,False,True,False
0472_01,False,0.46835443037974683,False,True,False,False
0474_01,True,0.18987341772151897,True,True,False,False
0475_01,False,0.45569620253164556,False,True,False,False
0476_01,False,0.34177215189873417,False,False,False,True
0476_02,True,0.34177215189873417,True,False,False,True
0476_03,True,0.1518987341772152,True,False,False,True
0477_01,False,0.27848101265822783,False,True,False,False
0480_01,False,0.34177215189873417,False,True,False,False
0481_01,True,0.16455696202531644,True,True,False,False
0482_01,False,0.34177215189873417,False,True,False,False
0482_02,False,0.35443037974683544,False,True,False,False
0485_01,False,0.26582278481012656,False,False,True,False
0487_01,False,0.49367088607594933,False,False,True,False
0488_01,True,0.35443037974683544,False,True,False,False
0490_01,True,0.17721518987341772,True,True,False,False
0498_01,True,0.34177215189873417,True,False,True,False
0498_02,True,0.5822784810126582,True,False,True,False
0499_01,True,0.34177215189873417,True,False,False,True
0499_02,False,0.26582278481012656,False,False,False,True
0500_01,False,0.26582278481012656,True,False,False,True
0501_01,False,0.5316455696202531,False,False,True,False
0502_01,False,0.27848101265822783,False,False,False,True
0503_01,False,0.12658227848101267,True,False,False,True
0503_02,False,0.5443037974683544,False,False,False,True
0503_03,False,0.5316455696202531,False,False,False,True
0504_01,True,0.22784810126582278,True,False,True,False
0504_02,True,0.6835443037974683,True,False,True,False
0504_03,True,0.3037974683544304,True,False,True,False
0504_04,False,0.810126582278481,False,False,True,False
0504_05,True,0.22784810126582278,True,False,True,False
0504_06,True,0.6708860759493671,True,True,False,False
0506_01,True,0.2911392405063291,True,False,False,True
0507_01,False,0.49367088607594933,True,True,False,False
0510_01,False,0.7468354430379747,True,False,True,False
0512_01,False,0.4050632911392405,True,False,True,False
0512_02,True,0.6962025316455696,True,False,True,False
0513_01,True,0.26582278481012656,True,True,False,False
0515_01,True,0.6329113924050633,True,False,True,False
0516_01,False,0.6962025316455696,False,False,True,False
0517_01,False,0.3649105122463968,False,True,False,False
0518_01,True,0.4430379746835443,True,True,False,False
0519_01,True,0.3649105122463968,True,True,False,False
0520_01,False,0.6962025316455696,False,True,False,False
0521_01,False,0.2911392405063291,True,True,False,False
0522_01,False,0.5316455696202531,False,True,False,False
0523_01,False,0.4430379746835443,True,True,False,False
0525_01,True,0.5949367088607594,True,True,False,False
0527_01,False,0.3649105122463968,False,False,False,True
0527_02,True,0.43037974683544306,True,False,False,True
0528_01,False,0.5822784810126582,False,False,True,False
0529_01,True,0.3291139240506329,False,True,False,False
0531_01,True,0.012658227848101266,False,True,False,False
0531_02,True,0.3649105122463968,True,True,False,False
0533_01,False,0.4177215189873418,False,False,False,True
0534_01,False,0.43037974683544306,False,False,True,False
0534_02,False,0.620253164556962,False,False,True,False
0537_01,False,0.27848101265822783,False,True,False,False
0538_01,False,0.35443037974683544,True,True,False,False
0539_01,True,0.3649105122463968,True,False,True,False
0539_02,True,0.45569620253164556,True,False,True,False
0539_03,True,0.37974683544303794,True,True,False,False
0539_04,True,0.620253164556962,True,False,True,False
0539_05,False,0.4810126582278481,False,False,True,False
0540_01,True,0.3924050632911392,True,False,False,True
0540_02,False,0.21518987341772153,False,True,False,False
0542_01,False,0.3291139240506329,False,True,False,False
0545_01,False,0.2911392405063291,False,True,False,False
0546_01,False,0.3037974683544304,False,True,False,False
0547_01,False,0.2911392405063291,False,True,False,False
0548_01,False,0.3037974683544304,True,True,False,False
0549_01,False,0.4050632911392405,True,False,False,True
0549_02,True,0.5443037974683544,True,False,False,True
0550_01,False,0.2911392405063291,True,True,False,False
0551_01,False,0.5316455696202531,False,True,False,False
0552_01,True,0.3670886075949367,True,False,True,False
0553_01,True,0.5063291139240507,True,False,True,False
0553_02,False,0.46835443037974683,True,False,True,False
0555_01,True,0.7721518987341772,True,False,True,False
0555_02,False,0.4177215189873418,False,False,True,False
0556_01,False,0.24050632911392406,True,True,False,False
0559_01,False,0.26582278481012656,False,True,False,False
0560_01,False,0.05063291139240506,False,True,False,False
0560_02,False,0.1518987341772152,True,True,False,False
0560_03,False,0.5569620253164557,True,True,False,False
0561_01,False,0.27848101265822783,False,True,False,False
0563_01,False,0.4177215189873418,False,False,False,True
0564_01,True,0.4050632911392405,True,False,True,False
0564_02,True,0.35443037974683544,True,False,True,False
0564_03,False,0.35443037974683544,False,False,True,False
0565_01,False,0.3924050632911392,False,False,False,True
0566_01,True,0.16455696202531644,True,False,False,True
0567_01,True,0.17721518987341772,True,True,False,False
0568_01,False,0.4177215189873418,False,False,True,False
0568_02,True,0.3649105122463968,True,False,True,False
0569_01,False,0.2911392405063291,True,True,False,False
0570_01,False,0.45569620253164556,True,False,True,False
0571_01,True,0.27848101265822783,True,False,True,False
0571_02,True,0.24050632911392406,False,False,True,False
0571_03,True,0.5316455696202531,True,False,True,False
0571_04,True,0.37974683544303794,True,False,True,False
0571_05,True,0.20253164556962025,True,False,True,False
0571_06,False,0.6962025316455696,False,False,True,False
0571_07,True,0.6962025316455696,True,False,True,False
0572_01,False,0.24050632911392406,False,True,False,False
0573_01,False,0.3649105122463968,False,True,False,False
0575_01,True,0.22784810126582278,True,False,True,False
0576_01,False,0.26582278481012656,False,True,False,False
0577_01,False,0.8227848101265822,False,True,False,False
0579_01,False,0.6962025316455696,True,True,False,False
0579_02,False,0.6329113924050633,False,True,False,False
0580_01,True,0.620253164556962,True,True,False,False
0581_01,False,0.27848101265822783,False,True,False,False
0582_01,True,0.4177215189873418,True,False,False,True
0583_01,True,0.0379746835443038,True,False,False,True
0583_02,True,0.0,True,False,False,True
0583_03,True,0.4177215189873418,True,False,False,True
0585_01,True,0.6075949367088608,True,False,False,True
0585_02,True,0.06329113924050633,True,False,False,True
0585_03,False,0.2911392405063291,False,False,False,True
0586_01,True,0.6708860759493671,True,False,True,False
0587_01,False,0.22784810126582278,False,False,False,True
0588_01,True,0.25316455696202533,False,True,False,False
0589_01,False,0.2911392405063291,False,True,False,False
0590_01,False,0.6075949367088608,False,True,False,False
0591_01,True,0.24050632911392406,False,True,False,False
0593_01,False,0.3649105122463968,False,False,False,True
0594_01,False,0.11392405063291139,False,True,False,False
0594_02,False,0.3037974683544304,False,True,False,False
0596_01,False,0.5822784810126582,True,False,False,True
0597_01,True,0.2911392405063291,True,True,False,False
0597_02,True,0.26582278481012656,False,True,False,False
0598_01,True,0.24050632911392406,False,True,False,False
0599_01,False,0.0,True,False,False,True
0599_02,False,0.05063291139240506,True,False,False,True
0599_03,False,0.3291139240506329,False,False,False,True
0599_04,True,0.11392405063291139,True,False,False,True
0600_01,False,0.3037974683544304,True,False,True,False
0602_01,True,0.3037974683544304,True,False,False,True
0602_02,False,0.31645569620253167,False,False,False,True
0602_03,True,0.26582278481012656,True,False,False,True
0603_01,False,0.26582278481012656,False,True,False,False
0607_01,False,0.46835443037974683,False,False,True,False
0607_02,False,0.5569620253164557,False,False,True,False
0607_03,False,0.5443037974683544,False,False,True,False
0608_01,False,0.08860759493670886,True,True,False,False
0609_01,False,0.4177215189873418,False,False,False,True
0610_01,False,0.3037974683544304,False,True,False,False
0611_01,True,0.3924050632911392,True,True,False,False
0612_01,True,0.34177215189873417,True,False,True,False
0614_01,False,0.43037974683544306,True,True,False,False
0615_01,True,0.7341772151898734,False,True,False,False
0615_02,False,0.08860759493670886,True,True,False,False
0615_03,True,0.0379746835443038,True,True,False,False
0618_01,False,0.26582278481012656,True,True,False,False
0618_02,False,0.26582278481012656,False,True,False,False
0619_01,True,0.49367088607594933,True,False,True,False
0619_02,True,0.5443037974683544,True,False,True,False
0623_01,True,0.27848101265822783,True,True,False,False
0628_01,False,0.5569620253164557,True,True,False,False
0629_01,False,0.4810126582278481,False,True,False,False
0630_01,True,0.4050632911392405,True,False,False,True
0631_01,True,0.6962025316455696,True,False,False,True
0633_01,False,0.3924050632911392,False,False,False,True
0634_01,False,0.49367088607594933,False,True,False,False
0635_01,False,0.4430379746835443,True,True,False,False
0635_02,False,0.46835443037974683,False,True,False,False
0636_01,False,0.16455696202531644,False,True,False,False
0636_02,False,0.26582278481012656,False,True,False,False
0637_01,False,0.25316455696202533,False,False,False,True
0638_01,True,0.25316455696202533,True,False,True,False
0639_01,False,0.7974683544303798,True,True,False,False
0641_01,False,0.45569620253164556,False,True,False,False
0642_01,False,0.3670886075949367,True,False,True,False
0642_02,False,0.45569620253164556,True,False,True,False
0642_03,False,1.0,False,False,True,False
0642_04,True,0.37974683544303794,True,False,True,False
0642_05,True,0.37974683544303794,True,False,True,False
0643_01,False,0.24050632911392406,True,False,False,True
0644_01,True,0.4177215189873418,True,False,True,False
0645_01,False,0.25316455696202533,False,True,False,False
0646_01,True,0.4810126582278481,True,False,True,False
0647_01,True,0.08860759493670886,True,False,False,True
0647_02,True,0.7341772151898734,True,False,False,True
0647_03,False,0.4177215189873418,False,False,False,True
0650_01,True,0.0379746835443038,True,True,False,False
0653_01,False,0.49367088607594933,True,False,False,True
0655_01,False,0.46835443037974683,True,False,False,True
0656_01,False,0.4050632911392405,False,True,False,False
0657_01,False,0.35443037974683544,True,True,False,False
0657_02,False,0.4810126582278481,False,True,False,False
0658_01,False,0.26582278481012656,False,True,False,False
0659_01,True,0.22784810126582278,True,True,False,False
0660_01,True,0.18987341772151897,False,True,False,False
0661_01,False,0.5569620253164557,False,False,True,False
0663_01,False,0.5569620253164557,True,True,False,False
0664_01,False,0.45569620253164556,False,False,True,False
0665_01,False,0.35443037974683544,True,True,False,False
0665_02,False,0.18987341772151897,False,False,False,True
0668_01,False,0.569620253164557,False,True,False,False
0669_01,False,0.3291139240506329,False,True,False,False
0671_01,True,0.5822784810126582,True,True,False,False
0672_01,False,0.31645569620253167,False,True,False,False
0674_01,True,0.5822784810126582,False,True,False,False
0677_01,True,0.18987341772151897,False,True,False,False
0678_01,True,0.46835443037974683,False,True,False,False
0679_01,False,0.25316455696202533,False,True,False,False
0680_01,True,0.569620253164557,False,True,False,False
0680_02,True,0.08860759493670886,False,True,False,False
0680_03,True,0.06329113924050633,False,True,False,False
0682_01,True,0.4810126582278481,True,False,False,True
0683_01,False,0.37974683544303794,False,False,False,True
0684_01,False,0.3649105122463968,True,False,False,True
0684_02,False,0.0,True,False,False,True
0684_03,True,0.25316455696202533,True,False,False,True
0685_01,False,0.5189873417721519,False,True,False,False
0686_01,True,0.22784810126582278,True,False,False,True
0686_02,False,0.3670886075949367,False,False,False,True
0687_01,False,0.24050632911392406,False,False,False,True
0688_01,False,0.43037974683544306,False,False,False,True
0689_01,True,0.45569620253164556,True,False,True,False
0690_01,True,0.6835443037974683,True,False,False,True
0691_01,False,0.24050632911392406,False,False,False,True
0691_02,False,0.26582278481012656,False,False,False,True
0691_03,True,0.2911392405063291,True,False,False,True
0693_01,True,0.4430379746835443,True,False,True,False
0693_02,False,0.43037974683544306,False,False,True,False
0696_01,False,0.27848101265822783,True,True,False,False
0697_01,False,0.3037974683544304,True,True,False,False
0699_01,True,0.22784810126582278,True,False,False,True
0699_02,False,0.3037974683544304,False,False,False,True
0701_01,True,0.4177215189873418,True,False,True,False
0702_01,False,0.3037974683544304,False,True,False,False
0703_01,True,0.22784810126582278,True,True,False,False
0704_01,True,0.24050632911392406,True,True,False,False
0705_01,False,0.5443037974683544,True,True,False,False
0707_01,True,0.5569620253164557,True,True,False,False
0709_01,False,0.31645569620253167,True,False,True,False
0709_02,True,0.31645569620253167,True,False,True,False
0709_03,True,0.2911392405063291,True,False,True,False
0710_01,False,0.2911392405063291,False,False,False,True
0712_01,False,0.25316455696202533,False,False,False,True
0712_02,False,0.02531645569620253,True,False,False,True
0713_01,False,0.3291139240506329,False,True,False,False
0714_01,True,0.4810126582278481,True,True,False,False
0714_02,False,0.012658227848101266,False,True,False,False
0714_03,False,0.1518987341772152,True,True,False,False
0714_04,True,0.02531645569620253,False,True,False,False
0714_05,True,0.31645569620253167,False,True,False,False
0714_06,True,0.012658227848101266,True,True,False,False
0714_07,True,0.0,True,True,False,False
0715_01,False,0.6835443037974683,True,False,True,False
0718_01,False,0.26582278481012656,False,True,False,False
0719_01,False,0.24050632911392406,False,False,False,True
0724_01,False,0.3037974683544304,False,True,False,False
0726_01,True,0.25316455696202533,False,True,False,False
0727_01,False,0.2911392405063291,True,True,False,False
0728_01,False,0.3670886075949367,True,True,False,False
0729_01,False,0.17721518987341772,True,True,False,False
0732_01,False,0.24050632911392406,False,True,False,False
0733_01,False,0.2911392405063291,False,True,False,False
0734_01,False,0.7848101265822784,False,True,False,False
0736_01,False,0.2911392405063291,False,True,False,False
0737_01,False,0.8227848101265822,False,False,True,False
0738_01,False,0.5949367088607594,True,False,False,True
0740_01,False,0.8481012658227848,False,False,True,False
0740_02,True,0.17721518987341772,True,False,True,False
0740_03,False,0.5189873417721519,False,False,True,False
0743_01,True,0.17721518987341772,True,True,False,False
0746_01,True,0.24050632911392406,False,True,False,False
0750_01,False,0.27848101265822783,False,True,False,False
0753_01,True,0.43037974683544306,True,False,True,False
0753_02,False,0.8227848101265822,False,False,True,False
0753_03,True,0.5316455696202531,True,False,True,False
0754_01,True,0.27848101265822783,True,False,True,False
0756_01,True,0.6835443037974683,True,False,True,False
0756_02,False,0.43037974683544306,False,False,True,False
0756_03,True,0.34177215189873417,True,False,True,False
0757_01,False,0.8481012658227848,False,False,False,True
0761_01,False,0.4177215189873418,True,False,True,False
0762_01,True,0.37974683544303794,False,True,False,False
0764_01,False,0.27848101265822783,False,True,False,False
0765_01,False,0.4430379746835443,True,False,False,True
0765_02,False,0.2911392405063291,False,False,False,True
0767_01,False,0.620253164556962,False,True,False,False
0768_01,False,0.45569620253164556,False,False,True,False
0768_02,True,0.3924050632911392,True,False,True,False
0769_01,True,0.6835443037974683,True,False,True,False
0770_01,True,0.0,False,True,False,False
0770_02,False,0.3649105122463968,False,True,False,False
0770_03,False,0.6835443037974683,False,True,False,False
0770_04,True,0.12658227848101267,False,True,False,False
0770_05,False,0.0,True,True,False,False
0770_06,True,0.08860759493670886,True,True,False,False
0771_01,True,0.31645569620253167,False,True,False,False
0772_01,False,0.46835443037974683,False,False,True,False
0772_02,True,0.18987341772151897,True,False,True,False
0772_03,True,0.3291139240506329,True,True,False,False
0772_04,False,0.08860759493670886,True,False,True,False
0773_01,False,0.37974683544303794,False,True,False,False
0776_01,False,0.24050632911392406,True,True,False,False
0777_01,False,0.37974683544303794,False,False,True,False
0779_01,False,0.26582278481012656,False,True,False,False
0781_01,False,0.26582278481012656,False,True,False,False
0782_01,True,0.7468354430379747,True,False,False,True
0784_01,True,0.35443037974683544,True,False,True,False
0785_01,False,0.4050632911392405,False,True,False,False
0786_01,True,0.24050632911392406,True,True,False,False
0787_01,True,0.08860759493670886,False,True,False,False
0788_01,False,0.20253164556962025,False,True,False,False
0789_01,False,0.3924050632911392,False,False,True,False
0789_02,False,0.37974683544303794,False,False,True,False
0789_03,True,0.3291139240506329,True,False,True,False
0790_01,True,0.25316455696202533,True,True,False,False
0791_01,True,0.3037974683544304,False,True,False,False
0793_01,False,0.49367088607594933,False,True,False,False
0794_01,False,0.24050632911392406,True,False,False,True
0794_02,True,0.34177215189873417,True,False,False,True
0795_01,False,0.43037974683544306,False,True,False,False
0796_01,True,0.35443037974683544,True,False,True,False
0797_01,False,0.3670886075949367,False,True,False,False
0798_01,True,0.4810126582278481,True,False,False,True
0799_01,False,0.3649105122463968,False,False,True,False
0802_01,True,0.012658227848101266,True,False,False,True
0805_01,False,0.45569620253164556,True,False,True,False
0806_01,False,0.3924050632911392,False,True,False,False
0806_02,False,0.012658227848101266,True,True,False,False
0808_01,False,0.3924050632911392,False,True,False,False
0809_01,False,0.12658227848101267,True,False,False,True
0809_02,False,0.3649105122463968,False,False,False,True
0809_03,False,0.5316455696202531,False,False,False,True
0809_04,False,0.0,True,False,False,True
0811_01,False,0.5189873417721519,False,False,False,True
0811_02,True,0.0,True,False,False,True
0811_03,False,0.0,True,False,False,True
0813_01,True,0.7468354430379747,True,False,False,True
0815_01,False,0.16455696202531644,False,True,False,False
0816_01,False,0.3037974683544304,False,False,True,False
0817_01,True,0.25316455696202533,False,True,False,False
0818_01,False,0.8987341772151899,True,False,True,False
0819_01,True,0.2911392405063291,True,True,False,False
0820_01,False,0.18987341772151897,True,True,False,False
0820_02,False,0.22784810126582278,False,True,False,False
0822_01,False,0.24050632911392406,True,True,False,False
0823_01,True,0.05063291139240506,True,True,False,False
0823_02,False,0.5316455696202531,True,True,False,False
0824_01,False,0.6455696202531646,False,False,False,True
0825_01,True,0.16455696202531644,True,True,False,False
0826_01,False,0.34177215189873417,True,True,False,False
0828_01,False,0.5316455696202531,False,True,False,False
0828_02,False,0.5189873417721519,True,True,False,False
0829_01,False,0.26582278481012656,True,True,False,False
0830_01,False,0.3924050632911392,True,True,False,False
0833_01,True,0.45569620253164556,True,False,True,False
0834_01,False,0.3924050632911392,False,True,False,False
0835_01,False,0.17721518987341772,False,True,False,False
0836_01,False,0.4050632911392405,False,False,False,True
0839_01,False,0.4050632911392405,False,False,True,False
0840_01,False,0.34177215189873417,False,True,False,False
0845_01,False,0.7215189873417721,False,False,True,False
0846_01,True,0.16455696202531644,False,True,False,False
0848_01,True,0.37974683544303794,True,False,False,True
0848_02,True,0.17721518987341772,True,False,False,True
0849_01,False,0.34177215189873417,True,False,True,False
0849_02,True,0.4050632911392405,True,False,True,False
0850_01,True,0.6835443037974683,True,False,False,True
0851_01,False,0.2911392405063291,False,True,False,False
0853_01,True,0.4810126582278481,True,True,False,False
0859_01,True,0.4050632911392405,True,True,False,False
0860_01,False,0.3037974683544304,False,True,False,False
0863_01,True,0.45569620253164556,False,True,False,False
0863_02,False,0.13924050632911392,False,True,False,False
0863_03,True,0.0759493670886076,False,True,False,False
0865_01,True,0.45569620253164556,True,False,True,False
0865_02,True,0.27848101265822783,True,False,True,False
0867_01,False,0.3649105122463968,False,True,False,False
0868_01,True,0.46835443037974683,True,True,False,False
0869_01,False,0.6962025316455696,False,True,False,False
0870_01,False,0.3649105122463968,False,True,False,False
0871_01,False,0.25316455696202533,True,False,True,False
0873_01,False,0.20253164556962025,False,True,False,False
0874_01,False,0.24050632911392406,False,True,False,False
0875_01,False,0.4810126582278481,False,True,False,False
0876_01,False,0.4430379746835443,False,True,False,False
0877_01,True,0.4177215189873418,True,False,True,False
0878_01,False,0.46835443037974683,False,False,False,True
0879_01,False,0.5822784810126582,False,True,False,False
0881_01,False,0.5189873417721519,False,False,True,False
0883_01,False,0.16455696202531644,False,True,False,False
0885_01,True,0.3924050632911392,False,True,False,False
0885_02,True,0.6582278481012658,True,True,False,False
0889_01,False,0.6075949367088608,False,False,True,False
0889_02,False,0.34177215189873417,True,False,True,False
0890_01,False,0.20253164556962025,False,False,False,True
0893_01,True,0.4050632911392405,True,True,False,False
0898_01,True,0.31645569620253167,False,True,False,False
0899_01,False,0.3291139240506329,True,True,False,False
0899_02,True,0.5569620253164557,False,True,False,False
0901_01,False,0.4050632911392405,True,False,False,True
0902_01,False,0.22784810126582278,True,True,False,False
0903_01,True,0.2911392405063291,False,True,False,False
0904_01,False,0.5569620253164557,False,False,True,False
0905_01,False,0.3670886075949367,False,False,False,True
0906_01,False,0.24050632911392406,True,True,False,False
0907_01,False,0.5189873417721519,False,False,True,False
0907_02,False,0.35443037974683544,False,False,True,False
0910_01,True,0.24050632911392406,True,True,False,False
0911_01,False,0.4050632911392405,False,False,False,True
0911_02,False,0.9367088607594937,True,True,False,False
0912_01,False,0.3924050632911392,True,False,True,False
0913_01,False,0.4810126582278481,False,False,True,False
0915_01,False,0.25316455696202533,False,True,False,False
0918_01,False,0.3037974683544304,False,True,False,False
0919_01,False,0.3291139240506329,False,True,False,False
0921_01,True,0.5569620253164557,False,True,False,False
0922_01,True,0.4177215189873418,True,False,True,False
0922_02,False,0.3924050632911392,False,False,True,False
0923_01,False,0.3649105122463968,True,False,True,False
0923_02,True,0.27848101265822783,True,False,True,False
0924_01,False,0.4177215189873418,False,True,False,False
0925_01,False,0.43037974683544306,False,False,False,True
0925_02,True,0.13924050632911392,True,False,False,True
0925_03,True,0.5189873417721519,True,False,False,True
0926_01,False,0.37974683544303794,True,False,True,False
0926_02,False,0.37974683544303794,False,False,True,False
0927_01,False,0.31645569620253167,False,True,False,False
0928_01,True,0.3924050632911392,True,True,False,False
0930_01,False,0.4810126582278481,False,True,False,False
0930_02,True,0.18987341772151897,True,True,False,False
0931_01,False,0.24050632911392406,True,True,False,False
0932_01,True,0.3670886075949367,True,False,False,True
0933_01,False,0.37974683544303794,True,False,True,False
0933_02,False,0.3670886075949367,False,False,True,False
0935_01,False,0.45569620253164556,False,True,False,False
0938_01,False,0.3037974683544304,False,True,False,False
0938_02,False,0.37974683544303794,True,True,False,False
0938_03,False,0.0,True,True,False,False
0939_01,True,0.18987341772151897,True,True,False,False
0940_01,False,0.4810126582278481,True,True,False,False
0941_01,False,0.16455696202531644,False,True,False,False
0942_01,False,0.22784810126582278,False,False,False,True
0944_01,False,0.20253164556962025,False,True,False,False
0944_02,False,0.10126582278481013,False,True,False,False
0946_01,False,0.24050632911392406,True,True,False,False
0947_01,False,0.3291139240506329,False,True,False,False
0949_01,True,0.18987341772151897,True,True,False,False
0951_01,True,0.4810126582278481,True,True,False,False
0952_01,False,0.569620253164557,False,False,False,True
0953_01,False,0.6075949367088608,False,True,False,False
0955_01,True,0.21518987341772153,False,True,False,False
0956_01,False,0.35443037974683544,True,True,False,False
0957_01,True,0.5189873417721519,True,False,False,True
0960_01,False,0.24050632911392406,False,True,False,False
0961_01,False,0.17721518987341772,True,True,False,False
0964_01,True,0.26582278481012656,True,False,True,False
0964_02,True,0.6075949367088608,True,False,True,False
0965_01,False,0.24050632911392406,False,False,False,True
0966_01,False,0.3670886075949367,False,True,False,False
0968_01,False,0.25316455696202533,False,True,False,False
0969_01,True,0.5569620253164557,True,False,False,True
0970_01,True,0.24050632911392406,True,True,False,False
0971_01,True,0.810126582278481,False,True,False,False
0972_01,False,0.26582278481012656,False,True,False,False
0975_01,False,0.4050632911392405,True,True,False,False
0976_01,True,0.25316455696202533,False,True,False,False
0978_01,False,0.3037974683544304,False,True,False,False
0979_01,False,0.5569620253164557,True,False,True,False
0982_01,True,0.7215189873417721,True,True,False,False
0982_02,False,0.6455696202531646,False,True,False,False
0983_01,True,0.43037974683544306,True,True,False,False
0984_01,False,0.569620253164557,False,True,False,False
0984_02,False,0.3037974683544304,False,True,False,False
0984_03,False,0.2911392405063291,False,True,False,False
0984_04,True,0.37974683544303794,True,True,False,False
0984_05,False,0.25316455696202533,False,True,False,False
0984_06,True,0.27848101265822783,True,True,False,False
0984_07,True,0.3649105122463968,False,True,False,False
0984_08,True,0.8987341772151899,True,True,False,False
0985_01,False,0.22784810126582278,True,True,False,False
0987_01,False,0.20253164556962025,False,True,False,False
0988_01,False,0.35443037974683544,False,True,False,False
0988_02,False,0.45569620253164556,True,True,False,False
0989_01,False,0.0759493670886076,False,True,False,False
0990_01,False,0.3291139240506329,False,True,False,False
0991_01,True,0.34177215189873417,False,True,False,False
0992_01,False,0.620253164556962,True,False,True,False
0992_02,False,0.3670886075949367,False,False,True,False
0992_03,False,0.5822784810126582,True,False,True,False
0992_04,False,0.4430379746835443,False,False,True,False
0992_05,True,0.21518987341772153,True,False,True,False
0992_06,False,0.46835443037974683,False,False,True,False
0993_01,False,0.3037974683544304,False,True,False,False
0994_01,True,0.5949367088607594,False,True,False,False
0994_02,False,0.3291139240506329,False,True,False,False
0995_01,True,0.5822784810126582,True,False,True,False
0997_01,False,0.34177215189873417,False,False,False,True
0998_01,False,0.7088607594936709,True,False,True,False
1000_01,False,0.22784810126582278,False,False,False,True
1001_01,True,0.18987341772151897,False,True,False,False
1002_01,False,0.0379746835443038,True,False,False,True
1002_02,False,0.5316455696202531,False,False,False,True
1002_03,True,0.012658227848101266,True,False,False,True
1004_01,True,0.7088607594936709,True,False,True,False
1005_01,False,0.25316455696202533,False,True,False,False
1006_01,False,0.26582278481012656,False,True,False,False
1006_02,True,0.06329113924050633,True,True,False,False
1006_03,False,0.1518987341772152,True,True,False,False
1008_01,True,0.49367088607594933,True,False,True,False
1008_02,True,0.7594936708860759,True,False,True,False
1011_01,False,0.3924050632911392,False,True,False,False
1011_02,True,0.7341772151898734,False,True,False,False
1012_01,True,0.24050632911392406,True,True,False,False
1013_01,True,0.3670886075949367,False,True,False,False
1014_01,True,0.24050632911392406,True,False,False,True
1015_01,False,0.5569620253164557,False,True,False,False
1017_01,False,0.25316455696202533,False,True,False,False
1018_01,True,0.22784810126582278,True,True,False,False
1019_01,False,0.45569620253164556,True,True,False,False
1020_01,True,0.31645569620253167,True,False,False,True
1022_01,False,0.18987341772151897,False,True,False,False
1024_01,False,0.22784810126582278,False,True,False,False
1024_02,True,0.0,True,True,False,False
1024_03,False,0.6835443037974683,False,True,False,False
1024_04,False,0.0,False,True,False,False
1025_01,False,0.25316455696202533,False,True,False,False
1026_01,True,0.26582278481012656,False,True,False,False
1027_01,False,0.10126582278481013,True,False,False,True
1027_02,False,0.5822784810126582,False,False,False,True
1027_03,False,0.3924050632911392,False,False,False,True
1027_04,False,0.0379746835443038,True,False,False,True
1029_01,True,0.37974683544303794,True,False,False,True
1030_01,False,0.2911392405063291,False,True,False,False
1031_01,False,0.17721518987341772,False,True,False,False
1032_01,True,0.31645569620253167,False,True,False,False
1033_01,True,0.7721518987341772,True,True,False,False
1034_01,False,0.3924050632911392,False,True,False,False
1035_01,False,0.16455696202531644,True,False,False,True
1036_01,True,0.3037974683544304,True,True,False,False
1038_01,False,0.5949367088607594,False,True,False,False
1040_01,False,0.18987341772151897,True,True,False,False
1041_01,True,0.5822784810126582,True,False,True,False
1043_01,False,0.620253164556962,False,True,False,False
1045_01,False,0.46835443037974683,False,False,True,False
1045_02,False,0.5569620253164557,False,False,True,False
1046_01,False,0.20253164556962025,False,True,False,False
1047_01,True,0.7341772151898734,True,True,False,False
1048_01,False,0.25316455696202533,True,True,False,False
1049_01,True,0.45569620253164556,True,False,False,True
1049_02,True,0.3924050632911392,True,False,False,True
1051_01,False,0.26582278481012656,False,True,False,False
1052_01,False,0.27848101265822783,False,True,False,False
1053_01,False,0.34177215189873417,False,True,False,False
1054_01,False,0.7341772151898734,True,True,False,False
1056_01,True,0.4810126582278481,True,True,False,False
1056_02,True,0.37974683544303794,True,False,False,True
1057_01,True,0.25316455696202533,True,False,True,False
1058_01,False,0.24050632911392406,False,True,False,False
1060_01,False,0.7215189873417721,False,True,False,False
1062_01,False,0.3291139240506329,False,True,False,False
1063_01,False,0.4810126582278481,True,True,False,False
1063_02,True,0.18987341772151897,True,False,True,False
1065_01,True,0.3649105122463968,True,False,False,True
1066_01,True,0.4430379746835443,True,False,False,True
1068_01,True,0.4810126582278481,False,True,False,False
1071_01,False,0.4430379746835443,False,True,False,False
1075_01,True,0.17721518987341772,True,False,True,False
1075_02,True,0.34177215189873417,True,False,True,False
1076_01,True,0.31645569620253167,False,True,False,False
1077_01,False,0.46835443037974683,False,True,False,False
1078_01,False,0.31645569620253167,False,True,False,False
1079_01,False,0.5189873417721519,False,True,False,False
1080_01,False,0.6329113924050633,False,False,False,True
1082_01,False,0.4177215189873418,False,False,False,True
1083_01,True,0.34177215189873417,True,False,False,True
1083_02,True,0.2911392405063291,True,False,False,True
1083_03,False,0.22784810126582278,True,False,False,True
1084_01,False,0.3924050632911392,False,True,False,False
1085_01,False,0.6835443037974683,False,True,False,False
1086_01,True,0.0,True,True,False,False
1086_02,False,0.13924050632911392,False,True,False,False
1086_03,True,0.05063291139240506,False,True,False,False
1086_04,False,0.24050632911392406,True,True,False,False
1086_05,False,0.08860759493670886,True,True,False,False
1088_01,True,0.25316455696202533,False,True,False,False
1089_01,True,0.4177215189873418,True,True,False,False
1089_02,False,0.3291139240506329,False,False,True,False
1091_01,True,0.4430379746835443,True,False,False,True
1093_01,False,0.2911392405063291,True,False,False,True
1094_01,False,0.7594936708860759,False,True,False,False
1095_01,True,0.43037974683544306,True,False,True,False
1096_01,False,0.3649105122463968,False,True,False,False
1097_01,True,0.5316455696202531,True,False,False,True
1099_01,False,0.27848101265822783,False,True,False,False
1100_01,False,0.22784810126582278,False,False,False,True
1100_02,False,0.06329113924050633,True,False,False,True
1100_03,False,0.22784810126582278,False,False,False,True
1100_04,False,0.3670886075949367,False,False,False,True
1102_01,False,0.49367088607594933,False,False,False,True
1105_01,False,0.21518987341772153,False,True,False,False
1108_01,False,0.7341772151898734,False,False,False,True
1108_02,True,0.06329113924050633,True,False,False,True
1110_01,False,0.2911392405063291,False,False,True,False
1110_02,False,0.3291139240506329,True,False,True,False
1112_01,False,0.5063291139240507,True,False,True,False
1113_01,False,0.25316455696202533,True,True,False,False
1114_01,False,0.4810126582278481,False,False,False,True
1114_02,False,0.3924050632911392,False,False,False,True
1115_01,True,0.43037974683544306,True,True,False,False
1116_01,False,0.11392405063291139,True,True,False,False
1116_02,False,0.45569620253164556,True,True,False,False
1116_03,True,0.3291139240506329,True,True,False,False
1117_01,False,0.22784810126582278,False,True,False,False
1121_01,False,0.6962025316455696,True,True,False,False
1123_01,False,0.35443037974683544,False,False,True,False
1127_01,True,0.22784810126582278,True,False,True,False
1129_01,False,0.35443037974683544,False,True,False,False
1130_01,True,0.2911392405063291,False,False,False,True
1130_02,False,0.25316455696202533,True,False,False,True
1132_01,True,0.27848101265822783,False,True,False,False
1133_01,False,0.34177215189873417,True,False,False,True
1134_01,True,0.16455696202531644,True,False,True,False
1136_01,False,0.4050632911392405,True,True,False,False
1140_01,False,0.6708860759493671,True,False,True,False
1140_02,True,0.43037974683544306,True,False,True,False
1140_03,True,0.5316455696202531,True,False,True,False
1141_01,True,0.24050632911392406,True,True,False,False
1142_01,False,0.6835443037974683,True,True,False,False
1144_01,False,0.1518987341772152,True,True,False,False
1144_02,False,0.4430379746835443,False,True,False,False
1144_03,False,0.6962025316455696,False,True,False,False
1146_01,False,0.3291139240506329,False,True,False,False
1147_01,True,0.620253164556962,True,False,True,False
1148_01,True,0.27848101265822783,True,False,True,False
1148_02,False,0.3649105122463968,False,False,True,False
1148_03,False,0.37974683544303794,False,False,True,False
1148_04,False,0.49367088607594933,True,False,True,False
1148_05,True,0.17721518987341772,True,False,True,False
1148_06,True,0.3670886075949367,True,False,True,False
1148_07,False,0.43037974683544306,False,False,True,False
1149_01,False,0.10126582278481013,True,True,False,False
1149_02,False,0.08860759493670886,False,True,False,False
1149_03,True,0.0379746835443038,False,True,False,False
1149_04,False,0.0,False,True,False,False
1149_05,False,0.12658227848101267,False,True,False,False
1150_01,True,0.20253164556962025,False,True,False,False
1152_01,False,0.5189873417721519,False,False,False,True
1153_01,True,0.22784810126582278,True,True,False,False
1154_01,True,0.31645569620253167,True,False,True,False
1154_02,True,0.4050632911392405,True,False,True,False
1154_03,True,0.3291139240506329,True,False,True,False
1155_01,False,0.3291139240506329,False,True,False,False
1155_02,True,0.22784810126582278,True,True,False,False
1156_01,False,0.34177215189873417,False,False,True,False
1156_02,True,0.3291139240506329,True,False,True,False
1161_01,False,0.35443037974683544,True,False,True,False
1161_02,False,0.24050632911392406,False,False,True,False
1162_01,False,0.3924050632911392,True,False,True,False
1163_01,False,0.4430379746835443,True,True,False,False
1165_01,False,0.5822784810126582,False,False,True,False
1165_02,False,0.46835443037974683,False,False,True,False
1165_03,True,0.3670886075949367,True,False,True,False
1165_04,True,0.21518987341772153,True,False,True,False
1166_01,False,0.37974683544303794,False,False,True,False
1167_01,True,0.35443037974683544,True,False,False,True
1168_01,False,0.20253164556962025,False,True,False,False
1169_01,False,0.5063291139240507,False,False,False,True
1170_01,False,0.2911392405063291,False,True,False,False
1173_01,False,0.3037974683544304,True,True,False,False
1174_01,True,0.45569620253164556,True,True,False,False
1175_01,True,0.43037974683544306,True,False,False,True
1177_01,True,0.7468354430379747,True,False,True,False
1178_01,False,0.25316455696202533,False,True,False,False
1179_01,True,0.18987341772151897,True,False,True,False
1180_01,False,0.24050632911392406,False,True,False,False
1182_01,True,0.810126582278481,True,False,False,True
1182_02,False,0.3037974683544304,True,False,False,True
1182_03,False,0.2911392405063291,True,False,False,True
1185_01,False,0.37974683544303794,False,False,False,True
1186_01,False,0.0,True,True,False,False
1186_02,False,0.10126582278481013,False,True,False,False
1186_03,True,0.012658227848101266,False,True,False,False
1186_04,False,0.6075949367088608,True,True,False,False
1186_05,False,0.1518987341772152,False,True,False,False
1187_01,False,0.37974683544303794,False,True,False,False
1187_02,False,0.12658227848101267,False,True,False,False
1187_03,False,0.13924050632911392,False,True,False,False
1188_01,False,0.7341772151898734,False,False,True,False
1190_01,False,0.6582278481012658,True,True,False,False
1191_01,False,0.45569620253164556,False,True,False,False
1192_01,False,0.4050632911392405,False,True,False,False
1193_01,True,0.20253164556962025,True,False,True,False
1193_02,True,0.31645569620253167,True,False,True,False
1195_01,False,0.35443037974683544,True,True,False,False
1197_01,False,0.4050632911392405,False,False,True,False
1198_01,False,0.35443037974683544,True,False,False,True
1199_01,False,0.20253164556962025,False,True,False,False
1203_01,False,0.6329113924050633,False,False,True,False
1206_01,False,0.25316455696202533,False,True,False,False
1208_01,False,0.2911392405063291,False,True,False,False
1210_01,True,0.569620253164557,True,True,False,False
1210_02,False,0.2911392405063291,False,True,False,False
1211_01,True,0.6708860759493671,False,True,False,False
1211_02,True,0.10126582278481013,False,True,False,False
1211_03,True,0.0759493670886076,True,True,False,False
1211_04,True,0.0379746835443038,False,True,False,False
1211_05,False,0.16455696202531644,True,True,False,False
1211_06,True,0.7594936708860759,False,True,False,False
1211_07,False,0.012658227848101266,True,True,False,False
1212_01,False,0.5063291139240507,False,True,False,False
1213_01,False,0.6455696202531646,True,True,False,False
1214_01,True,0.3924050632911392,True,True,False,False
1215_01,True,0.35443037974683544,True,True,False,False
1216_01,False,0.25316455696202533,True,True,False,False
1218_01,False,0.17721518987341772,False,True,False,False
1220_01,False,0.2911392405063291,False,False,True,False
1221_01,False,0.05063291139240506,False,True,False,False
1221_02,False,0.25316455696202533,False,True,False,False
1222_01,False,0.9493670886075949,False,True,False,False
1223_01,True,0.3037974683544304,True,False,True,False
1225_01,False,0.22784810126582278,True,True,False,False
1228_01,True,0.26582278481012656,True,False,False,True
1228_02,False,0.7468354430379747,True,False,False,True
1229_01,False,0.34177215189873417,True,True,False,False
1230_01,False,0.4810126582278481,False,True,False,False
1231_01,True,0.5189873417721519,False,False,False,True
1232_01,True,0.45569620253164556,True,False,True,False
1232_02,False,0.3670886075949367,False,False,True,False
1233_01,True,0.27848101265822783,True,True,False,False
1234_01,False,0.2911392405063291,True,True,False,False
1235_01,False,0.4050632911392405,True,True,False,False
1236_01,False,0.26582278481012656,False,True,False,False
1238_01,False,0.3291139240506329,True,False,True,False
1238_02,True,0.7721518987341772,True,False,True,False
1239_01,False,0.37974683544303794,True,True,False,False
1240_01,False,0.5063291139240507,True,True,False,False
1242_01,False,0.46835443037974683,True,False,True,False
1243_01,False,0.5189873417721519,False,False,True,False
1243_02,False,0.4050632911392405,False,False,True,False
1246_01,False,0.37974683544303794,False,True,False,False
1248_01,False,0.34177215189873417,True,True,False,False
1250_01,False,0.27848101265822783,False,True,False,False
1254_01,False,0.6835443037974683,False,False,False,True
1254_02,False,0.34177215189873417,False,False,False,True
1255_01,True,0.6582278481012658,True,False,False,True
1255_02,True,0.18987341772151897,True,False,False,True
1256_01,False,0.34177215189873417,False,False,False,True
1258_01,False,0.37974683544303794,False,False,True,False
1259_01,False,0.24050632911392406,False,True,False,False
1260_01,True,0.27848101265822783,True,True,False,False
1261_01,False,0.5443037974683544,False,False,True,False
1263_01,False,0.31645569620253167,False,False,False,True
1264_01,False,0.6455696202531646,False,True,False,False
1267_01,True,0.43037974683544306,True,True,False,False
1269_01,False,0.26582278481012656,False,False,False,True
1271_01,True,0.26582278481012656,False,True,False,False
1273_01,False,0.2911392405063291,False,True,False,False
1274_01,False,0.4810126582278481,False,True,False,False
1278_01,True,0.37974683544303794,False,True,False,False
1279_01,True,0.3924050632911392,True,False,True,False
1280_01,False,0.5569620253164557,True,True,False,False
1281_01,True,0.17721518987341772,False,True,False,False
1282_01,True,0.22784810126582278,False,True,False,False
1283_01,False,0.24050632911392406,False,True,False,False
1284_01,True,0.3649105122463968,True,False,False,True
1285_01,False,0.45569620253164556,False,True,False,False
1286_01,True,0.12658227848101267,True,False,False,True
1287_01,True,0.012658227848101266,True,False,False,True
1287_02,True,0.05063291139240506,True,False,False,True
1287_03,False,0.26582278481012656,False,False,False,True
1288_01,False,0.3037974683544304,False,True,False,False
1289_01,False,0.10126582278481013,False,True,False,False
1289_02,False,0.22784810126582278,False,True,False,False
1291_01,False,0.4177215189873418,False,False,False,True
1292_01,False,0.3924050632911392,True,False,True,False
1292_02,False,0.5443037974683544,True,False,True,False
1293_01,False,0.25316455696202533,False,True,False,False
1294_01,True,0.35443037974683544,True,False,True,False
1294_02,True,0.37974683544303794,True,False,True,False
1294_03,False,0.35443037974683544,False,False,True,False
1295_01,False,0.24050632911392406,False,True,False,False
1299_01,False,0.27848101265822783,True,True,False,False
1300_01,False,0.34177215189873417,False,True,False,False
1302_01,False,0.27848101265822783,True,False,False,True
1304_01,True,0.02531645569620253,True,True,False,False
1304_02,False,0.05063291139240506,False,True,False,False
1304_03,False,0.12658227848101267,False,True,False,False
1304_04,False,0.11392405063291139,True,True,False,False
1304_05,True,0.46835443037974683,False,True,False,False
1304_06,False,0.02531645569620253,True,True,False,False
1306_01,False,0.5569620253164557,True,False,True,False
1306_02,False,0.13924050632911392,True,False,True,False
1307_01,True,0.27848101265822783,False,True,False,False
1308_01,True,0.5063291139240507,True,False,True,False
1308_02,False,0.37974683544303794,False,False,True,False
1308_03,False,0.46835443037974683,False,False,True,False
1308_04,True,0.3291139240506329,True,False,True,False
1309_01,False,0.24050632911392406,True,True,False,False
1310_01,False,0.7215189873417721,False,False,True,False
1311_01,False,0.012658227848101266,True,False,False,True
1311_02,False,0.21518987341772153,False,False,False,True
1311_03,False,0.3291139240506329,False,False,False,True
1312_01,True,0.26582278481012656,True,True,False,False
1316_01,True,0.35443037974683544,True,False,True,False
1316_02,False,0.45569620253164556,False,False,True,False
1317_01,False,0.31645569620253167,False,False,False,True
1322_01,True,0.5063291139240507,True,True,False,False
1323_01,True,0.2911392405063291,True,True,False,False
1324_01,True,0.02531645569620253,False,True,False,False
1324_02,False,0.12658227848101267,False,True,False,False
1324_03,True,0.5443037974683544,True,True,False,False
1325_01,True,0.0,True,True,False,False
1325_02,False,0.3037974683544304,False,True,False,False
1325_03,True,0.5316455696202531,True,True,False,False
1326_01,False,0.37974683544303794,False,False,False,True
1326_02,False,0.24050632911392406,False,False,False,True
1328_01,True,0.3291139240506329,False,True,False,False
1330_01,False,0.5949367088607594,False,False,False,True
1330_02,False,0.35443037974683544,True,False,False,True
1331_01,True,0.3037974683544304,True,True,False,False
1332_01,False,0.3670886075949367,False,True,False,False
1333_01,False,0.4050632911392405,False,True,False,False
1335_01,True,0.5569620253164557,False,True,False,False
1336_01,True,0.21518987341772153,True,True,False,False
1337_01,False,0.4430379746835443,False,True,False,False
1340_01,True,0.2911392405063291,False,True,False,False
1342_01,False,0.43037974683544306,False,True,False,False
1345_01,False,0.31645569620253167,False,True,False,False
1347_01,False,0.8481012658227848,True,True,False,False
1348_01,False,0.27848101265822783,False,False,True,False
1348_02,True,0.3649105122463968,True,False,True,False
1350_01,True,0.34177215189873417,True,True,False,False
1350_02,False,0.17721518987341772,False,True,False,False
1350_03,False,0.5316455696202531,False,True,False,False
1350_04,True,0.24050632911392406,False,True,False,False
1351_01,False,0.27848101265822783,False,True,False,False
1352_01,False,0.3924050632911392,False,False,False,True
1353_01,False,0.12658227848101267,True,False,False,True
1353_02,False,0.49367088607594933,False,False,False,True
1353_03,True,0.5189873417721519,True,False,False,True
1353_04,False,0.0,True,False,False,True
1355_01,True,0.27848101265822783,True,True,False,False
1356_01,False,0.26582278481012656,False,True,False,False
1357_01,True,0.5063291139240507,True,False,False,True
1360_01,False,0.31645569620253167,True,True,False,False
1362_01,False,0.2911392405063291,False,True,False,False
1365_01,False,0.4177215189873418,False,False,True,False
1365_02,True,0.25316455696202533,True,False,True,False
1366_01,True,0.5063291139240507,True,True,False,False
1368_01,True,0.34177215189873417,False,True,False,False
1370_01,False,0.26582278481012656,False,True,False,False
1371_01,False,0.31645569620253167,False,False,False,True
1375_01,False,0.02531645569620253,False,True,False,False
1375_02,False,0.24050632911392406,False,True,False,False
1376_01,True,0.5189873417721519,False,True,False,False
1377_01,False,0.5443037974683544,True,False,True,False
1378_01,False,0.24050632911392406,False,True,False,False
1378_02,False,0.27848101265822783,True,True,False,False
1379_01,False,0.20253164556962025,False,True,False,False
1380_01,False,0.5316455696202531,False,False,True,False
1381_01,True,0.25316455696202533,True,True,False,False
1382_01,False,0.4430379746835443,False,True,False,False
1383_01,True,0.6708860759493671,True,False,True,False
1384_01,False,0.21518987341772153,False,True,False,False
1384_02,True,0.0759493670886076,False,True,False,False
1384_03,False,0.27848101265822783,True,True,False,False
1384_04,False,0.5189873417721519,True,True,False,False
1384_05,False,0.24050632911392406,True,True,False,False
1385_01,False,0.49367088607594933,False,True,False,False
1386_01,True,0.2911392405063291,True,True,False,False
1387_01,False,0.3924050632911392,False,False,False,True
1389_01,True,0.4810126582278481,True,True,False,False
1390_01,True,0.012658227848101266,True,True,False,False
1391_01,True,0.16455696202531644,True,False,False,True
1391_02,False,0.26582278481012656,False,False,False,True
1391_03,False,0.5569620253164557,False,False,False,True
1393_01,False,0.45569620253164556,False,False,False,True
1393_02,False,0.24050632911392406,False,False,False,True
1395_01,False,0.08860759493670886,True,True,False,False
1397_01,False,0.49367088607594933,False,True,False,False
1398_01,False,0.35443037974683544,True,True,False,False
1399_01,False,0.35443037974683544,False,True,False,False
1400_01,True,0.17721518987341772,True,True,False,False
1401_01,False,0.22784810126582278,False,True,False,False
1402_01,True,0.2911392405063291,True,True,False,False
1402_02,True,0.4177215189873418,True,True,False,False
1403_01,False,0.22784810126582278,False,True,False,False
1404_01,False,0.5949367088607594,False,False,True,False
1404_02,False,0.5316455696202531,False,False,True,False
1406_01,False,0.21518987341772153,False,False,False,True
1407_01,False,0.26582278481012656,False,True,False,False
1407_02,False,0.21518987341772153,True,True,False,False
1408_01,False,0.3291139240506329,False,True,False,False
1410_01,False,0.2911392405063291,False,True,False,False
1412_01,False,0.18987341772151897,False,True,False,False
1413_01,True,0.22784810126582278,False,True,False,False
1414_01,False,0.8227848101265822,False,True,False,False
1415_01,False,0.4177215189873418,True,False,True,False
1416_01,True,0.34177215189873417,False,True,False,False
1417_01,False,0.5189873417721519,False,False,True,False
1419_01,False,0.5316455696202531,False,False,False,True
1420_01,True,0.3649105122463968,False,False,False,True
1421_01,False,0.46835443037974683,False,False,False,True
1421_02,False,0.21518987341772153,False,False,False,True
1423_01,True,0.3037974683544304,True,False,True,False
1423_02,True,0.49367088607594933,True,False,True,False
1423_03,True,0.7468354430379747,True,False,True,False
1424_01,True,0.4050632911392405,True,False,True,False
1424_02,False,0.3670886075949367,False,False,True,False
1424_03,False,0.10126582278481013,True,False,True,False
1424_04,False,0.35443037974683544,True,False,True,False
1424_05,True,0.4430379746835443,True,False,True,False
1425_01,False,0.3037974683544304,False,True,False,False
1425_02,True,0.012658227848101266,True,True,False,False
1425_03,True,0.05063291139240506,True,True,False,False
1426_01,True,0.35443037974683544,True,False,True,False
1427_01,True,0.5822784810126582,True,False,False,True
1427_02,False,0.8481012658227848,False,False,False,True
1428_01,False,0.5569620253164557,False,True,False,False
1430_01,False,0.17721518987341772,False,True,False,False
1431_01,False,0.2911392405063291,True,True,False,False
1433_01,True,0.6455696202531646,False,True,False,False
1434_01,False,0.25316455696202533,False,True,False,False
1434_02,False,0.0,True,True,False,False
1434_03,True,0.0,False,True,False,False
1435_01,False,0.2911392405063291,False,True,False,False
1438_01,False,0.3037974683544304,False,True,False,False
1439_01,False,0.5189873417721519,False,False,False,True
1439_02,False,0.37974683544303794,False,False,False,True
1440_01,False,0.34177215189873417,False,True,False,False
1442_01,True,0.16455696202531644,True,True,False,False
1443_01,True,0.20253164556962025,True,True,False,False
1444_01,False,0.37974683544303794,True,False,True,False
1445_01,False,0.10126582278481013,True,True,False,False
1447_01,False,0.7468354430379747,False,True,False,False
1450_01,True,0.5443037974683544,True,False,True,False
1450_02,False,0.37974683544303794,False,False,True,False
1451_01,False,0.5822784810126582,False,False,True,False
1451_02,True,0.49367088607594933,True,False,True,False
1452_01,False,0.26582278481012656,False,False,True,False
1452_02,True,0.8860759493670886,True,False,True,False
1452_03,False,0.43037974683544306,False,False,True,False
1452_04,False,0.4177215189873418,False,False,True,False
1452_05,True,0.5569620253164557,True,False,True,False
1453_01,False,0.20253164556962025,False,True,False,False
1453_02,False,0.7974683544303798,True,True,False,False
1454_01,False,0.46835443037974683,False,False,True,False
1455_01,True,0.3670886075949367,True,False,True,False
1455_02,False,0.3670886075949367,True,False,True,False
1455_03,True,0.27848101265822783,True,False,True,False
1455_04,False,0.3291139240506329,True,False,True,False
1455_05,False,0.9620253164556962,False,False,True,False
1457_01,False,0.7721518987341772,False,True,False,False
1458_01,False,0.5822784810126582,False,True,False,False
1460_01,False,0.24050632911392406,True,True,False,False
1460_02,True,0.16455696202531644,True,True,False,False
1461_01,True,0.3649105122463968,False,True,False,False
1462_01,True,0.37974683544303794,True,True,False,False
1463_01,False,0.2911392405063291,False,True,False,False
1465_01,False,0.7974683544303798,False,True,False,False
1467_01,False,0.26582278481012656,False,True,False,False
1474_01,True,0.4050632911392405,True,False,False,True
1478_01,False,0.4177215189873418,False,True,False,False
1478_02,False,0.49367088607594933,False,True,False,False
1479_01,True,0.620253164556962,True,False,False,True
1481_01,False,0.34177215189873417,False,False,False,True
1484_01,False,0.20253164556962025,False,True,False,False
1485_01,True,0.4810126582278481,True,False,False,True
1488_01,True,0.5316455696202531,True,False,False,True
1489_01,False,0.24050632911392406,False,True,False,False
1490_01,False,0.3291139240506329,False,False,True,False
1491_01,False,0.4050632911392405,True,True,False,False
1491_02,False,0.7088607594936709,False,True,False,False
1491_03,False,0.0,True,True,False,False
1493_01,False,0.4810126582278481,False,True,False,False
1498_01,False,0.37974683544303794,False,True,False,False
1499_01,False,0.26582278481012656,False,True,False,False
1500_01,False,0.13924050632911392,False,True,False,False
1500_02,False,0.0379746835443038,False,True,False,False
1500_03,False,0.21518987341772153,True,True,False,False
1500_04,False,0.4430379746835443,True,True,False,False
1500_05,False,0.21518987341772153,False,True,False,False
1500_06,True,0.0,True,True,False,False
1500_07,True,0.5822784810126582,True,True,False,False
1501_01,False,0.7974683544303798,False,True,False,False
1503_01,False,0.4430379746835443,False,False,False,True
1503_02,False,0.7721518987341772,False,False,False,True
1506_01,False,0.24050632911392406,True,True,False,False
1507_01,False,0.5443037974683544,True,True,False,False
1507_02,False,0.17721518987341772,False,True,False,False
1507_03,False,0.9873417721518987,False,True,False,False
1507_04,False,0.26582278481012656,False,True,False,False
1509_01,False,0.4050632911392405,False,False,False,True
1510_01,False,0.3924050632911392,False,False,False,True
1511_01,False,0.5063291139240507,True,False,True,False
1511_02,True,0.16455696202531644,True,False,True,False
1511_03,False,0.45569620253164556,False,False,True,False
1511_04,False,0.3924050632911392,False,False,True,False
1515_01,False,0.22784810126582278,False,True,False,False
1520_01,True,0.5063291139240507,True,True,False,False
1521_01,True,0.35443037974683544,True,False,False,True
1523_01,True,0.5189873417721519,True,False,True,False
1523_02,True,0.4430379746835443,True,False,True,False
1524_01,True,0.17721518987341772,True,True,False,False
1525_01,False,0.25316455696202533,True,False,False,True
1526_01,False,0.2911392405063291,False,True,False,False
1527_01,True,0.27848101265822783,True,False,True,False
1527_02,False,0.31645569620253167,True,False,True,False
1528_01,False,0.22784810126582278,True,False,False,True
1529_01,False,0.31645569620253167,True,False,True,False
1529_02,False,0.37974683544303794,True,False,True,False
1531_01,False,0.5822784810126582,False,True,False,False
1532_01,False,0.34177215189873417,False,False,True,False
1533_01,False,0.6708860759493671,False,True,False,False
1536_01,True,0.26582278481012656,True,False,False,True
1539_01,False,0.4050632911392405,True,False,True,False
1540_01,False,0.4050632911392405,False,False,True,False
1540_02,False,0.4177215189873418,True,False,True,False
1540_03,False,0.3291139240506329,False,False,True,False
1541_01,False,0.5949367088607594,True,True,False,False
1542_01,False,0.16455696202531644,False,False,False,True
1543_01,True,0.43037974683544306,True,False,True,False
1544_01,False,0.26582278481012656,False,True,False,False
1545_01,False,0.25316455696202533,True,False,False,True
1547_01,False,0.26582278481012656,False,True,False,False
1548_01,True,0.6455696202531646,True,False,True,False
1548_02,True,0.22784810126582278,True,False,True,False
1550_01,False,0.3291139240506329,False,False,True,False
1550_02,False,0.6708860759493671,False,False,True,False
1551_01,False,0.37974683544303794,True,False,True,False
1552_01,True,0.46835443037974683,False,True,False,False
1555_01,False,0.569620253164557,False,False,True,False
1558_01,False,0.7848101265822784,False,True,False,False
1560_01,False,0.4810126582278481,False,True,False,False
1561_01,False,0.3037974683544304,False,True,False,False
1562_01,False,0.22784810126582278,False,True,False,False
1564_01,True,0.2911392405063291,False,False,False,True
1565_01,False,0.20253164556962025,False,True,False,False
1567_01,True,0.46835443037974683,True,False,True,False
1568_01,False,0.27848101265822783,False,True,False,False
1568_02,True,0.22784810126582278,True,True,False,False
1569_01,True,0.31645569620253167,True,False,False,True
1572_01,False,0.3291139240506329,False,True,False,False
1572_02,False,0.31645569620253167,False,True,False,False
1573_01,False,0.6962025316455696,False,False,False,True
1576_01,False,0.35443037974683544,False,False,False,True
1577_01,False,0.2911392405063291,True,True,False,False
1578_01,False,0.27848101265822783,False,True,False,False
1579_01,False,0.3291139240506329,True,True,False,False
1580_01,False,0.16455696202531644,False,True,False,False
1580_02,False,0.22784810126582278,False,True,False,False
1581_01,True,0.4810126582278481,True,False,False,True
1581_02,True,0.35443037974683544,True,False,False,True
1584_01,False,0.7215189873417721,False,True,False,False
1584_02,True,0.0,False,True,False,False
1585_01,True,0.22784810126582278,True,True,False,False
1588_01,True,0.31645569620253167,True,False,True,False
1588_02,False,0.4430379746835443,True,False,True,False
1590_01,False,0.46835443037974683,True,False,True,False
1590_02,False,0.4177215189873418,False,False,True,False
1592_01,False,0.4430379746835443,True,False,True,False
1592_02,False,0.5949367088607594,True,False,True,False
1593_01,False,0.2911392405063291,False,True,False,False
1594_01,False,0.3649105122463968,True,True,False,False
1595_01,False,0.34177215189873417,True,False,True,False
1596_01,True,0.2911392405063291,True,False,True,False
1597_01,True,0.3924050632911392,True,True,False,False
1599_01,True,0.24050632911392406,True,False,True,False
1599_02,True,0.6708860759493671,True,False,True,False
1601_01,False,0.46835443037974683,False,True,False,False
1602_01,False,0.22784810126582278,False,True,False,False
1603_01,False,0.5316455696202531,False,True,False,False
1603_02,True,0.08860759493670886,True,True,False,False
1603_03,False,0.08860759493670886,True,True,False,False
1604_01,False,0.3037974683544304,False,True,False,False
1606_01,False,0.25316455696202533,True,False,True,False
1608_01,False,0.3037974683544304,False,True,False,False
1611_01,False,0.5316455696202531,True,True,False,False
1612_01,False,0.620253164556962,True,False,True,False
1612_02,True,0.5949367088607594,True,False,True,False
1613_01,False,0.20253164556962025,False,True,False,False
1614_01,False,0.3291139240506329,False,False,False,True
1615_01,False,0.3037974683544304,False,True,False,False
1615_02,True,0.4810126582278481,True,True,False,False
1615_03,False,0.0,True,True,False,False
1617_01,False,0.46835443037974683,False,False,False,True
1619_01,True,0.49367088607594933,True,True,False,False
1621_01,False,0.31645569620253167,True,True,False,False
1621_02,False,0.31645569620253167,False,True,False,False
1622_01,True,0.4430379746835443,True,False,False,True
1624_01,True,0.0,True,True,False,False
1624_02,False,0.5822784810126582,True,True,False,False
1624_03,False,0.05063291139240506,True,True,False,False
1625_01,True,0.24050632911392406,True,False,True,False
1625_02,False,0.3670886075949367,False,False,True,False
1626_01,False,0.24050632911392406,False,True,False,False
1628_01,True,0.5949367088607594,True,False,True,False
1630_01,True,0.012658227848101266,True,True,False,False
1630_02,True,0.05063291139240506,False,True,False,False
1630_03,False,0.46835443037974683,False,True,False,False
1631_01,False,0.7721518987341772,False,True,False,False
1632_01,True,0.4050632911392405,True,False,True,False
1633_01,True,0.05063291139240506,True,True,False,False
1633_02,True,0.20253164556962025,True,True,False,False
1634_01,True,0.31645569620253167,False,True,False,False
1635_01,False,0.27848101265822783,False,True,False,False
1636_01,False,0.5189873417721519,False,True,False,False
1637_01,True,0.31645569620253167,True,True,False,False
1638_01,False,0.24050632911392406,False,True,False,False
1640_01,False,0.26582278481012656,True,True,False,False
1644_01,False,0.17721518987341772,False,True,False,False
1645_01,True,0.22784810126582278,False,True,False,False
1646_01,False,0.43037974683544306,True,True,False,False
1647_01,False,0.4177215189873418,False,True,False,False
1649_01,True,0.17721518987341772,False,True,False,False
1650_01,True,0.35443037974683544,True,True,False,False
1651_01,True,0.5443037974683544,False,True,False,False
1651_02,False,0.0379746835443038,True,True,False,False
1651_03,True,0.0,True,True,False,False
1653_01,False,0.5949367088607594,False,False,True,False
1655_01,False,0.35443037974683544,False,True,False,False
1655_02,False,0.5063291139240507,True,True,False,False
1656_01,False,0.21518987341772153,False,True,False,False
1657_01,False,0.26582278481012656,False,True,False,False
1658_01,False,0.3649105122463968,True,False,False,True
1659_01,False,0.5189873417721519,False,True,False,False
1660_01,False,0.25316455696202533,False,True,False,False
1661_01,False,0.7088607594936709,False,False,True,False
1661_02,False,0.7215189873417721,False,False,True,False
1661_03,True,0.6075949367088608,True,False,True,False
1661_04,False,0.46835443037974683,False,False,True,False
1662_01,False,0.25316455696202533,False,True,False,False
1663_01,True,0.45569620253164556,True,True,False,False
1666_01,False,0.4810126582278481,True,False,True,False
1668_01,False,0.27848101265822783,False,True,False,False
1669_01,False,0.3924050632911392,False,False,False,True
1669_02,True,0.0,True,False,False,True
1669_03,False,0.26582278481012656,False,False,False,True
1670_01,False,0.620253164556962,False,True,False,False
1670_02,True,0.5569620253164557,False,True,False,False
1671_01,False,0.3649105122463968,False,False,True,False
1672_01,False,0.3670886075949367,False,True,False,False
1673_01,False,0.20253164556962025,False,True,False,False
1674_01,True,0.25316455696202533,False,True,False,False
1676_01,True,0.3291139240506329,False,True,False,False
1677_01,False,0.24050632911392406,False,True,False,False
1681_01,False,0.43037974683544306,False,True,False,False
1682_01,True,0.4810126582278481,True,False,False,True
1685_01,False,0.6455696202531646,False,True,False,False
1685_02,False,0.08860759493670886,False,True,False,False
1685_03,True,0.0379746835443038,True,True,False,False
1687_01,False,0.3291139240506329,False,False,False,True
1688_01,False,0.34177215189873417,False,True,False,False
1688_02,True,0.08860759493670886,False,True,False,False
1688_03,True,0.24050632911392406,True,True,False,False
1690_01,False,0.35443037974683544,False,True,False,False
1691_01,False,0.34177215189873417,False,False,False,True
1694_01,True,0.3924050632911392,True,True,False,False
1695_01,False,0.3291139240506329,False,True,False,False
1696_01,False,0.5443037974683544,False,False,True,False
1697_01,False,0.2911392405063291,False,True,False,False
1698_01,True,0.17721518987341772,True,True,False,False
1699_01,False,0.5949367088607594,True,True,False,False
1700_01,True,0.21518987341772153,True,False,True,False
1700_02,False,0.810126582278481,False,False,True,False
1704_01,False,0.16455696202531644,False,False,False,True
1704_02,False,0.22784810126582278,True,False,False,True
1705_01,False,0.3670886075949367,False,False,False,True
1708_01,False,0.8860759493670886,False,True,False,False
1709_01,False,0.2911392405063291,False,False,False,True
1709_02,False,0.2911392405063291,True,False,False,True
1709_03,False,0.4430379746835443,False,False,False,True
1709_04,False,0.21518987341772153,False,False,False,True
1709_05,True,0.3291139240506329,True,False,False,True
1709_06,False,0.18987341772151897,False,False,False,True
1709_07,False,0.24050632911392406,False,False,False,True
1710_01,True,0.25316455696202533,True,True,False,False
1711_01,False,0.6455696202531646,False,True,False,False
1712_01,False,0.21518987341772153,False,False,False,True
1712_02,False,0.34177215189873417,False,False,False,True
1713_01,False,0.5443037974683544,False,True,False,False
1714_01,False,0.06329113924050633,False,True,False,False
1715_01,True,0.21518987341772153,False,True,False,False
1717_01,False,0.5063291139240507,True,True,False,False
1717_02,False,0.4810126582278481,False,True,False,False
1718_01,True,0.25316455696202533,True,True,False,False
1719_01,True,0.16455696202531644,False,True,False,False
1721_01,False,0.18987341772151897,False,True,False,False
1723_01,False,0.18987341772151897,False,True,False,False
1724_01,False,0.7468354430379747,True,False,True,False
1725_01,False,0.3037974683544304,False,True,False,False
1727_01,True,0.3649105122463968,True,False,False,True
1727_02,False,0.6582278481012658,False,False,False,True
1728_01,False,0.4810126582278481,False,True,False,False
1729_01,False,0.3291139240506329,True,True,False,False
1730_01,False,0.21518987341772153,True,True,False,False
1731_01,True,0.21518987341772153,True,True,False,False
1731_02,False,0.25316455696202533,True,True,False,False
1733_01,False,0.18987341772151897,False,True,False,False
1734_01,True,0.37974683544303794,True,True,False,False
1736_01,True,0.27848101265822783,False,True,False,False
1738_01,False,0.22784810126582278,False,True,False,False
1738_02,True,0.27848101265822783,True,True,False,False
1739_01,True,0.25316455696202533,True,True,False,False
1740_01,False,0.27848101265822783,False,True,False,False
1742_01,False,0.43037974683544306,False,False,False,True
1745_01,False,0.35443037974683544,False,False,True,False
1746_01,True,0.6329113924050633,True,False,False,True
1747_01,False,0.24050632911392406,True,True,False,False
1748_01,False,0.26582278481012656,False,True,False,False
1748_02,False,0.0,False,True,False,False
1748_03,False,0.05063291139240506,True,True,False,False
1749_01,True,0.7468354430379747,False,True,False,False
1752_01,False,0.18987341772151897,True,True,False,False
1753_01,True,0.3037974683544304,True,True,False,False
1755_01,True,0.3291139240506329,False,True,False,False
1757_01,False,0.8481012658227848,False,True,False,False
1758_01,False,0.6962025316455696,False,True,False,False
1760_01,False,0.6329113924050633,False,True,False,False
1761_01,False,0.2911392405063291,False,True,False,False
1762_01,False,0.26582278481012656,True,True,False,False
1762_02,False,0.18987341772151897,False,True,False,False
1763_01,False,0.5189873417721519,True,False,True,False
1764_01,True,0.7468354430379747,True,False,False,True
1764_02,False,0.22784810126582278,False,False,False,True
1766_01,False,0.26582278481012656,False,True,False,False
1767_01,True,0.17721518987341772,True,False,True,False
1767_02,False,0.6329113924050633,True,False,True,False
1767_03,False,0.4050632911392405,True,False,True,False
1767_04,True,0.5822784810126582,True,False,True,False
1768_01,False,0.3649105122463968,False,True,False,False
1769_01,True,0.7341772151898734,True,False,False,True
1770_01,True,0.18987341772151897,True,False,True,False
1771_01,False,0.4430379746835443,True,True,False,False
1772_01,False,0.37974683544303794,False,False,False,True
1774_01,True,0.37974683544303794,True,False,False,True
1775_01,False,0.5443037974683544,True,True,False,False
1776_01,False,0.26582278481012656,False,True,False,False
1778_01,True,0.18987341772151897,False,True,False,False
1779_01,False,0.46835443037974683,True,True,False,False
1781_01,False,0.35443037974683544,True,False,True,False
1782_01,True,0.35443037974683544,False,True,False,False
1782_02,False,0.5063291139240507,False,True,False,False
1783_01,False,0.5316455696202531,False,True,False,False
1783_02,True,0.26582278481012656,False,True,False,False
1785_01,True,0.3924050632911392,False,False,False,True
1786_01,False,0.6455696202531646,False,True,False,False
1792_01,False,0.9240506329113924,False,False,False,True
1796_01,True,0.3291139240506329,True,False,True,False
1797_01,True,0.4177215189873418,True,False,True,False
1798_01,False,0.49367088607594933,False,True,False,False
1799_01,False,0.24050632911392406,False,True,False,False
1800_01,False,0.1518987341772152,True,True,False,False
1800_02,True,0.12658227848101267,False,True,False,False
1800_03,True,0.0,False,True,False,False
1800_04,False,0.0,True,True,False,False
1800_05,True,0.012658227848101266,True,True,False,False
1802_01,False,0.4177215189873418,False,True,False,False
1803_01,False,0.2911392405063291,False,True,False,False
1804_01,True,0.06329113924050633,True,False,False,True
1805_01,True,0.3037974683544304,True,True,False,False
1806_01,False,0.3291139240506329,False,False,False,True
1807_01,False,0.37974683544303794,False,False,True,False
1808_01,False,0.4177215189873418,False,True,False,False
1810_01,False,0.7088607594936709,False,False,False,True
1811_01,True,0.31645569620253167,True,True,False,False
1811_02,False,0.3649105122463968,False,True,False,False
1812_01,False,0.31645569620253167,True,True,False,False
1813_01,False,0.22784810126582278,False,True,False,False
1816_01,False,0.7594936708860759,True,False,True,False
1816_02,False,0.5189873417721519,True,False,True,False
1817_01,False,0.20253164556962025,False,True,False,False
1818_01,True,0.21518987341772153,True,True,False,False
1821_01,False,0.3291139240506329,False,True,False,False
1822_01,False,0.3924050632911392,True,True,False,False
1823_01,False,0.8481012658227848,True,True,False,False
1826_01,False,0.20253164556962025,False,True,False,False
1827_01,False,0.3037974683544304,False,True,False,False
1828_01,False,0.24050632911392406,True,True,False,False
1829_01,False,0.6075949367088608,True,False,True,False
1829_02,False,0.37974683544303794,True,False,True,False
1829_03,False,0.27848101265822783,True,False,True,False
1829_04,False,0.35443037974683544,True,False,True,False
1829_05,True,0.2911392405063291,True,False,True,False
1829_06,False,0.3670886075949367,False,False,True,False
1831_01,True,0.27848101265822783,False,True,False,False
1833_01,False,0.6075949367088608,False,False,True,False
1834_01,False,0.3291139240506329,True,False,False,True
1836_01,False,0.2911392405063291,True,True,False,False
1841_01,False,0.6962025316455696,False,True,False,False
1843_01,False,0.5822784810126582,False,False,True,False
1844_01,False,0.4810126582278481,False,True,False,False
1844_02,True,0.02531645569620253,True,True,False,False
1844_03,True,0.0379746835443038,True,True,False,False
1846_01,False,0.25316455696202533,False,True,False,False
1847_01,False,0.8227848101265822,False,True,False,False
1848_01,False,0.3649105122463968,False,True,False,False
1849_01,False,0.31645569620253167,False,True,False,False
1850_01,False,0.6835443037974683,False,True,False,False
1850_02,False,0.31645569620253167,False,True,False,False
1853_01,True,0.17721518987341772,True,True,False,False
1854_01,False,0.6708860759493671,True,False,True,False
1855_01,True,0.0,True,True,False,False
1855_02,False,0.49367088607594933,False,True,False,False
1856_01,False,0.27848101265822783,True,True,False,False
1857_01,False,0.3924050632911392,False,False,False,True
1859_01,True,0.3037974683544304,True,False,False,True
1860_01,False,0.4430379746835443,False,False,True,False
1860_02,False,0.4430379746835443,False,False,True,False
1861_01,True,0.4050632911392405,True,False,False,True
1861_02,False,0.7721518987341772,False,False,False,True
1863_01,False,0.7341772151898734,True,True,False,False
1864_01,False,0.3291139240506329,False,False,False,True
1865_01,True,0.05063291139240506,False,True,False,False
1865_02,False,0.012658227848101266,False,True,False,False
1865_03,False,0.10126582278481013,True,True,False,False
1865_04,False,0.08860759493670886,False,True,False,False
1865_05,False,0.31645569620253167,False,True,False,False
1865_06,False,0.0759493670886076,False,True,False,False
1866_01,False,0.3670886075949367,False,True,False,False
1868_01,True,0.810126582278481,True,False,False,True
1871_01,False,0.3924050632911392,True,False,True,False
1872_01,True,0.31645569620253167,False,False,False,True
1873_01,True,0.37974683544303794,True,True,False,False
1874_01,True,0.0,False,True,False,False
1874_02,False,0.3670886075949367,False,True,False,False
1877_01,False,0.46835443037974683,False,True,False,False
1878_01,False,0.620253164556962,False,True,False,False
1879_01,False,0.45569620253164556,False,False,True,False
1880_01,False,0.25316455696202533,False,True,False,False
1881_01,False,0.25316455696202533,True,True,False,False
1882_01,False,0.22784810126582278,True,False,True,False
1882_02,True,0.21518987341772153,True,False,True,False
1884_01,True,0.6075949367088608,False,False,False,True
1886_01,False,0.3291139240506329,False,True,False,False
1887_01,False,0.4430379746835443,False,True,False,False
1888_01,False,0.37974683544303794,True,True,False,False
1889_01,False,0.27848101265822783,False,True,False,False
1889_02,True,0.06329113924050633,False,True,False,False
1890_01,True,0.5443037974683544,False,True,False,False
1891_01,True,0.6582278481012658,False,False,False,True
1892_01,False,0.6329113924050633,True,False,True,False
1892_02,False,0.3670886075949367,True,False,True,False
1892_03,False,0.24050632911392406,False,False,True,False
1897_01,False,0.49367088607594933,True,False,True,False
1897_02,False,0.4810126582278481,True,False,True,False
1898_01,True,0.26582278481012656,False,True,False,False
1899_01,False,0.31645569620253167,False,True,False,False
1901_01,True,0.5316455696202531,True,False,True,False
1901_02,True,0.45569620253164556,True,False,True,False
1902_01,False,0.24050632911392406,False,True,False,False
1903_01,True,0.5316455696202531,False,True,False,False
1905_01,False,0.5063291139240507,False,True,False,False
1906_01,True,0.17721518987341772,False,True,False,False
1907_01,False,0.6329113924050633,False,False,True,False
1908_01,False,0.22784810126582278,False,False,False,True
1911_01,False,0.5822784810126582,False,True,False,False
1915_01,False,0.3649105122463968,False,True,False,False
1916_01,True,0.18987341772151897,True,False,True,False
1916_02,False,0.27848101265822783,False,False,True,False
1918_01,True,0.0,False,False,True,False
1918_02,True,0.6582278481012658,True,False,True,False
1918_03,False,0.4810126582278481,True,False,True,False
1920_01,False,0.5822784810126582,False,False,False,True
1922_01,True,0.2911392405063291,False,True,False,False
1923_01,False,0.7974683544303798,True,False,True,False
1923_02,True,0.3037974683544304,True,False,True,False
1925_01,True,0.6329113924050633,False,True,False,False
1926_01,True,0.25316455696202533,False,True,False,False
1927_01,False,0.6962025316455696,False,False,False,True
1928_01,False,0.26582278481012656,True,True,False,False
1931_01,True,0.7088607594936709,True,False,True,False
1933_01,False,0.569620253164557,True,True,False,False
1935_01,True,0.22784810126582278,False,True,False,False
1937_01,False,0.5949367088607594,False,True,False,False
1938_01,False,0.45569620253164556,True,True,False,False
1939_01,False,0.7215189873417721,False,False,False,True
1939_02,False,0.16455696202531644,False,False,False,True
1940_01,False,0.34177215189873417,False,False,False,True
1941_01,False,0.25316455696202533,False,True,False,False
1942_01,False,0.5949367088607594,False,True,False,False
1945_01,False,0.18987341772151897,False,True,False,False
1946_01,False,0.43037974683544306,False,True,False,False
1947_01,False,0.26582278481012656,False,True,False,False
1950_01,False,0.6455696202531646,False,True,False,False
1952_01,False,0.2911392405063291,False,True,False,False
1953_01,False,0.7341772151898734,False,True,False,False
1956_01,False,0.46835443037974683,False,False,False,True
1956_02,False,0.5569620253164557,True,False,False,True
1957_01,True,0.31645569620253167,False,True,False,False
1959_01,True,0.18987341772151897,True,False,True,False
1959_02,False,0.5063291139240507,False,False,True,False
1959_03,False,0.3670886075949367,True,False,True,False
1960_01,True,0.45569620253164556,True,True,False,False
1960_02,False,0.26582278481012656,True,True,False,False
1961_01,False,0.4430379746835443,True,True,False,False
1962_01,False,0.3037974683544304,False,True,False,False
1962_02,False,0.02531645569620253,False,True,False,False
1962_03,True,0.0,True,True,False,False
1963_01,False,0.5443037974683544,False,True,False,False
1964_01,False,0.7974683544303798,False,False,True,False
1967_01,True,0.37974683544303794,True,True,False,False
1968_01,True,0.4810126582278481,True,True,False,False
1969_01,False,0.34177215189873417,True,False,True,False
1971_01,False,0.6835443037974683,False,True,False,False
1973_01,True,0.49367088607594933,True,False,True,False
1974_01,False,0.5189873417721519,False,False,False,True
1975_01,False,0.27848101265822783,False,True,False,False
1976_01,False,0.2911392405063291,True,False,True,False
1976_02,False,0.43037974683544306,True,False,True,False
1976_03,True,0.3291139240506329,True,False,True,False
1976_04,False,0.49367088607594933,False,False,True,False
1976_05,True,0.18987341772151897,True,False,True,False
1976_06,True,0.810126582278481,True,False,True,False
1976_07,True,0.31645569620253167,True,False,True,False
1977_01,True,0.4430379746835443,True,False,False,True
1978_01,True,0.24050632911392406,True,True,False,False
1979_01,False,0.3291139240506329,False,True,False,False
1980_01,True,0.0379746835443038,True,True,False,False
1980_02,False,0.3670886075949367,False,True,False,False
1980_03,True,0.5569620253164557,True,True,False,False
1981_01,False,0.34177215189873417,False,True,False,False
1983_01,False,0.21518987341772153,False,True,False,False
1984_01,False,0.46835443037974683,True,False,True,False
1985_01,True,0.24050632911392406,True,False,False,True
1988_01,True,0.5569620253164557,False,True,False,False
1991_01,False,0.27848101265822783,False,True,False,False
1991_02,False,0.27848101265822783,True,True,False,False
1992_01,True,0.26582278481012656,True,False,False,True
1993_01,False,0.3924050632911392,False,True,False,False
1994_01,False,0.21518987341772153,True,True,False,False
1995_01,False,0.37974683544303794,False,True,False,False
1996_01,False,0.18987341772151897,False,True,False,False
1997_01,False,0.5316455696202531,True,True,False,False
1999_01,False,0.6962025316455696,False,True,False,False
2000_01,False,0.35443037974683544,True,False,True,False
2001_01,False,0.4177215189873418,False,True,False,False
2003_01,False,0.24050632911392406,False,True,False,False
2006_01,False,0.3037974683544304,False,True,False,False
2006_02,False,0.05063291139240506,False,True,False,False
2006_03,True,0.02531645569620253,False,True,False,False
2007_01,False,0.37974683544303794,True,False,True,False
2009_01,False,0.3924050632911392,False,False,True,False
2009_02,True,0.21518987341772153,True,False,True,False
2009_03,True,0.5063291139240507,True,False,True,False
2010_01,True,0.4177215189873418,True,True,False,False
2011_01,True,0.5822784810126582,False,True,False,False
2012_01,False,0.37974683544303794,False,False,True,False
2013_01,False,0.21518987341772153,False,True,False,False
2015_01,False,0.24050632911392406,True,True,False,False
2019_01,False,0.27848101265822783,True,False,True,False
2019_02,False,0.25316455696202533,False,False,True,False
2022_01,False,0.45569620253164556,False,True,False,False
2024_01,False,0.0,True,True,False,False
2024_02,False,0.21518987341772153,True,True,False,False
2026_01,True,0.3649105122463968,True,True,False,False
2026_02,True,0.18987341772151897,True,True,False,False
2026_03,False,0.25316455696202533,False,True,False,False
2027_01,False,0.24050632911392406,True,True,False,False
2028_01,False,0.3037974683544304,False,True,False,False
2029_01,False,0.5443037974683544,False,True,False,False
2032_01,True,0.3291139240506329,True,False,False,True
2034_01,False,0.5316455696202531,False,True,False,False
2038_01,False,0.26582278481012656,False,True,False,False
2040_01,True,0.6329113924050633,True,False,True,False
2040_02,True,0.31645569620253167,True,False,True,False
2041_01,True,0.810126582278481,True,True,False,False
2042_01,False,0.6329113924050633,False,True,False,False
2043_01,True,0.3037974683544304,True,False,False,True
2044_01,False,0.34177215189873417,True,True,False,False
2045_01,True,0.5316455696202531,True,True,False,False
2046_01,True,0.37974683544303794,False,True,False,False
2051_01,False,0.25316455696202533,True,True,False,False
2052_01,False,0.3924050632911392,True,False,False,True
2053_01,False,0.3291139240506329,False,False,True,False
2054_01,False,0.49367088607594933,False,False,True,False
2055_01,False,0.3649105122463968,False,True,False,False
2055_02,False,0.4050632911392405,True,True,False,False
2055_03,True,0.31645569620253167,True,True,False,False
2055_04,False,0.0759493670886076,True,True,False,False
2055_05,True,0.0379746835443038,True,True,False,False
2055_06,True,0.13924050632911392,False,True,False,False
2056_01,True,0.6582278481012658,False,True,False,False
2056_02,False,0.17721518987341772,False,True,False,False
2056_03,False,0.8607594936708861,False,True,False,False
2056_04,True,0.22784810126582278,True,True,False,False
2059_01,False,0.6962025316455696,True,True,False,False
2060_01,False,0.27848101265822783,False,True,False,False
2061_01,False,0.43037974683544306,True,False,True,False
2062_01,False,0.21518987341772153,False,False,False,True
2063_01,True,0.4810126582278481,False,True,False,False
2065_01,False,0.16455696202531644,False,True,False,False
2066_01,True,0.24050632911392406,True,True,False,False
2067_01,True,0.37974683544303794,True,False,True,False
2067_02,False,0.34177215189873417,False,False,True,False
2070_01,False,0.21518987341772153,True,True,False,False
2071_01,False,0.569620253164557,False,False,True,False
2071_02,False,0.35443037974683544,True,False,True,False
2073_01,False,0.2911392405063291,False,True,False,False
2074_01,False,0.3037974683544304,False,False,True,False
2074_02,False,0.2911392405063291,True,False,True,False
2075_01,False,0.3670886075949367,False,True,False,False
2080_01,False,0.5822784810126582,False,True,False,False
2081_01,False,0.21518987341772153,True,True,False,False
2082_01,False,0.25316455696202533,False,True,False,False
2083_01,False,0.3037974683544304,False,True,False,False
2084_01,False,0.5063291139240507,False,False,True,False
2084_02,True,0.3649105122463968,True,False,True,False
2085_01,False,0.4810126582278481,False,False,True,False
2086_01,False,0.8227848101265822,True,False,True,False
2086_02,False,0.24050632911392406,True,False,True,False
2087_01,False,0.6835443037974683,True,True,False,False
2088_01,False,0.4810126582278481,False,True,False,False
2088_02,False,0.5063291139240507,True,True,False,False
2089_01,False,0.26582278481012656,False,True,False,False
2090_01,False,0.27848101265822783,True,True,False,False
2091_01,False,0.4177215189873418,False,True,False,False
2092_01,False,0.22784810126582278,True,False,False,True
2092_02,False,0.5443037974683544,False,False,False,True
2092_03,False,0.16455696202531644,False,False,False,True
2092_04,False,0.3291139240506329,False,False,False,True
2092_05,False,0.27848101265822783,False,False,False,True
2094_01,True,0.26582278481012656,True,False,False,True
2095_01,False,0.31645569620253167,False,True,False,False
2096_01,False,0.3670886075949367,False,False,False,True
2096_02,False,0.620253164556962,False,False,False,True
2097_01,True,0.3670886075949367,True,False,True,False
2099_01,False,0.569620253164557,True,False,False,True
2100_01,False,0.569620253164557,True,True,False,False
2102_01,False,0.37974683544303794,False,False,True,False
2104_01,False,0.3670886075949367,False,True,False,False
2104_02,False,0.3291139240506329,False,True,False,False
2105_01,True,0.20253164556962025,False,True,False,False
2106_01,False,0.25316455696202533,False,True,False,False
2107_01,False,0.4177215189873418,False,True,False,False
2110_01,True,0.22784810126582278,False,True,False,False
2111_01,False,0.3037974683544304,False,False,False,True
2112_01,False,0.3670886075949367,False,False,False,True
2114_01,True,0.5063291139240507,True,False,True,False
2115_01,True,0.34177215189873417,True,False,True,False
2116_01,True,0.4430379746835443,False,True,False,False
2117_01,False,0.3924050632911392,False,False,True,False
2118_01,True,0.3291139240506329,False,True,False,False
2120_01,False,0.620253164556962,True,False,False,True
2121_01,True,0.2911392405063291,False,True,False,False
2123_01,True,0.2911392405063291,False,True,False,False
2123_02,True,0.17721518987341772,True,True,False,False
2124_01,False,0.26582278481012656,False,True,False,False
2125_01,False,0.22784810126582278,False,True,False,False
2126_01,False,0.3649105122463968,False,True,False,False
2127_01,False,0.24050632911392406,True,True,False,False
2128_01,False,0.27848101265822783,False,True,False,False
2129_01,False,0.21518987341772153,False,True,False,False
2130_01,False,0.16455696202531644,False,True,False,False
2131_01,False,0.3291139240506329,False,True,False,False
2133_01,False,0.3649105122463968,False,False,False,True
2133_02,True,0.20253164556962025,True,False,False,True
2134_01,False,0.25316455696202533,False,False,False,True
2135_01,False,0.25316455696202533,False,True,False,False
2135_02,False,0.2911392405063291,False,True,False,False
2136_01,False,0.7721518987341772,False,True,False,False
2137_01,True,0.34177215189873417,True,False,False,True
2137_02,False,0.0379746835443038,True,False,False,True
2137_03,False,0.05063291139240506,True,False,False,True
2138_01,True,0.16455696202531644,True,True,False,False
2139_01,True,0.24050632911392406,True,False,False,True
2140_01,False,0.22784810126582278,True,True,False,False
2141_01,False,0.8354430379746836,True,True,False,False
2142_01,True,0.49367088607594933,True,False,False,True
2143_01,False,0.26582278481012656,False,True,False,False
2143_02,True,0.08860759493670886,False,True,False,False
2144_01,True,0.7088607594936709,False,True,False,False
2145_01,False,0.18987341772151897,False,True,False,False
2147_01,False,0.3649105122463968,True,False,False,True
2148_01,False,0.16455696202531644,False,True,False,False
2149_01,True,0.22784810126582278,True,False,True,False
2150_01,True,0.4810126582278481,False,True,False,False
2152_01,False,0.569620253164557,False,True,False,False
2153_01,True,0.26582278481012656,False,True,False,False
2154_01,False,0.24050632911392406,False,True,False,False
2156_01,False,0.620253164556962,False,True,False,False
2158_01,False,0.26582278481012656,True,True,False,False
2159_01,False,0.22784810126582278,True,True,False,False
2161_01,True,0.5443037974683544,True,False,False,True
2162_01,True,0.34177215189873417,True,False,False,True
2162_02,False,0.0,True,False,False,True
2163_01,False,0.34177215189873417,False,True,False,False
2164_01,True,0.26582278481012656,True,False,True,False
2167_01,False,0.25316455696202533,False,True,False,False
2168_01,True,0.4430379746835443,True,False,False,True
2168_02,False,0.25316455696202533,False,False,False,True
2171_01,False,0.3037974683544304,False,True,False,False
2171_02,False,0.5189873417721519,False,True,False,False
2172_01,False,0.2911392405063291,True,True,False,False
2173_01,True,0.34177215189873417,True,True,False,False
2175_01,True,0.7341772151898734,True,True,False,False
2177_01,True,0.6708860759493671,True,False,False,True
2179_01,False,0.37974683544303794,False,False,True,False
2180_01,False,0.3037974683544304,False,True,False,False
2182_01,False,0.3924050632911392,False,False,True,False
2183_01,False,0.5822784810126582,False,False,False,True
2183_02,False,0.25316455696202533,False,False,False,True
2186_01,True,0.25316455696202533,False,True,False,False
2187_01,False,0.37974683544303794,False,True,False,False
2188_01,False,0.3037974683544304,False,True,False,False
2189_01,False,0.43037974683544306,False,True,False,False
2190_01,False,0.25316455696202533,False,True,False,False
2191_01,True,0.6075949367088608,True,False,False,True
2193_01,False,0.31645569620253167,False,True,False,False
2194_01,True,0.5443037974683544,False,True,False,False
2195_01,False,0.34177215189873417,True,True,False,False
2196_01,False,0.5949367088607594,False,False,True,False
2196_02,False,0.3291139240506329,True,False,True,False
2196_03,True,0.46835443037974683,True,False,True,False
2196_04,False,0.5316455696202531,False,False,True,False
2198_01,False,0.7721518987341772,True,True,False,False
2200_01,False,0.3670886075949367,False,False,False,True
2201_01,False,0.4050632911392405,True,False,True,False
2202_01,False,0.6455696202531646,False,False,False,True
2203_01,False,0.5443037974683544,False,False,False,True
2204_01,True,0.31645569620253167,True,False,True,False
2205_01,False,0.3924050632911392,False,True,False,False
2206_01,False,0.16455696202531644,False,True,False,False
2207_01,False,0.25316455696202533,False,True,False,False
2209_01,False,0.3670886075949367,False,True,False,False
2210_01,True,0.20253164556962025,False,True,False,False
2211_01,False,0.18987341772151897,True,True,False,False
2212_01,False,0.6329113924050633,False,True,False,False
2215_01,False,0.5189873417721519,True,False,True,False
2215_02,False,0.5443037974683544,True,False,True,False
2215_03,True,0.4050632911392405,True,False,True,False
2215_04,False,0.45569620253164556,False,False,True,False
2219_01,True,0.22784810126582278,True,True,False,False
2220_01,False,0.5949367088607594,True,True,False,False
2221_01,True,0.3670886075949367,True,True,False,False
2223_01,False,0.3649105122463968,False,True,False,False
2224_01,False,0.17721518987341772,True,True,False,False
2225_01,True,0.31645569620253167,False,True,False,False
2228_01,False,0.7974683544303798,False,False,False,True
2229_01,False,0.27848101265822783,False,True,False,False
2231_01,False,0.4050632911392405,False,False,False,True
2232_01,False,0.3924050632911392,False,True,False,False
2232_02,False,0.3037974683544304,False,True,False,False
2233_01,False,0.49367088607594933,False,True,False,False
2234_01,True,0.25316455696202533,True,False,False,True
2234_02,True,0.25316455696202533,True,False,False,True
2234_03,False,0.24050632911392406,False,False,False,True
2234_04,False,0.25316455696202533,False,False,False,True
2234_05,False,0.3924050632911392,False,False,False,True
2234_06,True,0.21518987341772153,True,False,False,True
2234_07,False,0.3037974683544304,False,False,False,True
2235_01,False,0.34177215189873417,False,True,False,False
2237_01,False,0.35443037974683544,True,False,True,False
2237_02,True,0.5189873417721519,True,False,True,False
2238_01,True,0.31645569620253167,True,False,True,False
2239_01,False,0.3291139240506329,True,True,False,False
2241_01,False,0.34177215189873417,False,True,False,False
2243_01,False,0.27848101265822783,True,True,False,False
2251_01,False,0.7848101265822784,False,False,True,False
2251_02,False,0.7341772151898734,False,False,True,False
2252_01,False,0.46835443037974683,False,True,False,False
2253_01,False,0.6835443037974683,False,True,False,False
2254_01,False,0.3291139240506329,False,True,False,False
2255_01,True,0.5569620253164557,True,False,True,False
2255_02,True,0.43037974683544306,True,False,True,False
2256_01,True,0.5949367088607594,True,True,False,False
2257_01,False,0.34177215189873417,True,False,True,False
2257_02,True,0.27848101265822783,True,False,True,False
2258_01,True,0.5822784810126582,True,True,False,False
2261_01,False,0.3670886075949367,True,True,False,False
2262_01,False,0.5443037974683544,False,True,False,False
2263_01,False,0.5316455696202531,False,True,False,False
2264_01,False,0.49367088607594933,True,True,False,False
2266_01,False,0.37974683544303794,False,False,False,True
2267_01,False,0.5443037974683544,True,False,False,True
2268_01,True,0.24050632911392406,False,True,False,False
2269_01,True,0.3291139240506329,True,False,False,True
2270_01,False,0.5822784810126582,True,False,False,True
2272_01,False,0.0379746835443038,True,True,False,False
2272_02,True,0.26582278481012656,True,True,False,False
2272_03,False,0.012658227848101266,True,True,False,False
2273_01,False,0.27848101265822783,False,True,False,False
2274_01,True,0.34177215189873417,True,False,True,False
2274_02,True,0.35443037974683544,True,False,True,False
2275_01,False,0.45569620253164556,False,False,False,True
2277_01,False,0.24050632911392406,False,True,False,False
2278_01,True,0.22784810126582278,True,False,True,False
2279_01,False,0.5949367088607594,False,False,True,False
2280_01,False,0.22784810126582278,False,False,True,False
2281_01,False,0.0759493670886076,True,True,False,False
2282_01,False,0.25316455696202533,False,True,False,False
2284_01,False,0.22784810126582278,False,False,False,True
2287_01,False,0.46835443037974683,False,True,False,False
2288_01,False,0.27848101265822783,False,True,False,False
2289_01,False,0.46835443037974683,True,False,False,True
2291_01,False,0.0759493670886076,False,True,False,False
2291_02,False,0.45569620253164556,False,True,False,False
2291_03,False,0.5822784810126582,False,True,False,False
2295_01,False,0.9493670886075949,False,True,False,False
2295_02,False,0.46835443037974683,False,True,False,False
2296_01,True,0.27848101265822783,True,True,False,False
2298_01,False,0.4177215189873418,False,True,False,False
2299_01,False,0.4430379746835443,False,False,False,True
2300_01,False,0.24050632911392406,False,False,True,False
2300_02,False,0.43037974683544306,False,False,True,False
2301_01,False,0.2911392405063291,True,True,False,False
2301_02,False,0.46835443037974683,False,True,False,False
2301_03,False,0.3037974683544304,False,True,False,False
2302_01,False,0.6835443037974683,False,False,True,False
2303_01,False,0.6582278481012658,True,False,False,True
2305_01,True,0.7594936708860759,False,True,False,False
2306_01,False,0.012658227848101266,True,False,True,False
2306_02,False,0.3649105122463968,True,False,True,False
2306_03,False,0.27848101265822783,False,False,True,False
2306_04,False,0.34177215189873417,True,False,True,False
2306_05,True,0.6075949367088608,True,False,True,False
2306_06,False,0.5949367088607594,False,False,True,False
2308_01,True,0.31645569620253167,True,False,True,False
2308_02,False,0.620253164556962,False,False,True,False
2308_03,False,0.4177215189873418,False,False,True,False
2308_04,False,0.8481012658227848,True,False,True,False
2309_01,True,0.06329113924050633,False,True,False,False
2310_01,True,0.7594936708860759,True,False,True,False
2310_02,True,0.7088607594936709,True,False,True,False
2310_03,False,0.7468354430379747,False,False,True,False
2310_04,True,0.5569620253164557,True,False,True,False
2311_01,False,0.4177215189873418,False,True,False,False
2312_01,True,0.35443037974683544,False,True,False,False
2313_01,False,0.3670886075949367,False,False,False,True
2314_01,True,0.16455696202531644,False,True,False,False
2315_01,True,0.43037974683544306,True,False,True,False
2316_01,True,0.569620253164557,True,True,False,False
2317_01,False,0.49367088607594933,False,True,False,False
2318_01,False,0.22784810126582278,False,True,False,False
2319_01,True,0.7215189873417721,False,True,False,False
2320_01,False,0.3649105122463968,False,True,False,False
2321_01,True,0.31645569620253167,True,True,False,False
2325_01,True,0.27848101265822783,False,True,False,False
2327_01,False,0.4050632911392405,True,False,True,False
2329_01,True,0.3670886075949367,True,False,False,True
2332_01,False,0.26582278481012656,False,True,False,False
2333_01,False,0.20253164556962025,False,False,False,True
2336_01,True,0.569620253164557,True,False,True,False
2336_02,False,0.5569620253164557,False,False,True,False
2338_01,True,0.34177215189873417,True,True,False,False
2338_02,False,0.3291139240506329,False,True,False,False
2339_01,False,0.5822784810126582,False,False,False,True
2340_01,False,0.3037974683544304,False,True,False,False
2341_01,False,0.18987341772151897,True,True,False,False
2345_01,True,0.6708860759493671,False,True,False,False
2347_01,False,0.35443037974683544,False,True,False,False
2347_02,True,0.13924050632911392,True,True,False,False
2347_03,True,0.08860759493670886,False,True,False,False
2347_04,True,0.0,True,True,False,False
2347_05,True,0.18987341772151897,True,True,False,False
2347_06,False,0.3924050632911392,False,True,False,False
2347_07,False,0.11392405063291139,False,True,False,False
2348_01,False,0.5569620253164557,False,False,True,False
2349_01,False,0.4430379746835443,False,True,False,False
2353_01,False,0.37974683544303794,True,True,False,False
2353_02,False,0.16455696202531644,False,True,False,False
2356_01,False,0.569620253164557,False,False,False,True
2356_02,True,0.05063291139240506,True,False,False,True
2356_03,True,0.26582278481012656,True,False,False,True
2357_01,False,0.25316455696202533,False,True,False,False
2360_01,True,0.3037974683544304,True,True,False,False
2361_01,True,0.0379746835443038,False,True,False,False
2361_02,False,0.3670886075949367,True,True,False,False
2363_01,False,0.35443037974683544,True,False,True,False
2364_01,False,0.5569620253164557,True,True,False,False
2365_01,True,0.6329113924050633,True,False,True,False
2366_01,True,0.4430379746835443,False,False,False,True
2367_01,False,0.24050632911392406,False,True,False,False
2368_01,False,0.27848101265822783,False,False,False,True
2369_01,False,0.37974683544303794,False,True,False,False
2373_01,False,0.45569620253164556,False,False,True,False
2374_01,False,0.25316455696202533,True,False,False,True
2375_01,False,0.27848101265822783,True,True,False,False
2376_01,False,0.27848101265822783,False,True,False,False
2377_01,True,0.4050632911392405,True,False,True,False
2379_01,False,0.4430379746835443,False,True,False,False
2382_01,False,0.5189873417721519,False,True,False,False
2384_01,True,0.7215189873417721,False,True,False,False
2384_02,True,0.0379746835443038,False,True,False,False
2384_03,False,0.13924050632911392,True,True,False,False
2384_04,False,0.05063291139240506,True,True,False,False
2384_05,True,0.21518987341772153,False,True,False,False
2384_06,False,0.37974683544303794,False,True,False,False
2384_07,True,0.13924050632911392,True,True,False,False
2385_01,False,0.2911392405063291,False,False,False,True
2387_01,False,0.7341772151898734,True,True,False,False
2389_01,False,0.27848101265822783,False,True,False,False
2390_01,False,0.3037974683544304,False,True,False,False
2391_01,False,0.25316455696202533,False,True,False,False
2392_01,True,0.46835443037974683,True,True,False,False
2395_01,False,0.620253164556962,False,True,False,False
2396_01,False,0.5822784810126582,False,True,False,False
2396_02,False,0.37974683544303794,False,True,False,False
2397_01,False,0.45569620253164556,False,True,False,False
2398_01,False,0.26582278481012656,False,True,False,False
2399_01,False,0.31645569620253167,False,False,False,True
2401_01,True,0.5316455696202531,True,True,False,False
2402_01,True,0.16455696202531644,False,True,False,False
2403_01,False,0.31645569620253167,False,True,False,False
2404_01,False,0.3670886075949367,False,False,True,False
2404_02,True,0.21518987341772153,True,False,True,False
2404_03,False,0.45569620253164556,True,False,True,False
2404_04,True,0.5569620253164557,True,True,False,False
2406_01,True,0.22784810126582278,True,False,False,True
2409_01,False,0.27848101265822783,False,True,False,False
2409_02,True,0.27848101265822783,True,True,False,False
2410_01,True,0.5443037974683544,True,True,False,False
2411_01,False,0.3670886075949367,True,True,False,False
2412_01,True,0.3037974683544304,True,True,False,False
2413_01,True,0.22784810126582278,True,True,False,False
2414_01,False,0.5316455696202531,False,False,True,False
2416_01,False,0.5443037974683544,False,True,False,False
2417_01,False,0.4050632911392405,False,True,False,False
2419_01,True,0.18987341772151897,True,True,False,False
2421_01,False,0.27848101265822783,True,False,False,True
2423_01,True,0.25316455696202533,False,True,False,False
2424_01,False,0.43037974683544306,True,True,False,False
2426_01,True,0.8860759493670886,True,False,False,True
2426_02,True,0.22784810126582278,True,False,False,True
2427_01,True,0.3291139240506329,True,False,True,False
2429_01,False,0.21518987341772153,False,True,False,False
2431_01,False,0.16455696202531644,False,True,False,False
2432_01,False,0.24050632911392406,False,True,False,False
2433_01,True,0.4050632911392405,True,False,True,False
2435_01,False,0.4177215189873418,False,True,False,False
2436_01,False,0.26582278481012656,False,True,False,False
2438_01,True,0.2911392405063291,True,False,False,True
2439_01,False,0.3037974683544304,True,True,False,False
2441_01,False,0.21518987341772153,False,True,False,False
2442_01,True,0.43037974683544306,True,False,False,True
2443_01,False,0.3924050632911392,False,True,False,False
2444_01,False,0.5443037974683544,False,True,False,False
2445_01,False,0.5443037974683544,False,True,False,False
2446_01,False,0.4177215189873418,True,True,False,False
2449_01,True,0.35443037974683544,True,False,False,True
2449_02,True,0.34177215189873417,False,False,False,True
2449_03,True,0.08860759493670886,True,False,False,True
2451_01,True,0.20253164556962025,False,True,False,False
2452_01,False,0.5316455696202531,False,True,False,False
2453_01,True,0.34177215189873417,True,False,False,True
2454_01,False,0.24050632911392406,False,True,False,False
2455_01,False,0.5316455696202531,False,False,False,True
2456_01,True,0.16455696202531644,False,True,False,False
2457_01,True,0.20253164556962025,True,True,False,False
2458_01,False,0.26582278481012656,True,True,False,False
2460_01,True,0.35443037974683544,True,True,False,False
2461_01,True,0.8734177215189873,False,True,False,False
2462_01,True,0.18987341772151897,False,True,False,False
2463_01,False,0.6075949367088608,False,True,False,False
2466_01,False,0.5316455696202531,False,True,False,False
2467_01,False,0.5316455696202531,False,False,False,True
2470_01,False,0.2911392405063291,False,True,False,False
2470_02,False,0.3291139240506329,False,True,False,False
2471_01,False,0.569620253164557,False,True,False,False
2472_01,False,0.37974683544303794,False,True,False,False
2474_01,True,0.45569620253164556,True,False,False,True
2475_01,False,0.3649105122463968,False,False,True,False
2476_01,False,0.4430379746835443,False,True,False,False
2477_01,True,0.26582278481012656,True,False,True,False
2477_02,True,0.6329113924050633,True,False,True,False
2478_01,True,0.6582278481012658,False,True,False,False
2479_01,True,0.26582278481012656,False,True,False,False
2480_01,False,0.5189873417721519,False,True,False,False
2483_01,False,0.4430379746835443,False,True,False,False
2486_01,False,0.3291139240506329,False,True,False,False
2486_02,False,0.21518987341772153,False,True,False,False
2488_01,False,0.8734177215189873,False,False,False,True
2489_01,True,0.34177215189873417,True,False,True,False
2491_01,False,0.31645569620253167,False,True,False,False
2492_01,True,0.34177215189873417,True,False,False,True
2496_01,False,0.31645569620253167,False,True,False,False
2497_01,False,0.45569620253164556,False,True,False,False
2498_01,False,0.17721518987341772,False,True,False,False
2499_01,True,0.34177215189873417,True,False,True,False
2500_01,False,0.27848101265822783,False,True,False,False
2502_01,False,0.3037974683544304,False,True,False,False
2503_01,False,0.3649105122463968,False,False,False,True
2503_02,False,0.05063291139240506,True,False,False,True
2505_01,False,0.24050632911392406,False,True,False,False
2505_02,False,0.24050632911392406,False,True,False,False
2506_01,False,0.4810126582278481,False,True,False,False
2506_02,True,0.49367088607594933,True,False,True,False
2506_03,False,0.2911392405063291,False,False,True,False
2508_01,True,0.7215189873417721,True,False,True,False
2508_02,True,0.22784810126582278,True,False,True,False
2509_01,False,0.5443037974683544,False,True,False,False
2510_01,False,0.35443037974683544,True,False,False,True
2512_01,False,0.4177215189873418,False,False,True,False
2512_02,True,0.46835443037974683,True,False,True,False
2513_01,False,0.35443037974683544,False,True,False,False
2515_01,False,0.35443037974683544,False,False,True,False
2515_02,True,0.22784810126582278,True,False,True,False
2516_01,False,0.3670886075949367,False,True,False,False
2518_01,True,0.3670886075949367,True,False,True,False
2518_02,True,0.35443037974683544,True,False,True,False
2519_01,False,0.3037974683544304,True,True,False,False
2520_01,False,0.7468354430379747,False,False,True,False
2521_01,True,0.5443037974683544,False,False,False,True
2522_01,True,0.25316455696202533,True,False,False,True
2523_01,True,0.2911392405063291,True,False,True,False
2524_01,True,0.34177215189873417,True,False,True,False
2526_01,True,0.4810126582278481,True,False,True,False
2527_01,True,0.4810126582278481,True,True,False,False
2528_01,False,0.6075949367088608,True,False,False,True
2530_01,False,0.31645569620253167,False,False,False,True
2531_01,True,0.31645569620253167,True,True,False,False
2532_01,False,0.3037974683544304,False,False,False,True
2532_02,True,0.8734177215189873,True,False,False,True
2534_01,False,0.25316455696202533,False,False,True,False
2534_02,True,0.22784810126582278,True,False,True,False
2535_01,True,0.35443037974683544,False,True,False,False
2537_01,False,0.2911392405063291,True,True,False,False
2540_01,False,0.3037974683544304,False,False,False,True
2541_01,False,0.5569620253164557,False,False,True,False
2542_01,False,0.3670886075949367,False,False,False,True
2544_01,False,0.0759493670886076,True,False,True,False
2544_02,False,0.5316455696202531,False,False,True,False
2545_01,True,0.9873417721518987,False,True,False,False
2546_01,False,0.45569620253164556,False,True,False,False
2547_01,False,0.46835443037974683,False,False,True,False
2547_02,False,0.5189873417721519,True,False,True,False
2548_01,False,0.22784810126582278,False,True,False,False
2549_01,False,0.7848101265822784,False,False,False,True
2549_02,False,0.0,True,False,False,True
2549_03,False,0.6962025316455696,False,False,False,True
2550_01,True,0.20253164556962025,True,True,False,False
2551_01,False,0.4050632911392405,False,True,False,False
2552_01,False,0.24050632911392406,True,True,False,False
2552_02,False,0.08860759493670886,True,True,False,False
2552_03,False,0.05063291139240506,True,True,False,False
2553_01,True,0.37974683544303794,True,False,True,False
2555_01,True,0.3037974683544304,True,False,True,False
2555_02,True,0.43037974683544306,True,False,True,False
2557_01,True,0.37974683544303794,True,False,True,False
2558_01,False,0.0379746835443038,True,False,False,True
2558_02,False,0.4050632911392405,True,False,False,True
2558_03,False,0.6962025316455696,True,False,False,True
2558_04,True,0.0,True,False,False,True
2559_01,False,0.6455696202531646,False,False,True,False
2560_01,True,0.0,True,True,False,False
2560_02,False,0.26582278481012656,False,True,False,False
2560_03,False,0.02531645569620253,False,True,False,False
2561_01,False,0.24050632911392406,False,True,False,False
2562_01,True,0.3037974683544304,True,False,False,True
2562_02,False,0.25316455696202533,False,False,False,True
2564_01,False,0.5316455696202531,True,False,True,False
2565_01,True,0.21518987341772153,True,False,False,True
2565_02,False,0.4050632911392405,False,False,False,True
2571_01,False,0.35443037974683544,True,True,False,False
2572_01,True,0.26582278481012656,True,False,True,False
2572_02,True,0.7088607594936709,True,False,True,False
2573_01,True,0.35443037974683544,True,False,True,False
2574_01,False,0.5316455696202531,False,True,False,False
2578_01,False,0.22784810126582278,False,True,False,False
2580_01,False,0.3037974683544304,False,True,False,False
2581_01,False,0.25316455696202533,False,True,False,False
2581_02,False,0.27848101265822783,False,True,False,False
2582_01,False,0.27848101265822783,False,True,False,False
2584_01,False,0.26582278481012656,False,True,False,False
2588_01,False,0.35443037974683544,True,True,False,False
2589_01,True,0.3291139240506329,True,False,True,False
2589_02,True,0.6329113924050633,True,False,True,False
2589_03,False,0.3291139240506329,False,False,True,False
2589_04,False,0.37974683544303794,False,False,True,False
2589_05,True,0.3670886075949367,True,False,True,False
2590_01,False,0.10126582278481013,False,True,False,False
2590_02,False,0.569620253164557,False,True,False,False
2590_03,True,0.4430379746835443,True,True,False,False
2591_01,False,0.22784810126582278,False,True,False,False
2591_02,False,0.2911392405063291,False,True,False,False
2592_01,False,0.3670886075949367,False,False,False,True
2592_02,False,0.22784810126582278,False,False,False,True
2593_01,False,0.35443037974683544,False,True,False,False
2594_01,True,0.43037974683544306,True,False,True,False
2595_01,False,0.0,True,False,False,True
2595_02,False,0.05063291139240506,True,False,False,True
2595_03,False,0.35443037974683544,False,False,False,True
2595_04,False,0.10126582278481013,True,False,False,True
2596_01,False,0.25316455696202533,False,False,False,True
2596_02,True,0.25316455696202533,True,False,False,True
2597_01,True,0.31645569620253167,True,False,False,True
2597_02,False,0.3924050632911392,False,True,False,False
2598_01,False,0.46835443037974683,False,False,False,True
2599_01,True,0.26582278481012656,False,True,False,False
2601_01,True,0.3037974683544304,True,False,False,True
2602_01,True,0.43037974683544306,False,False,False,True
2602_02,False,0.0,True,False,False,True
2602_03,True,0.31645569620253167,False,False,False,True
2605_01,True,0.5443037974683544,True,False,False,True
2606_01,False,0.3649105122463968,False,True,False,False
2606_02,False,0.569620253164557,False,True,False,False
2607_01,True,0.7974683544303798,True,False,True,False
2607_02,True,0.21518987341772153,True,False,True,False
2607_03,False,0.4430379746835443,True,False,True,False
2607_04,False,0.1518987341772152,True,False,True,False
2609_01,True,0.3649105122463968,True,True,False,False
2616_01,False,0.21518987341772153,False,True,False,False
2617_01,False,0.4050632911392405,False,True,False,False
2618_01,True,0.2911392405063291,True,True,False,False
2619_01,False,0.21518987341772153,False,True,False,False
2622_01,False,0.43037974683544306,False,True,False,False
2624_01,False,0.18987341772151897,False,True,False,False
2625_01,True,0.17721518987341772,True,True,False,False
2625_02,False,0.27848101265822783,False,True,False,False
2626_01,False,0.24050632911392406,False,True,False,False
2627_01,False,0.5063291139240507,False,True,False,False
2628_01,True,0.31645569620253167,True,False,True,False
2628_02,False,0.6455696202531646,False,False,True,False
2629_01,False,0.27848101265822783,False,True,False,False
2631_01,True,0.6329113924050633,True,False,False,True
2633_01,False,0.3291139240506329,False,True,False,False
2634_01,True,0.49367088607594933,True,False,False,True
2635_01,False,0.22784810126582278,True,False,False,True
2636_01,False,0.27848101265822783,False,True,False,False
2638_01,False,0.3291139240506329,False,True,False,False
2640_01,False,0.24050632911392406,False,True,False,False
2641_01,True,0.20253164556962025,False,True,False,False
2642_01,False,0.3037974683544304,False,True,False,False
2643_01,False,0.43037974683544306,False,True,False,False
2645_01,False,0.6962025316455696,True,False,True,False
2645_02,False,0.5316455696202531,False,False,True,False
2645_03,True,0.17721518987341772,True,False,True,False
2645_04,False,0.35443037974683544,True,False,True,False
2645_05,True,0.3291139240506329,True,False,True,False
2646_01,False,0.4177215189873418,False,False,True,False
2647_01,False,0.3037974683544304,False,True,False,False
2648_01,False,0.2911392405063291,False,True,False,False
2649_01,False,0.20253164556962025,False,False,False,True
2650_01,True,0.45569620253164556,False,True,False,False
2651_01,True,0.5569620253164557,True,False,True,False
2652_01,False,0.27848101265822783,True,True,False,False
2655_01,True,0.37974683544303794,False,True,False,False
2657_01,False,0.25316455696202533,False,True,False,False
2658_01,False,0.26582278481012656,False,True,False,False
2659_01,False,0.17721518987341772,True,False,False,True
2660_01,False,0.34177215189873417,False,True,False,False
2661_01,False,0.24050632911392406,False,True,False,False
2661_02,True,0.26582278481012656,True,True,False,False
2662_01,False,0.3649105122463968,False,False,False,True
2663_01,False,0.16455696202531644,True,True,False,False
2664_01,True,0.8987341772151899,True,False,False,True
2666_01,True,0.35443037974683544,False,False,False,True
2666_02,False,0.22784810126582278,False,False,False,True
2668_01,False,0.2911392405063291,False,True,False,False
2668_02,False,0.43037974683544306,False,True,False,False
2670_01,False,0.25316455696202533,False,True,False,False
2671_01,False,0.21518987341772153,False,True,False,False
2672_01,False,0.26582278481012656,False,True,False,False
2675_01,False,0.4177215189873418,True,False,True,False
2676_01,False,0.43037974683544306,True,False,True,False
2677_01,False,0.6455696202531646,False,False,True,False
2678_01,False,0.26582278481012656,True,True,False,False
2679_01,True,0.3649105122463968,False,True,False,False
2682_01,False,0.3924050632911392,False,True,False,False
2683_01,False,0.45569620253164556,True,False,True,False
2684_01,False,0.49367088607594933,False,False,True,False
2685_01,False,0.3291139240506329,False,True,False,False
2687_01,False,0.6455696202531646,True,True,False,False
2688_01,False,0.3037974683544304,False,True,False,False
2690_01,False,0.34177215189873417,True,True,False,False
2691_01,False,0.3924050632911392,False,True,False,False
2692_01,False,0.3037974683544304,False,True,False,False
2693_01,False,0.7215189873417721,False,False,True,False
2693_02,False,0.45569620253164556,False,False,True,False
2693_03,False,0.6962025316455696,False,False,True,False
2693_04,True,0.3649105122463968,False,False,True,False
2695_01,False,0.22784810126582278,False,False,False,True
2697_01,False,0.34177215189873417,False,False,False,True
2698_01,False,0.6329113924050633,False,False,True,False
2700_01,False,0.3037974683544304,False,True,False,False
2701_01,True,0.25316455696202533,True,True,False,False
2702_01,True,0.3037974683544304,True,True,False,False
2703_01,False,0.22784810126582278,False,True,False,False
2704_01,False,0.5569620253164557,False,True,False,False
2706_01,True,0.34177215189873417,True,False,True,False
2707_01,False,0.7341772151898734,True,False,True,False
2707_02,True,0.3670886075949367,True,False,True,False
2708_01,False,0.2911392405063291,True,True,False,False
2709_01,True,0.0379746835443038,True,False,False,True
2709_02,False,0.0,True,False,False,True
2709_03,False,0.4177215189873418,False,False,False,True
2709_04,False,0.1518987341772152,True,False,False,True
2712_01,True,0.5569620253164557,True,False,True,False
2713_01,True,0.25316455696202533,True,True,False,False
2714_01,False,0.7468354430379747,False,True,False,False
2717_01,False,0.22784810126582278,False,True,False,False
2718_01,True,0.9113924050632911,True,False,True,False
2720_01,False,0.2911392405063291,False,True,False,False
2720_02,False,0.13924050632911392,False,True,False,False
2720_03,True,0.012658227848101266,True,True,False,False
2721_01,False,0.31645569620253167,False,True,False,False
2722_01,True,0.31645569620253167,True,False,False,True
2723_01,True,0.3037974683544304,True,False,True,False
2723_02,False,0.6835443037974683,True,False,True,False
2724_01,True,0.21518987341772153,True,False,False,True
2724_02,False,0.6075949367088608,False,False,False,True
2725_01,False,0.5063291139240507,False,True,False,False
2726_01,True,0.02531645569620253,False,True,False,False
2727_01,False,0.4050632911392405,False,True,False,False
2729_01,True,0.18987341772151897,True,True,False,False
2730_01,True,0.6582278481012658,True,True,False,False
2730_02,False,0.20253164556962025,False,True,False,False
2730_03,True,0.20253164556962025,True,True,False,False
2732_01,True,0.20253164556962025,True,True,False,False
2732_02,False,0.0759493670886076,False,True,False,False
2734_01,False,0.12658227848101267,True,False,False,True
2736_01,False,0.34177215189873417,False,False,False,True
2737_01,False,0.569620253164557,True,False,True,False
2737_02,False,0.3291139240506329,False,False,True,False
2738_01,False,0.3670886075949367,False,False,False,True
2739_01,True,0.4810126582278481,True,True,False,False
2740_01,False,0.24050632911392406,True,True,False,False
2741_01,False,0.5443037974683544,False,False,False,True
2743_01,False,0.18987341772151897,False,True,False,False
2745_01,False,0.3924050632911392,False,False,False,True
2746_01,False,0.6582278481012658,False,False,False,True
2747_01,False,0.620253164556962,True,False,False,True
2748_01,False,0.3670886075949367,True,True,False,False
2750_01,False,0.22784810126582278,True,True,False,False
2751_01,True,0.5189873417721519,True,False,False,True
2752_01,False,0.11392405063291139,False,True,False,False
2752_02,True,0.3649105122463968,False,True,False,False
2752_03,False,0.7341772151898734,True,True,False,False
2753_01,False,0.49367088607594933,False,True,False,False
2754_01,False,0.16455696202531644,False,True,False,False
2755_01,True,0.45569620253164556,True,False,True,False
2756_01,False,0.2911392405063291,False,False,False,True
2758_01,True,0.3037974683544304,True,True,False,False
2759_01,False,0.4177215189873418,False,True,False,False
2760_01,False,0.22784810126582278,False,True,False,False
2760_02,True,0.02531645569620253,False,True,False,False
2760_03,True,0.0,True,True,False,False
2762_01,False,0.45569620253164556,False,True,False,False
2762_02,False,0.18987341772151897,False,True,False,False
2763_01,False,0.3924050632911392,True,True,False,False
2764_01,False,0.5316455696202531,True,True,False,False
2765_01,False,0.34177215189873417,False,False,False,True
2768_01,False,0.45569620253164556,True,True,False,False
2768_02,False,0.0,False,True,False,False
2768_03,True,0.0379746835443038,False,True,False,False
2769_01,False,0.27848101265822783,False,True,False,False
2770_01,False,0.7088607594936709,False,True,False,False
2772_01,False,0.2911392405063291,False,True,False,False
2773_01,False,0.31645569620253167,False,False,False,True
2774_01,False,0.3670886075949367,False,True,False,False
2774_02,False,0.21518987341772153,False,True,False,False
2774_03,False,0.16455696202531644,False,True,False,False
2778_01,False,0.4430379746835443,True,False,False,True
2778_02,True,0.6708860759493671,True,False,False,True
2780_01,False,0.3037974683544304,False,True,False,False
2781_01,True,0.4810126582278481,False,True,False,False
2783_01,True,0.26582278481012656,True,False,True,False
2783_02,False,0.3670886075949367,False,False,True,False
2784_01,False,0.5822784810126582,True,True,False,False
2785_01,True,0.7341772151898734,True,False,True,False
2786_01,False,0.6708860759493671,True,True,False,False
2787_01,False,0.26582278481012656,False,True,False,False
2788_01,True,0.34177215189873417,False,True,False,False
2789_01,True,0.3924050632911392,False,True,False,False
2790_01,True,0.2911392405063291,True,False,True,False
2790_02,False,0.5189873417721519,False,False,True,False
2790_03,False,0.3670886075949367,False,False,True,False
2790_04,False,0.6835443037974683,False,False,True,False
2790_05,False,0.5443037974683544,True,False,True,False
2792_01,True,0.45569620253164556,True,True,False,False
2793_01,False,0.6075949367088608,True,True,False,False
2795_01,False,0.43037974683544306,True,False,True,False
2795_02,False,0.5316455696202531,False,False,True,False
2796_01,False,0.21518987341772153,False,True,False,False
2797_01,False,0.27848101265822783,False,True,False,False
2798_01,False,0.46835443037974683,False,False,True,False
2798_02,True,0.4810126582278481,True,False,True,False
2799_01,False,0.26582278481012656,False,True,False,False
2799_02,True,0.2911392405063291,True,True,False,False
2801_01,False,0.34177215189873417,False,False,True,False
2802_01,False,0.2911392405063291,True,True,False,False
2805_01,False,0.24050632911392406,False,True,False,False
2806_01,False,0.35443037974683544,False,False,False,True
2807_01,False,0.4177215189873418,False,True,False,False
2807_02,True,0.3037974683544304,False,True,False,False
2807_03,True,0.0,True,True,False,False
2809_01,True,0.5189873417721519,True,True,False,False
2810_01,True,0.24050632911392406,False,True,False,False
2811_01,False,0.5569620253164557,False,True,False,False
2812_01,False,0.5443037974683544,True,False,False,True
2813_01,True,0.17721518987341772,True,True,False,False
2814_01,True,0.22784810126582278,True,True,False,False
2817_01,False,0.31645569620253167,False,True,False,False
2818_01,False,0.0,True,False,False,True
2818_02,True,0.05063291139240506,True,False,False,True
2818_03,False,0.3037974683544304,True,False,False,True
2819_01,False,0.4810126582278481,False,True,False,False
2820_01,True,0.5569620253164557,True,True,False,False
2821_01,True,0.7215189873417721,True,True,False,False
2822_01,True,0.0379746835443038,True,True,False,False
2822_02,False,0.06329113924050633,False,True,False,False
2822_03,True,0.0379746835443038,True,True,False,False
2822_04,True,0.22784810126582278,True,True,False,False
2822_05,True,0.10126582278481013,False,True,False,False
2823_01,True,0.26582278481012656,True,False,False,True
2824_01,True,0.4430379746835443,True,False,True,False
2825_01,False,0.5949367088607594,True,False,False,True
2826_01,False,0.35443037974683544,False,False,True,False
2826_02,False,0.620253164556962,False,False,True,False
2831_01,False,0.2911392405063291,True,False,True,False
2831_02,False,0.24050632911392406,False,False,True,False
2832_01,False,0.43037974683544306,False,True,False,False
2834_01,False,0.5063291139240507,True,False,True,False
2835_01,False,0.3291139240506329,False,False,True,False
2837_01,False,0.2911392405063291,False,True,False,False
2838_01,False,0.27848101265822783,False,False,False,True
2839_01,False,0.6455696202531646,True,False,True,False
2840_01,False,0.5569620253164557,False,True,False,False
2843_01,False,0.6329113924050633,False,False,False,True
2846_01,True,0.35443037974683544,True,True,False,False
2847_01,True,0.16455696202531644,True,True,False,False
2852_01,False,0.26582278481012656,False,True,False,False
2853_01,False,0.25316455696202533,True,True,False,False
2854_01,False,0.17721518987341772,False,True,False,False
2856_01,False,0.4810126582278481,False,False,True,False
2857_01,False,0.3670886075949367,False,True,False,False
2858_01,True,0.45569620253164556,True,False,True,False
2858_02,True,0.20253164556962025,True,False,True,False
2858_03,True,0.5063291139240507,True,False,True,False
2859_01,True,0.3649105122463968,True,False,True,False
2860_01,False,0.22784810126582278,True,True,False,False
2861_01,False,0.21518987341772153,True,True,False,False
2862_01,True,0.4050632911392405,True,False,False,True
2863_01,False,0.34177215189873417,False,True,False,False
2865_01,False,0.43037974683544306,False,False,False,True
2865_02,False,0.6708860759493671,True,False,False,True
2866_01,True,0.45569620253164556,True,False,True,False
2867_01,False,0.5189873417721519,False,False,False,True
2867_02,False,0.6455696202531646,False,False,False,True
2869_01,True,0.7721518987341772,True,True,False,False
2870_01,False,0.7468354430379747,True,True,False,False
2871_01,True,0.21518987341772153,True,False,True,False
2871_02,True,0.34177215189873417,True,False,True,False
2872_01,False,0.7215189873417721,True,True,False,False
2873_01,False,0.49367088607594933,False,False,False,True
2875_01,True,0.6962025316455696,True,False,True,False
2876_01,False,0.5316455696202531,False,True,False,False
2877_01,False,0.45569620253164556,False,True,False,False
2878_01,False,0.5316455696202531,True,False,False,True
2880_01,True,0.4050632911392405,False,True,False,False
2881_01,False,0.0759493670886076,False,True,False,False
2882_01,True,0.18987341772151897,False,True,False,False
2883_01,False,0.35443037974683544,True,True,False,False
2884_01,False,0.46835443037974683,False,False,False,True
2887_01,False,0.5569620253164557,False,True,False,False
2888_01,False,0.8987341772151899,False,False,False,True
2890_01,False,0.5569620253164557,False,False,True,False
2890_02,True,0.45569620253164556,True,False,True,False
2891_01,False,0.22784810126582278,False,True,False,False
2892_01,False,0.0379746835443038,True,True,False,False
2892_02,True,0.1518987341772152,False,True,False,False
2892_03,True,0.0,True,True,False,False
2892_04,False,0.3670886075949367,False,True,False,False
2892_05,False,0.11392405063291139,False,True,False,False
2893_01,False,0.34177215189873417,False,True,False,False
2894_01,False,0.3037974683544304,False,True,False,False
2897_01,False,0.4810126582278481,True,True,False,False
2899_01,False,0.35443037974683544,False,False,False,True
2900_01,True,0.3291139240506329,True,False,False,True
2901_01,False,0.20253164556962025,False,True,False,False
2901_02,False,0.3037974683544304,True,True,False,False
2902_01,False,0.4177215189873418,False,True,False,False
2905_01,False,0.3037974683544304,False,True,False,False
2906_01,False,0.3670886075949367,False,True,False,False
2907_01,False,0.31645569620253167,True,True,False,False
2908_01,False,0.0,False,True,False,False
2908_02,False,0.16455696202531644,False,True,False,False
2909_01,True,0.08860759493670886,False,True,False,False
2910_01,False,0.4050632911392405,False,True,False,False
2912_01,True,0.43037974683544306,False,False,False,True
2913_01,False,0.620253164556962,False,False,False,True
2919_01,False,0.5443037974683544,True,False,False,True
2919_02,False,0.0,True,False,False,True
2919_03,True,0.0759493670886076,True,False,False,True
2920_01,False,0.2911392405063291,True,True,False,False
2925_01,False,0.5443037974683544,True,False,False,True
2925_02,True,0.2911392405063291,True,False,False,True
2926_01,False,0.5443037974683544,False,False,False,True
2927_01,True,0.5189873417721519,True,False,False,True
2928_01,False,0.6835443037974683,False,False,True,False
2928_02,True,0.6455696202531646,True,False,True,False
2928_03,True,0.5569620253164557,True,False,True,False
2929_01,True,0.6075949367088608,True,True,False,False
2930_01,False,0.569620253164557,False,True,False,False
2934_01,False,0.25316455696202533,False,True,False,False
2935_01,False,0.4177215189873418,False,False,True,False
2936_01,False,0.26582278481012656,False,True,False,False
2938_01,True,0.8607594936708861,True,False,True,False
2940_01,False,0.2911392405063291,True,True,False,False
2941_01,False,0.20253164556962025,False,True,False,False
2942_01,False,0.4430379746835443,False,True,False,False
2943_01,True,0.27848101265822783,False,True,False,False
2944_01,False,0.6455696202531646,False,True,False,False
2944_02,False,0.02531645569620253,False,True,False,False
2944_03,True,0.3670886075949367,False,True,False,False
2944_04,False,0.0,True,True,False,False
2945_01,True,0.49367088607594933,True,True,False,False
2948_01,False,0.6962025316455696,True,False,True,False
2949_01,True,0.27848101265822783,False,True,False,False
2950_01,False,0.25316455696202533,False,True,False,False
2953_01,False,0.31645569620253167,True,True,False,False
2954_01,False,0.22784810126582278,True,True,False,False
2956_01,False,0.35443037974683544,False,True,False,False
2958_01,False,0.3291139240506329,False,True,False,False
2959_01,False,0.35443037974683544,False,True,False,False
2960_01,False,0.6835443037974683,False,True,False,False
2961_01,False,0.7088607594936709,False,True,False,False
2962_01,False,0.31645569620253167,False,False,False,True
2964_01,False,0.3291139240506329,False,False,True,False
2965_01,False,0.17721518987341772,False,True,False,False
2966_01,False,0.26582278481012656,True,True,False,False
2968_01,True,0.5443037974683544,True,True,False,False
2969_01,False,0.46835443037974683,False,True,False,False
2970_01,False,0.3649105122463968,False,True,False,False
2971_01,False,0.4810126582278481,True,False,True,False
2972_01,False,0.17721518987341772,True,True,False,False
2975_01,False,0.25316455696202533,False,True,False,False
2979_01,False,0.4177215189873418,False,False,True,False
2982_01,True,0.4177215189873418,True,False,True,False
2983_01,False,0.16455696202531644,True,True,False,False
2984_01,False,0.46835443037974683,False,False,True,False
2986_01,False,0.18987341772151897,False,False,False,True
2988_01,False,0.4177215189873418,False,False,True,False
2990_01,True,0.3037974683544304,True,True,False,False
2992_01,False,0.620253164556962,False,True,False,False
2993_01,False,0.3037974683544304,False,True,False,False
2994_01,False,0.3037974683544304,False,True,False,False
2995_01,True,0.3291139240506329,True,False,True,False
2995_02,True,0.5063291139240507,True,False,True,False
2996_01,False,0.3924050632911392,False,True,False,False
2998_01,False,0.5949367088607594,True,False,True,False
3000_01,False,0.24050632911392406,False,True,False,False
3001_01,False,0.4810126582278481,False,False,True,False
3001_02,False,0.4177215189873418,True,False,True,False
3003_01,True,0.569620253164557,True,False,True,False
3004_01,True,0.012658227848101266,True,True,False,False
3004_02,False,0.4050632911392405,False,True,False,False
3005_01,True,0.8860759493670886,True,False,False,True
3006_01,False,0.24050632911392406,False,True,False,False
3009_01,True,0.6962025316455696,True,False,False,True
3010_01,False,0.6075949367088608,False,False,True,False
3012_01,False,0.8354430379746836,False,True,False,False
3013_01,False,0.16455696202531644,False,True,False,False
3014_01,False,0.5063291139240507,False,False,True,False
3015_01,False,0.4430379746835443,True,True,False,False
3018_01,False,0.4050632911392405,False,True,False,False
3019_01,False,0.6455696202531646,False,False,False,True
3020_01,False,0.46835443037974683,False,False,True,False
3021_01,False,0.3924050632911392,False,True,False,False
3021_02,False,0.46835443037974683,False,True,False,False
3022_01,False,0.4810126582278481,False,False,True,False
3022_02,False,0.24050632911392406,False,False,True,False
3023_01,True,0.4177215189873418,True,False,False,True
3024_01,False,0.24050632911392406,True,True,False,False
3025_01,False,0.3924050632911392,True,True,False,False
3025_02,False,0.5443037974683544,False,True,False,False
3026_01,True,0.27848101265822783,False,True,False,False
3027_01,True,0.3037974683544304,False,True,False,False
3029_01,False,0.26582278481012656,False,False,True,False
3029_02,False,0.17721518987341772,True,False,True,False
3030_01,False,0.37974683544303794,True,False,True,False
3030_02,True,0.27848101265822783,True,False,True,False
3032_01,False,0.13924050632911392,False,True,False,False
3032_02,True,0.05063291139240506,False,True,False,False
3032_03,False,0.0,False,True,False,False
3032_04,False,0.37974683544303794,False,True,False,False
3033_01,False,0.26582278481012656,False,True,False,False
3034_01,False,0.5063291139240507,False,False,True,False
3036_01,False,0.7215189873417721,False,True,False,False
3038_01,False,0.4430379746835443,False,False,False,True
3039_01,False,0.4050632911392405,False,False,True,False
3040_01,False,0.4050632911392405,False,False,False,True
3042_01,False,0.37974683544303794,False,True,False,False
3044_01,False,0.8734177215189873,False,True,False,False
3045_01,True,0.26582278481012656,False,True,False,False
3047_01,True,0.21518987341772153,True,False,False,True
3047_02,False,0.20253164556962025,False,False,False,True
3048_01,True,0.31645569620253167,False,False,False,True
3050_01,False,0.31645569620253167,True,False,True,False
3053_01,False,0.6582278481012658,False,False,True,False
3054_01,False,0.16455696202531644,False,True,False,False
3055_01,False,0.46835443037974683,False,True,False,False
3060_01,False,0.16455696202531644,False,False,False,True
3060_02,False,0.569620253164557,False,False,False,True
3060_03,False,0.6962025316455696,False,False,False,True
3061_01,False,0.27848101265822783,False,True,False,False
3061_02,False,0.49367088607594933,False,True,False,False
3062_01,False,0.4430379746835443,False,False,False,True
3063_01,True,0.24050632911392406,True,True,False,False
3063_02,True,0.08860759493670886,True,True,False,False
3063_03,False,0.24050632911392406,False,True,False,False
3064_01,True,0.26582278481012656,True,True,False,False
3065_01,False,0.46835443037974683,True,False,True,False
3066_01,False,0.4430379746835443,False,True,False,False
3067_01,True,0.27848101265822783,True,True,False,False
3068_01,False,0.7848101265822784,False,True,False,False
3070_01,True,0.5189873417721519,True,True,False,False
3071_01,True,0.20253164556962025,True,False,True,False
3071_02,False,0.3291139240506329,False,False,True,False
3073_01,True,0.45569620253164556,True,False,False,True
3076_01,True,0.3649105122463968,True,True,False,False
3079_01,False,0.27848101265822783,False,True,False,False
3080_01,False,0.5063291139240507,False,True,False,False
3081_01,False,0.6329113924050633,True,False,True,False
3081_02,True,0.7215189873417721,True,False,True,False
3082_01,False,0.18987341772151897,True,True,False,False
3083_01,False,0.2911392405063291,False,False,True,False
3084_01,True,0.7594936708860759,True,False,False,True
3085_01,False,0.9240506329113924,False,True,False,False
3087_01,False,0.4430379746835443,True,True,False,False
3088_01,False,0.35443037974683544,False,False,True,False
3090_01,False,0.34177215189873417,True,False,True,False
3091_01,False,0.17721518987341772,False,False,True,False
3091_02,True,0.3291139240506329,True,False,True,False
3092_01,False,0.27848101265822783,False,True,False,False
3093_01,False,0.27848101265822783,True,False,False,True
3095_01,False,0.8987341772151899,False,False,False,True
3096_01,False,0.31645569620253167,True,False,False,True
3099_01,True,0.34177215189873417,True,False,False,True
3100_01,False,0.012658227848101266,False,True,False,False
3100_02,False,0.6582278481012658,True,True,False,False
3100_03,True,0.0,True,True,False,False
3102_01,True,0.37974683544303794,True,False,True,False
3103_01,False,0.6582278481012658,False,False,True,False
3104_01,False,0.1518987341772152,True,True,False,False
3104_02,True,0.27848101265822783,True,True,False,False
3110_01,False,0.3037974683544304,True,True,False,False
3111_01,False,0.27848101265822783,False,False,False,True
3112_01,True,0.18987341772151897,False,True,False,False
3113_01,True,0.26582278481012656,True,False,False,True
3113_02,True,0.7088607594936709,True,False,False,True
3114_01,False,0.6329113924050633,False,False,False,True
3116_01,False,0.25316455696202533,False,True,False,False
3117_01,False,0.4050632911392405,False,True,False,False
3118_01,True,0.35443037974683544,False,True,False,False
3119_01,False,0.9367088607594937,False,True,False,False
3120_01,True,0.31645569620253167,True,False,False,True
3120_02,False,0.3924050632911392,False,False,False,True
3121_01,True,0.0759493670886076,True,True,False,False
3123_01,True,0.21518987341772153,True,True,False,False
3124_01,True,0.1518987341772152,True,False,False,True
3124_02,False,0.5949367088607594,True,False,False,True
3124_03,True,0.5822784810126582,True,False,False,True
3126_01,False,0.3924050632911392,True,False,True,False
3126_02,False,0.45569620253164556,True,False,True,False
3128_01,False,0.18987341772151897,False,True,False,False
3130_01,False,0.4810126582278481,False,False,False,True
3131_01,True,0.6075949367088608,True,True,False,False
3131_02,True,0.26582278481012656,True,True,False,False
3131_03,True,0.05063291139240506,True,True,False,False
3132_01,True,0.3924050632911392,True,False,False,True
3133_01,False,0.3924050632911392,False,True,False,False
3134_01,False,0.7848101265822784,True,False,True,False
3136_01,True,0.3670886075949367,True,True,False,False
3138_01,False,0.37974683544303794,False,True,False,False
3140_01,False,0.3291139240506329,False,False,False,True
3142_01,False,0.5443037974683544,False,False,False,True
3142_02,False,0.4050632911392405,False,False,False,True
3143_01,True,0.3037974683544304,True,False,False,True
3145_01,True,0.620253164556962,True,False,False,True
3147_01,False,0.26582278481012656,True,True,False,False
3149_01,False,0.22784810126582278,True,True,False,False
3149_02,True,0.22784810126582278,True,True,False,False
3152_01,True,0.17721518987341772,False,True,False,False
3158_01,False,0.26582278481012656,False,False,False,True
3159_01,True,0.31645569620253167,True,False,False,True
3161_01,False,0.7088607594936709,False,False,True,False
3162_01,False,0.0,True,True,False,False
3162_02,False,0.6962025316455696,False,True,False,False
3162_03,True,0.17721518987341772,False,True,False,False
3163_01,False,0.16455696202531644,False,False,False,True
3163_02,False,0.5443037974683544,False,False,False,True
3164_01,True,0.49367088607594933,False,True,False,False
3166_01,True,0.3649105122463968,True,False,False,True
3168_01,False,0.3037974683544304,True,True,False,False
3169_01,False,0.3291139240506329,True,True,False,False
3171_01,True,0.27848101265822783,True,True,False,False
3172_01,False,0.3291139240506329,False,True,False,False
3174_01,False,0.24050632911392406,True,False,False,True
3174_02,True,0.4810126582278481,True,False,False,True
3175_01,True,0.4810126582278481,True,False,True,False
3176_01,False,0.9746835443037974,True,False,True,False
3179_01,False,0.35443037974683544,False,True,False,False
3180_01,False,0.27848101265822783,False,True,False,False
3181_01,False,0.25316455696202533,False,True,False,False
3182_01,False,0.22784810126582278,True,True,False,False
3184_01,False,0.12658227848101267,True,False,True,False
3184_02,True,0.43037974683544306,True,False,True,False
3185_01,False,0.5443037974683544,False,True,False,False
3188_01,True,0.3924050632911392,False,False,False,True
3189_01,True,0.5063291139240507,True,False,False,True
3189_02,False,0.31645569620253167,False,False,False,True
3191_01,True,0.8607594936708861,True,False,False,True
3192_01,False,0.25316455696202533,False,True,False,False
3193_01,False,0.34177215189873417,True,False,False,True
3195_01,False,0.012658227848101266,False,True,False,False
3195_02,False,0.7594936708860759,False,True,False,False
3195_03,False,0.35443037974683544,True,True,False,False
3195_04,False,0.13924050632911392,False,True,False,False
3195_05,False,0.0,False,True,False,False
3195_06,True,0.11392405063291139,False,True,False,False
3196_01,False,0.4810126582278481,False,False,False,True
3197_01,False,0.22784810126582278,False,True,False,False
3200_01,False,0.5063291139240507,False,True,False,False
3201_01,False,0.26582278481012656,False,True,False,False
3203_01,True,0.3037974683544304,False,True,False,False
3204_01,False,0.3291139240506329,False,False,True,False
3204_02,False,0.5949367088607594,False,False,True,False
3204_03,False,0.5822784810126582,False,False,True,False
3205_01,True,0.6962025316455696,True,True,False,False
3206_01,False,0.6329113924050633,False,True,False,False
3209_01,True,0.12658227848101267,True,False,False,True
3210_01,False,0.21518987341772153,False,False,True,False
3210_02,False,0.25316455696202533,False,False,True,False
3210_03,False,0.46835443037974683,False,False,True,False
3211_01,False,0.3037974683544304,False,True,False,False
3211_02,False,0.5443037974683544,False,True,False,False
3211_03,False,0.0,False,True,False,False
3212_01,False,0.3037974683544304,False,True,False,False
3213_01,False,0.27848101265822783,False,False,False,True
3215_01,True,0.17721518987341772,True,True,False,False
3216_01,True,0.0379746835443038,True,True,False,False
3216_02,True,0.27848101265822783,True,True,False,False
3216_03,False,0.2911392405063291,True,True,False,False
3217_01,False,0.7088607594936709,False,False,False,True
3218_01,False,0.45569620253164556,True,True,False,False
3218_02,False,0.7341772151898734,False,True,False,False
3218_03,False,0.012658227848101266,False,True,False,False
3219_01,True,0.49367088607594933,False,False,False,True
3220_01,False,0.4177215189873418,False,True,False,False
3221_01,False,0.24050632911392406,False,True,False,False
3223_01,False,0.3649105122463968,False,True,False,False
3224_01,False,0.4177215189873418,True,True,False,False
3225_01,True,0.21518987341772153,True,False,True,False
3225_02,False,0.35443037974683544,True,False,True,False
3227_01,False,0.26582278481012656,False,True,False,False
3229_01,False,0.569620253164557,True,False,True,False
3230_01,True,0.7848101265822784,True,False,False,True
3232_01,True,0.5443037974683544,True,False,False,True
3235_01,False,0.34177215189873417,False,True,False,False
3236_01,True,0.012658227848101266,True,True,False,False
3236_02,False,0.3924050632911392,False,True,False,False
3236_03,False,0.22784810126582278,False,True,False,False
3237_01,False,0.26582278481012656,False,False,False,True
3237_02,False,0.08860759493670886,True,False,False,True
3237_03,False,0.27848101265822783,False,False,False,True
3238_01,True,0.3291139240506329,False,False,False,True
3239_01,True,0.37974683544303794,True,True,False,False
3240_01,False,0.21518987341772153,False,True,False,False
3241_01,True,0.3649105122463968,False,True,False,False
3243_01,False,0.12658227848101267,False,True,False,False
3247_01,False,0.31645569620253167,False,True,False,False
3248_01,False,0.26582278481012656,False,True,False,False
3252_01,False,0.6708860759493671,False,True,False,False
3253_01,False,0.26582278481012656,False,True,False,False
3254_01,False,0.35443037974683544,True,False,True,False
3255_01,True,0.25316455696202533,True,True,False,False
3256_01,True,0.6835443037974683,True,False,True,False
3258_01,True,0.11392405063291139,False,True,False,False
3259_01,False,0.25316455696202533,False,True,False,False
3260_01,False,0.24050632911392406,False,True,False,False
3262_01,False,0.4050632911392405,False,True,False,False
3268_01,False,0.27848101265822783,False,False,False,True
3269_01,False,0.4430379746835443,True,False,True,False
3270_01,False,0.3291139240506329,True,True,False,False
3271_01,True,0.6455696202531646,False,True,False,False
3271_02,False,0.10126582278481013,True,True,False,False
3272_01,False,0.5063291139240507,True,True,False,False
3272_02,True,0.02531645569620253,True,True,False,False
3273_01,True,0.24050632911392406,False,True,False,False
3274_01,True,0.4050632911392405,True,True,False,False
3274_02,False,0.20253164556962025,False,True,False,False
3274_03,False,0.810126582278481,False,True,False,False
3275_01,False,0.4430379746835443,True,True,False,False
3276_01,False,0.4177215189873418,False,False,True,False
3279_01,False,0.11392405063291139,True,False,True,False
3279_02,True,0.26582278481012656,True,False,True,False
3279_03,True,0.35443037974683544,True,False,True,False
3279_04,True,0.35443037974683544,True,False,True,False
3280_01,True,0.3924050632911392,True,True,False,False
3280_02,False,0.4050632911392405,False,True,False,False
3282_01,True,0.5443037974683544,True,False,True,False
3282_02,True,0.7594936708860759,True,False,True,False
3282_03,False,0.5443037974683544,True,False,True,False
3283_01,False,0.5443037974683544,False,True,False,False
3283_02,False,0.24050632911392406,False,True,False,False
3283_03,False,0.26582278481012656,False,True,False,False
3283_04,False,0.4810126582278481,False,True,False,False
3284_01,True,0.21518987341772153,True,True,False,False
3284_02,True,0.3670886075949367,True,True,False,False
3287_01,False,0.02531645569620253,True,True,False,False
3287_02,False,0.27848101265822783,True,True,False,False
3287_03,False,0.22784810126582278,False,True,False,False
3289_01,True,0.20253164556962025,True,True,False,False
3292_01,True,0.6582278481012658,True,False,True,False
3292_02,False,0.6582278481012658,False,False,True,False
3292_03,True,0.17721518987341772,True,False,True,False
3292_04,False,0.31645569620253167,True,False,True,False
3292_05,True,0.43037974683544306,True,False,True,False
3293_01,False,0.25316455696202533,True,False,False,True
3294_01,True,0.35443037974683544,True,True,False,False
3294_02,True,0.3649105122463968,False,True,False,False
3295_01,False,0.25316455696202533,False,True,False,False
3296_01,False,0.5569620253164557,True,True,False,False
3297_01,False,0.810126582278481,False,True,False,False
3298_01,False,0.34177215189873417,True,True,False,False
3299_01,False,0.3037974683544304,False,True,False,False
3300_01,True,0.4810126582278481,True,False,False,True
3300_02,False,0.5949367088607594,False,False,False,True
3301_01,True,0.10126582278481013,True,True,False,False
3301_02,False,0.012658227848101266,True,True,False,False
3301_03,False,0.0,True,True,False,False
3301_04,False,0.25316455696202533,True,True,False,False
3304_01,True,0.5189873417721519,True,False,True,False
3305_01,True,0.4430379746835443,False,False,False,True
3305_02,False,0.3924050632911392,False,False,False,True
3308_01,False,0.17721518987341772,False,True,False,False
3309_01,False,0.31645569620253167,False,True,False,False
3310_01,True,0.3291139240506329,True,False,True,False
3311_01,False,0.3291139240506329,False,False,True,False
3312_01,False,0.37974683544303794,False,False,True,False
3313_01,True,0.620253164556962,True,False,True,False
3314_01,False,0.24050632911392406,False,True,False,False
3315_01,False,0.18987341772151897,False,True,False,False
3317_01,False,0.34177215189873417,False,True,False,False
3318_01,False,0.49367088607594933,True,False,True,False
3318_02,True,0.4050632911392405,True,False,True,False
3318_03,False,0.13924050632911392,True,False,True,False
3318_04,True,0.5569620253164557,True,False,True,False
3318_05,True,0.45569620253164556,True,False,True,False
3319_01,False,0.7088607594936709,False,True,False,False
3322_01,True,0.5316455696202531,True,True,False,False
3323_01,True,0.5063291139240507,True,False,True,False
3323_02,True,0.6708860759493671,True,False,True,False
3324_01,True,0.3924050632911392,True,False,False,True
3324_02,True,0.17721518987341772,True,False,False,True
3325_01,True,0.3924050632911392,True,True,False,False
3326_01,False,0.5316455696202531,False,True,False,False
3327_01,False,0.4050632911392405,False,True,False,False
3328_01,False,0.43037974683544306,False,True,False,False
3329_01,True,0.6962025316455696,True,True,False,False
3330_01,False,0.5316455696202531,False,False,False,True
3331_01,False,0.5063291139240507,True,True,False,False
3332_01,False,0.6075949367088608,False,False,False,True
3332_02,True,0.46835443037974683,True,False,False,True
3332_03,True,0.21518987341772153,True,False,False,True
3336_01,True,0.7594936708860759,True,False,False,True
3337_01,True,0.24050632911392406,True,False,True,False
3337_02,False,0.37974683544303794,False,False,True,False
3337_03,False,0.4050632911392405,False,False,True,False
3338_01,True,0.35443037974683544,True,True,False,False
3339_01,True,0.3291139240506329,False,True,False,False
3342_01,True,0.3037974683544304,True,True,False,False
3343_01,True,0.5949367088607594,False,True,False,False
3348_01,False,0.4050632911392405,False,True,False,False
3349_01,True,0.9240506329113924,True,False,True,False
3350_01,False,0.21518987341772153,True,True,False,False
3352_01,True,0.5949367088607594,False,True,False,False
3353_01,False,0.3649105122463968,False,False,True,False
3353_02,True,0.16455696202531644,True,False,True,False
3353_03,False,0.27848101265822783,False,False,True,False
3353_04,False,0.7721518987341772,True,False,True,False
3353_05,False,0.24050632911392406,True,False,True,False
3353_06,False,0.569620253164557,True,False,True,False
3357_01,True,0.22784810126582278,False,True,False,False
3359_01,False,0.4050632911392405,False,True,False,False
3360_01,False,0.6582278481012658,True,False,True,False
3361_01,True,0.31645569620253167,True,False,False,True
3361_02,True,0.11392405063291139,True,False,False,True
3361_03,True,0.22784810126582278,True,False,False,True
3361_04,False,0.3291139240506329,False,True,False,False
3363_01,False,0.25316455696202533,False,True,False,False
3363_02,False,0.0759493670886076,True,True,False,False
3363_03,False,0.06329113924050633,False,True,False,False
3364_01,False,0.5063291139240507,False,False,True,False
3365_01,True,0.25316455696202533,True,True,False,False
3370_01,False,0.22784810126582278,False,False,False,True
3371_01,False,0.5316455696202531,False,True,False,False
3372_01,True,0.17721518987341772,True,True,False,False
3377_01,True,0.4177215189873418,True,False,False,True
3380_01,False,0.2911392405063291,False,True,False,False
3381_01,True,0.4430379746835443,False,True,False,False
3382_01,False,0.6708860759493671,False,True,False,False
3382_02,True,0.7088607594936709,True,True,False,False
3383_01,False,0.4430379746835443,False,True,False,False
3384_01,False,0.22784810126582278,False,True,False,False
3384_02,False,0.31645569620253167,False,True,False,False
3384_03,True,0.25316455696202533,True,True,False,False
3386_01,True,0.5569620253164557,True,False,False,True
3387_01,True,0.3291139240506329,False,True,False,False
3389_01,False,0.2911392405063291,True,False,False,True
3390_01,True,0.49367088607594933,True,False,False,True
3391_01,True,0.31645569620253167,True,False,True,False
3391_02,False,0.5316455696202531,False,False,True,False
3392_01,False,0.25316455696202533,True,True,False,False
3392_02,True,0.05063291139240506,True,True,False,False
3392_03,True,0.810126582278481,True,True,False,False
3392_04,False,0.0,True,True,False,False
3394_01,False,0.24050632911392406,True,True,False,False
3395_01,False,0.0759493670886076,False,True,False,False
3396_01,True,0.2911392405063291,True,False,True,False
3397_01,False,0.27848101265822783,False,True,False,False
3401_01,False,0.22784810126582278,True,True,False,False
3402_01,False,0.26582278481012656,False,False,False,True
3403_01,False,0.46835443037974683,True,True,False,False
3404_01,True,0.3037974683544304,True,True,False,False
3405_01,True,0.4810126582278481,False,True,False,False
3405_02,False,0.13924050632911392,True,True,False,False
3405_03,False,0.0759493670886076,False,True,False,False
3406_01,False,0.620253164556962,False,False,True,False
3406_02,False,0.6962025316455696,False,False,True,False
3408_01,True,0.18987341772151897,True,True,False,False
3409_01,False,0.24050632911392406,False,True,False,False
3410_01,True,0.20253164556962025,True,True,False,False
3412_01,False,0.6075949367088608,False,False,True,False
3412_02,True,0.31645569620253167,True,False,True,False
3412_03,False,0.2911392405063291,True,False,True,False
3413_01,True,0.34177215189873417,False,True,False,False
3415_01,False,0.49367088607594933,False,True,False,False
3417_01,False,0.35443037974683544,True,True,False,False
3418_01,True,0.9113924050632911,True,False,False,True
3419_01,False,0.5949367088607594,False,False,False,True
3420_01,True,0.8227848101265822,False,True,False,False
3421_01,False,0.5063291139240507,False,True,False,False
3422_01,False,0.22784810126582278,True,False,True,False
3422_02,True,0.34177215189873417,True,False,True,False
3423_01,True,0.26582278481012656,True,True,False,False
3424_01,False,0.46835443037974683,False,True,False,False
3425_01,False,0.3924050632911392,False,False,True,False
3426_01,False,0.4177215189873418,False,True,False,False
3428_01,True,0.6708860759493671,True,False,True,False
3428_02,False,0.34177215189873417,True,False,True,False
3430_01,False,0.9367088607594937,True,True,False,False
3431_01,True,0.3649105122463968,True,False,False,True
3432_01,False,0.2911392405063291,False,True,False,False
3433_01,False,0.9367088607594937,False,False,True,False
3434_01,True,0.2911392405063291,True,True,False,False
3437_01,False,0.3291139240506329,False,True,False,False
3437_02,True,0.0,True,True,False,False
3438_01,True,0.0,True,True,False,False
3438_02,False,0.3037974683544304,False,True,False,False
3439_01,True,0.35443037974683544,True,False,True,False
3439_02,False,0.21518987341772153,True,False,True,False
3439_03,True,0.3291139240506329,True,True,False,False
3439_04,False,0.49367088607594933,False,False,True,False
3440_01,False,0.21518987341772153,False,True,False,False
3441_01,False,0.18987341772151897,False,True,False,False
3442_01,False,0.46835443037974683,False,True,False,False
3443_01,False,0.4810126582278481,True,True,False,False
3444_01,False,0.4177215189873418,True,False,True,False
3444_02,True,0.20253164556962025,True,False,True,False
3444_03,False,0.5189873417721519,True,False,True,False
3444_04,False,0.08860759493670886,True,False,True,False
3445_01,False,0.25316455696202533,False,True,False,False
3446_01,True,0.5569620253164557,True,True,False,False
3447_01,False,0.5316455696202531,False,True,False,False
3449_01,False,0.3670886075949367,False,True,False,False
3450_01,False,0.27848101265822783,True,False,True,False
3450_02,False,0.26582278481012656,True,False,True,False
3453_01,True,0.26582278481012656,False,True,False,False
3454_01,True,0.26582278481012656,False,True,False,False
3455_01,True,0.16455696202531644,True,False,False,True
3456_01,True,0.20253164556962025,True,True,False,False
3458_01,True,0.45569620253164556,True,False,False,True
3459_01,True,0.45569620253164556,True,True,False,False
3461_01,False,0.3291139240506329,False,True,False,False
3462_01,True,0.35443037974683544,True,False,True,False
3464_01,False,0.17721518987341772,False,True,False,False
3464_02,True,0.3670886075949367,False,True,False,False
3465_01,False,0.24050632911392406,False,False,False,True
3467_01,False,0.6455696202531646,False,True,False,False
3468_01,True,0.810126582278481,True,True,False,False
3469_01,True,0.5189873417721519,True,False,True,False
3470_01,True,0.3649105122463968,False,True,False,False
3470_02,True,0.20253164556962025,True,True,False,False
3473_01,False,0.25316455696202533,False,True,False,False
3474_01,True,0.3924050632911392,True,False,True,False
3474_02,False,0.4810126582278481,False,False,True,False
3474_03,True,0.7468354430379747,True,False,True,False
3474_04,True,0.22784810126582278,True,False,True,False
3475_01,True,0.4177215189873418,True,False,True,False
3475_02,False,0.4177215189873418,False,False,True,False
3475_03,False,0.620253164556962,True,False,True,False
3476_01,False,0.05063291139240506,True,True,False,False
3476_02,False,0.0,True,True,False,False
3476_03,False,0.0,True,True,False,False
3476_04,False,0.3037974683544304,False,True,False,False
3478_01,False,0.6582278481012658,False,False,True,False
3480_01,False,0.6329113924050633,False,True,False,False
3483_01,False,0.3924050632911392,False,True,False,False
3484_01,True,0.31645569620253167,False,True,False,False
3484_02,False,0.7848101265822784,True,True,False,False
3485_01,False,0.620253164556962,False,False,True,False
3485_02,True,0.3037974683544304,True,False,True,False
3485_03,False,0.4177215189873418,True,False,True,False
3486_01,False,0.25316455696202533,True,True,False,False
3487_01,False,0.5822784810126582,False,False,True,False
3488_01,False,0.3291139240506329,False,False,True,False
3488_02,False,0.6582278481012658,False,False,True,False
3489_01,False,0.35443037974683544,False,False,False,True
3489_02,True,0.49367088607594933,True,False,False,True
3490_01,False,0.3670886075949367,True,False,True,False
3490_02,False,0.24050632911392406,True,False,True,False
3491_01,False,0.18987341772151897,False,True,False,False
3492_01,False,0.4177215189873418,False,True,False,False
3495_01,False,0.5949367088607594,True,False,True,False
3495_02,False,0.43037974683544306,True,False,True,False
3495_03,True,0.3291139240506329,True,False,True,False
3495_04,True,0.18987341772151897,True,False,True,False
3496_01,True,0.3649105122463968,True,False,False,True
3496_02,False,0.34177215189873417,False,False,False,True
3497_01,False,0.4810126582278481,False,False,False,True
3499_01,False,0.26582278481012656,False,True,False,False
3499_02,False,0.012658227848101266,True,True,False,False
3499_03,False,0.4810126582278481,True,True,False,False
3499_04,False,0.0,False,True,False,False
3501_01,False,0.4050632911392405,False,False,False,True
3504_01,True,0.34177215189873417,True,True,False,False
3506_01,True,0.6075949367088608,True,False,True,False
3511_01,False,0.27848101265822783,False,False,False,True
3512_01,False,0.35443037974683544,False,True,False,False
3514_01,False,0.24050632911392406,False,True,False,False
3515_01,True,0.46835443037974683,False,False,False,True
3515_02,True,0.5822784810126582,True,False,False,True
3518_01,True,0.3291139240506329,True,True,False,False
3519_01,False,0.20253164556962025,True,True,False,False
3519_02,True,0.0,True,True,False,False
3519_03,True,0.0,True,True,False,False
3520_01,False,0.3291139240506329,False,True,False,False
3520_02,True,0.16455696202531644,True,True,False,False
3521_01,True,0.2911392405063291,True,False,True,False
3521_02,True,0.8860759493670886,True,False,True,False
3523_01,True,0.26582278481012656,True,True,False,False
3525_01,True,0.5063291139240507,True,False,False,True
3527_01,False,0.22784810126582278,False,False,False,True
3528_01,False,0.2911392405063291,True,True,False,False
3530_01,True,0.18987341772151897,True,True,False,False
3531_01,False,0.35443037974683544,False,False,False,True
3531_02,True,0.569620253164557,True,False,False,True
3533_01,False,0.22784810126582278,False,False,False,True
3534_01,False,0.2911392405063291,False,True,False,False
3535_01,False,0.45569620253164556,False,False,False,True
3535_02,True,0.31645569620253167,True,False,False,True
3536_01,True,0.35443037974683544,True,False,True,False
3537_01,False,0.3670886075949367,False,True,False,False
3539_01,False,0.3924050632911392,False,True,False,False
3540_01,True,0.17721518987341772,True,True,False,False
3542_01,True,0.3924050632911392,True,False,False,True
3543_01,False,0.49367088607594933,True,False,True,False
3543_02,True,0.21518987341772153,True,False,True,False
3543_03,True,0.7088607594936709,True,False,True,False
3546_01,False,0.45569620253164556,False,True,False,False
3547_01,False,0.26582278481012656,False,False,False,True
3548_01,False,0.6075949367088608,True,True,False,False
3550_01,True,0.6708860759493671,False,True,False,False
3550_02,True,0.06329113924050633,False,True,False,False
3550_03,True,0.26582278481012656,False,True,False,False
3552_01,False,0.6329113924050633,False,False,True,False
3552_02,True,0.22784810126582278,True,False,True,False
3553_01,False,0.35443037974683544,False,False,False,True
3555_01,False,0.35443037974683544,True,True,False,False
3556_01,True,0.22784810126582278,True,True,False,False
3558_01,False,0.46835443037974683,False,False,False,True
3558_02,True,0.24050632911392406,True,False,False,True
3559_01,False,0.34177215189873417,False,False,False,True
3560_01,False,0.46835443037974683,True,False,False,True
3561_01,True,0.5443037974683544,True,False,False,True
3561_02,False,0.21518987341772153,True,False,False,True
3562_01,False,0.26582278481012656,False,False,False,True
3562_02,False,0.6962025316455696,False,False,False,True
3563_01,True,0.17721518987341772,True,True,False,False
3564_01,True,0.3037974683544304,False,True,False,False
3565_01,True,0.3291139240506329,True,True,False,False
3566_01,False,0.24050632911392406,True,True,False,False
3567_01,False,0.25316455696202533,False,True,False,False
3568_01,False,0.17721518987341772,False,True,False,False
3569_01,True,0.24050632911392406,True,False,False,True
3570_01,False,0.18987341772151897,True,True,False,False
3572_01,False,0.31645569620253167,False,True,False,False
3573_01,False,0.3037974683544304,False,True,False,False
3576_01,False,0.27848101265822783,True,True,False,False
3577_01,False,0.3291139240506329,False,False,False,True
3578_01,True,0.2911392405063291,True,False,False,True
3579_01,False,0.25316455696202533,False,True,False,False
3582_01,False,0.6708860759493671,True,True,False,False
3584_01,False,0.6962025316455696,True,True,False,False
3586_01,False,0.27848101265822783,False,True,False,False
3588_01,False,0.4430379746835443,False,False,False,True
3588_02,False,0.5063291139240507,False,False,False,True
3591_01,False,0.27848101265822783,False,True,False,False
3592_01,False,0.27848101265822783,True,False,False,True
3592_02,False,0.26582278481012656,False,False,False,True
3594_01,True,0.810126582278481,True,True,False,False
3595_01,True,0.5063291139240507,True,False,True,False
3596_01,False,0.10126582278481013,True,False,False,True
3597_01,False,0.31645569620253167,False,True,False,False
3598_01,False,0.24050632911392406,False,True,False,False
3600_01,True,0.3037974683544304,True,True,False,False
3602_01,False,0.13924050632911392,True,False,False,True
3605_01,True,0.3924050632911392,True,True,False,False
3606_01,True,0.5822784810126582,False,True,False,False
3607_01,True,0.3924050632911392,True,False,False,True
3608_01,True,0.21518987341772153,True,False,True,False
3608_02,True,0.20253164556962025,True,False,True,False
3608_03,False,0.7215189873417721,True,False,True,False
3609_01,False,0.35443037974683544,False,False,True,False
3609_02,False,0.34177215189873417,False,False,True,False
3609_03,False,0.35443037974683544,True,False,True,False
3609_04,True,0.3291139240506329,True,False,True,False
3610_01,True,0.21518987341772153,True,True,False,False
3610_02,False,0.45569620253164556,True,True,False,False
3612_01,False,0.3037974683544304,True,True,False,False
3613_01,False,0.22784810126582278,True,True,False,False
3614_01,False,0.25316455696202533,False,True,False,False
3615_01,False,0.12658227848101267,False,True,False,False
3615_02,False,0.3649105122463968,True,True,False,False
3616_01,True,0.2911392405063291,True,True,False,False
3619_01,False,0.45569620253164556,False,False,True,False
3620_01,True,0.34177215189873417,True,False,True,False
3622_01,True,0.6835443037974683,True,False,True,False
3622_02,False,0.4810126582278481,False,False,True,False
3624_01,False,0.3670886075949367,False,True,False,False
3625_01,False,0.46835443037974683,True,True,False,False
3626_01,True,0.45569620253164556,True,True,False,False
3628_01,False,0.22784810126582278,False,True,False,False
3629_01,True,0.35443037974683544,True,False,False,True
3630_01,False,0.7721518987341772,False,True,False,False
3631_01,False,0.24050632911392406,False,True,False,False
3634_01,False,0.3670886075949367,True,True,False,False
3636_01,False,0.46835443037974683,False,False,False,True
3639_01,False,0.3670886075949367,True,False,True,False
3640_01,False,0.4810126582278481,False,True,False,False
3640_02,True,0.5189873417721519,False,True,False,False
3641_01,True,0.2911392405063291,True,True,False,False
3641_02,False,0.6075949367088608,False,True,False,False
3641_03,False,0.0,True,True,False,False
3642_01,False,0.5822784810126582,False,True,False,False
3644_01,True,0.45569620253164556,True,False,False,True
3645_01,True,0.5316455696202531,True,False,False,True
3645_02,True,0.3649105122463968,True,False,False,True
3645_03,True,0.20253164556962025,True,False,False,True
3645_04,True,0.5443037974683544,True,False,False,True
3645_05,True,0.5063291139240507,True,False,False,True
3647_01,True,0.27848101265822783,True,False,True,False
3648_01,False,0.49367088607594933,False,True,False,False
3650_01,True,0.46835443037974683,True,True,False,False
3652_01,True,0.35443037974683544,False,True,False,False
3653_01,False,0.3670886075949367,False,True,False,False
3654_01,False,0.17721518987341772,False,True,False,False
3654_02,False,0.18987341772151897,False,True,False,False
3655_01,False,0.21518987341772153,False,True,False,False
3658_01,True,0.05063291139240506,True,True,False,False
3658_02,False,0.3037974683544304,True,True,False,False
3660_01,False,0.3649105122463968,False,True,False,False
3662_01,False,0.27848101265822783,True,False,True,False
3662_02,True,0.4810126582278481,True,False,True,False
3664_01,True,0.37974683544303794,True,False,False,True
3665_01,True,0.3670886075949367,True,True,False,False
3667_01,True,0.3291139240506329,True,False,True,False
3668_01,True,0.5189873417721519,True,False,True,False
3671_01,False,0.6329113924050633,False,True,False,False
3674_01,False,0.43037974683544306,True,True,False,False
3677_01,False,0.3037974683544304,False,True,False,False
3678_01,False,0.3037974683544304,True,True,False,False
3679_01,False,0.569620253164557,False,False,True,False
3680_01,False,0.4430379746835443,False,False,True,False
3680_02,True,0.2911392405063291,True,False,True,False
3681_01,True,0.2911392405063291,True,False,True,False
3681_02,False,0.26582278481012656,False,False,True,False
3682_01,True,0.24050632911392406,True,False,False,True
3686_01,False,0.3037974683544304,False,True,False,False
3688_01,False,0.02531645569620253,True,False,False,True
3688_02,False,0.0,True,False,False,True
3688_03,True,0.25316455696202533,True,False,False,True
3690_01,False,0.4430379746835443,True,True,False,False
3691_01,False,0.43037974683544306,False,False,False,True
3692_01,False,0.3291139240506329,False,True,False,False
3693_01,True,0.3291139240506329,True,True,False,False
3699_01,True,0.4050632911392405,True,False,True,False
3699_02,False,0.31645569620253167,True,False,True,False
3699_03,True,0.37974683544303794,True,False,True,False
3699_04,False,0.7215189873417721,False,False,True,False
3700_01,False,0.2911392405063291,False,True,False,False
3702_01,True,0.4050632911392405,False,False,False,True
3703_01,True,0.34177215189873417,True,True,False,False
3703_02,False,0.25316455696202533,False,False,False,True
3704_01,False,0.26582278481012656,False,True,False,False
3705_01,False,0.24050632911392406,False,True,False,False
3706_01,False,0.20253164556962025,False,False,False,True
3706_02,False,0.22784810126582278,True,False,False,True
3707_01,False,0.22784810126582278,False,True,False,False
3707_02,False,0.27848101265822783,True,True,False,False
3708_01,True,0.3649105122463968,True,True,False,False
3710_01,False,0.4430379746835443,False,True,False,False
3710_02,False,0.10126582278481013,False,True,False,False
3710_03,True,0.06329113924050633,False,True,False,False
3711_01,True,0.5063291139240507,True,False,False,True
3711_02,False,0.3924050632911392,False,False,False,True
3711_03,True,0.11392405063291139,True,False,False,True
3713_01,True,0.7088607594936709,True,False,True,False
3713_02,True,0.49367088607594933,True,False,True,False
3713_03,True,0.22784810126582278,True,False,True,False
3714_01,False,0.569620253164557,False,False,False,True
3714_02,False,0.4177215189873418,False,False,False,True
3715_01,True,0.02531645569620253,False,True,False,False
3715_02,True,0.012658227848101266,False,True,False,False
3715_03,False,0.02531645569620253,True,True,False,False
3715_04,True,0.20253164556962025,False,True,False,False
3716_01,False,0.22784810126582278,True,True,False,False
3719_01,False,0.35443037974683544,False,False,False,True
3719_02,True,0.569620253164557,True,False,False,True
3724_01,True,0.3037974683544304,True,True,False,False
3726_01,True,0.4430379746835443,True,True,False,False
3728_01,True,0.20253164556962025,True,True,False,False
3729_01,True,0.5063291139240507,True,True,False,False
3732_01,True,0.06329113924050633,True,False,True,False
3732_02,False,0.3670886075949367,False,False,True,False
3732_03,True,0.3924050632911392,True,False,True,False
3732_04,False,0.34177215189873417,False,False,True,False
3733_01,False,0.43037974683544306,False,False,True,False
3734_01,True,0.18987341772151897,True,True,False,False
3735_01,False,0.5443037974683544,True,False,True,False
3735_02,False,0.37974683544303794,False,False,True,False
3736_01,False,0.7721518987341772,True,False,True,False
3737_01,False,0.6075949367088608,False,True,False,False
3737_02,True,0.21518987341772153,True,True,False,False
3739_01,False,0.24050632911392406,False,True,False,False
3741_01,True,0.3670886075949367,True,False,True,False
3742_01,True,0.02531645569620253,False,True,False,False
3742_02,True,0.3037974683544304,True,True,False,False
3743_01,False,0.24050632911392406,False,True,False,False
3744_01,False,0.43037974683544306,True,False,False,True
3745_01,False,0.24050632911392406,False,True,False,False
3747_01,False,0.49367088607594933,False,False,True,False
3747_02,True,0.3291139240506329,True,False,True,False
3747_03,False,0.6708860759493671,False,False,True,False
3747_04,True,0.22784810126582278,True,False,True,False
3748_01,True,0.3649105122463968,True,False,False,True
3749_01,True,0.569620253164557,True,False,True,False
3749_02,True,0.4050632911392405,True,False,True,False
3750_01,False,0.22784810126582278,False,True,False,False
3750_02,False,0.6075949367088608,False,True,False,False
3751_01,False,0.3037974683544304,True,True,False,False
3752_01,False,0.6582278481012658,False,False,True,False
3753_01,False,0.6962025316455696,False,True,False,False
3754_01,True,0.5443037974683544,True,True,False,False
3755_01,True,0.3037974683544304,False,True,False,False
3755_02,True,0.10126582278481013,False,True,False,False
3756_01,True,0.22784810126582278,True,False,False,True
3757_01,True,0.4810126582278481,True,True,False,False
3758_01,False,0.22784810126582278,False,True,False,False
3758_02,True,0.2911392405063291,True,True,False,False
3759_01,True,0.3291139240506329,True,True,False,False
3760_01,True,0.26582278481012656,True,True,False,False
3761_01,False,0.569620253164557,True,True,False,False
3765_01,True,0.3037974683544304,True,False,False,True
3767_01,False,0.5569620253164557,False,False,True,False
3768_01,False,0.25316455696202533,True,True,False,False
3769_01,False,0.5949367088607594,False,False,False,True
3770_01,True,0.20253164556962025,True,True,False,False
3771_01,False,0.35443037974683544,False,False,True,False
3772_01,False,0.10126582278481013,True,True,False,False
3772_02,False,0.25316455696202533,True,True,False,False
3773_01,False,0.27848101265822783,True,True,False,False
3773_02,False,0.5316455696202531,True,True,False,False
3773_03,False,0.2911392405063291,True,True,False,False
3774_01,False,0.37974683544303794,False,True,False,False
3774_02,True,0.22784810126582278,False,True,False,False
3774_03,False,0.4430379746835443,False,True,False,False
3775_01,True,0.5316455696202531,True,False,False,True
3775_02,True,0.5822784810126582,True,False,False,True
3776_01,False,0.3670886075949367,True,False,True,False
3777_01,True,0.4430379746835443,True,False,True,False
3778_01,False,0.6075949367088608,True,True,False,False
3779_01,False,0.3037974683544304,True,True,False,False
3781_01,False,0.4810126582278481,False,False,True,False
3783_01,False,0.6455696202531646,False,True,False,False
3784_01,False,0.9746835443037974,False,True,False,False
3785_01,True,0.27848101265822783,False,True,False,False
3786_01,False,0.4810126582278481,False,False,False,True
3786_02,False,0.5316455696202531,False,False,False,True
3787_01,True,0.6962025316455696,True,False,False,True
3787_02,False,0.08860759493670886,True,False,False,True
3787_03,False,0.3649105122463968,True,False,False,True
3788_01,False,0.31645569620253167,False,False,False,True
3789_01,True,0.18987341772151897,True,True,False,False
3790_01,True,0.16455696202531644,True,True,False,False
3793_01,True,0.2911392405063291,True,True,False,False
3795_01,True,0.3649105122463968,True,False,True,False
3796_01,False,0.4177215189873418,True,False,True,False
3797_01,False,0.3291139240506329,False,False,True,False
3798_01,True,0.8481012658227848,True,False,True,False
3801_01,False,0.34177215189873417,False,True,False,False
3803_01,False,0.4177215189873418,False,False,False,True
3804_01,False,0.22784810126582278,False,True,False,False
3805_01,False,0.45569620253164556,False,True,False,False
3807_01,True,0.22784810126582278,True,True,False,False
3810_01,False,0.6455696202531646,False,True,False,False
3811_01,True,0.6835443037974683,True,False,False,True
3811_02,False,0.4177215189873418,False,False,False,True
3812_01,False,0.22784810126582278,False,True,False,False
3814_01,True,0.7215189873417721,True,False,True,False
3815_01,False,0.2911392405063291,False,True,False,False
3816_01,False,0.3037974683544304,False,True,False,False
3817_01,False,0.25316455696202533,False,False,False,True
3818_01,False,0.4050632911392405,False,True,False,False
3820_01,True,0.26582278481012656,True,False,False,True
3821_01,False,0.3649105122463968,False,True,False,False
3822_01,False,0.5189873417721519,False,True,False,False
3823_01,False,0.34177215189873417,True,False,False,True
3824_01,False,0.620253164556962,True,True,False,False
3826_01,False,0.22784810126582278,False,True,False,False
3830_01,False,0.43037974683544306,False,True,False,False
3831_01,False,0.9240506329113924,False,False,False,True
3832_01,False,0.5063291139240507,False,True,False,False
3835_01,False,0.7974683544303798,False,True,False,False
3836_01,False,0.26582278481012656,True,False,False,True
3838_01,False,0.26582278481012656,True,True,False,False
3839_01,False,0.2911392405063291,False,False,False,True
3841_01,False,0.3924050632911392,False,False,False,True
3842_01,False,0.5189873417721519,False,True,False,False
3846_01,True,0.18987341772151897,True,True,False,False
3847_01,False,0.45569620253164556,False,False,True,False
3848_01,False,0.3037974683544304,False,True,False,False
3849_01,False,0.34177215189873417,False,True,False,False
3850_01,False,0.3037974683544304,False,False,True,False
3850_02,True,0.24050632911392406,True,False,True,False
3850_03,False,0.31645569620253167,True,False,True,False
3850_04,True,0.49367088607594933,True,False,True,False
3850_05,True,0.18987341772151897,True,False,True,False
3850_06,False,0.3924050632911392,True,False,True,False
3850_07,True,0.31645569620253167,True,False,True,False
3851_01,False,0.7215189873417721,False,False,True,False
3852_01,True,0.3649105122463968,True,False,False,True
3853_01,False,0.22784810126582278,True,True,False,False
3854_01,True,0.4177215189873418,True,True,False,False
3856_01,False,0.2911392405063291,True,True,False,False
3857_01,True,0.43037974683544306,True,False,True,False
3862_01,True,0.4810126582278481,True,False,False,True
3862_02,False,0.26582278481012656,True,False,False,True
3862_03,True,0.3924050632911392,False,False,False,True
3862_04,False,0.16455696202531644,False,False,False,True
3862_05,False,0.6835443037974683,True,False,False,True
3862_06,False,0.16455696202531644,False,False,False,True
3862_07,False,0.22784810126582278,False,False,False,True
3864_01,True,0.3649105122463968,True,False,True,False
3866_01,False,0.5443037974683544,False,True,False,False
3867_01,False,0.7088607594936709,True,True,False,False
3868_01,False,0.7974683544303798,False,True,False,False
3868_02,False,0.11392405063291139,True,True,False,False
3868_03,False,0.11392405063291139,False,True,False,False
3868_04,False,0.0,True,True,False,False
3868_05,False,0.20253164556962025,True,True,False,False
3868_06,True,0.5316455696202531,True,True,False,False
3868_07,True,0.11392405063291139,False,True,False,False
3870_01,True,0.27848101265822783,True,False,True,False
3871_01,True,0.5949367088607594,True,False,True,False
3872_01,True,0.37974683544303794,True,False,False,True
3873_01,False,0.3670886075949367,False,True,False,False
3874_01,False,0.3649105122463968,False,True,False,False
3874_02,False,0.27848101265822783,True,True,False,False
3875_01,False,0.24050632911392406,False,True,False,False
3879_01,False,0.3924050632911392,False,False,False,True
3883_01,True,0.21518987341772153,True,False,True,False
3883_02,False,0.4810126582278481,False,False,True,False
3883_03,True,0.16455696202531644,True,False,True,False
3886_01,True,0.45569620253164556,True,True,False,False
3888_01,False,0.0,True,True,False,False
3890_01,True,0.26582278481012656,True,True,False,False
3894_01,False,0.22784810126582278,True,True,False,False
3895_01,True,0.45569620253164556,False,False,False,True
3895_02,False,0.34177215189873417,False,False,False,True
3895_03,False,0.06329113924050633,True,False,False,True
3896_01,False,0.22784810126582278,True,True,False,False
3897_01,True,0.31645569620253167,False,True,False,False
3898_01,True,0.17721518987341772,True,True,False,False
3899_01,True,0.2911392405063291,True,False,True,False
3903_01,False,0.02531645569620253,False,True,False,False
3903_02,True,0.012658227848101266,False,True,False,False
3903_03,True,0.08860759493670886,True,True,False,False
3903_04,False,0.0759493670886076,False,True,False,False
3903_05,False,0.7088607594936709,False,True,False,False
3903_06,True,0.05063291139240506,True,True,False,False
3904_01,False,0.8227848101265822,False,True,False,False
3907_01,True,0.45569620253164556,True,True,False,False
3909_01,True,0.31645569620253167,True,False,True,False
3911_01,False,0.5189873417721519,False,True,False,False
3911_02,False,0.25316455696202533,True,True,False,False
3911_03,True,0.22784810126582278,True,True,False,False
3912_01,False,0.18987341772151897,True,True,False,False
3913_01,False,0.2911392405063291,False,True,False,False
3913_02,False,0.3670886075949367,False,True,False,False
3915_01,True,0.4177215189873418,True,True,False,False
3916_01,False,0.17721518987341772,False,False,True,False
3916_02,True,0.6962025316455696,True,False,True,False
3917_01,False,0.37974683544303794,False,False,True,False
3919_01,False,0.26582278481012656,False,True,False,False
3921_01,False,0.3291139240506329,True,True,False,False
3922_01,True,0.4177215189873418,True,True,False,False
3923_01,False,0.22784810126582278,False,True,False,False
3923_02,True,0.11392405063291139,True,True,False,False
3923_03,True,0.0,True,True,False,False
3924_01,False,0.24050632911392406,True,True,False,False
3926_01,False,0.22784810126582278,False,True,False,False
3927_01,False,0.4810126582278481,False,False,True,False
3927_02,False,0.5316455696202531,True,False,True,False
3928_01,False,0.35443037974683544,False,False,True,False
3928_02,True,0.46835443037974683,True,False,True,False
3930_01,False,0.3670886075949367,False,True,False,False
3931_01,False,0.5316455696202531,False,True,False,False
3932_01,False,0.22784810126582278,True,False,False,True
3932_02,False,0.43037974683544306,True,False,False,True
3933_01,True,0.43037974683544306,True,True,False,False
3935_01,True,0.22784810126582278,False,True,False,False
3936_01,False,0.3037974683544304,False,True,False,False
3937_01,False,0.3037974683544304,True,True,False,False
3938_01,True,0.7088607594936709,True,False,False,True
3938_02,True,0.02531645569620253,True,False,False,True
3938_03,True,0.1518987341772152,True,False,False,True
3939_01,False,0.46835443037974683,False,True,False,False
3940_01,False,0.7594936708860759,False,False,False,True
3941_01,True,0.6962025316455696,False,True,False,False
3942_01,True,0.25316455696202533,False,True,False,False
3944_01,False,0.35443037974683544,False,False,False,True
3945_01,True,0.35443037974683544,False,True,False,False
3946_01,False,0.46835443037974683,False,False,False,True
3948_01,False,0.22784810126582278,False,True,False,False
3949_01,False,0.17721518987341772,False,True,False,False
3950_01,False,0.3670886075949367,True,False,True,False
3952_01,False,0.6455696202531646,False,True,False,False
3954_01,True,0.569620253164557,False,True,False,False
3955_01,True,0.569620253164557,True,True,False,False
3958_01,False,0.5189873417721519,False,False,False,True
3959_01,False,0.26582278481012656,False,True,False,False
3959_02,False,0.35443037974683544,False,True,False,False
3959_03,True,0.0,True,True,False,False
3960_01,False,0.5822784810126582,False,True,False,False
3961_01,True,0.5189873417721519,True,False,False,True
3962_01,False,0.16455696202531644,True,True,False,False
3962_02,False,0.6962025316455696,False,True,False,False
3963_01,False,0.25316455696202533,True,True,False,False
3964_01,True,0.26582278481012656,True,True,False,False
3966_01,False,0.620253164556962,False,True,False,False
3966_02,False,0.34177215189873417,True,True,False,False
3966_03,False,0.0,True,True,False,False
3967_01,False,0.27848101265822783,False,False,False,True
3968_01,True,0.21518987341772153,False,True,False,False
3970_01,False,0.2911392405063291,True,False,False,True
3971_01,False,0.5569620253164557,False,True,False,False
3973_01,True,0.3670886075949367,True,False,True,False
3974_01,False,0.24050632911392406,True,True,False,False
3974_02,True,0.0379746835443038,True,True,False,False
3976_01,False,0.3670886075949367,True,False,True,False
3977_01,False,0.24050632911392406,True,True,False,False
3980_01,True,0.27848101265822783,True,True,False,False
3981_01,False,0.4177215189873418,False,True,False,False
3984_01,True,0.3649105122463968,True,True,False,False
3985_01,False,0.6329113924050633,False,True,False,False
3986_01,False,0.6835443037974683,False,False,False,True
3986_02,False,0.5443037974683544,False,False,False,True
3987_01,False,0.21518987341772153,True,True,False,False
3988_01,False,0.3291139240506329,False,False,False,True
3991_01,False,0.5569620253164557,False,True,False,False
3992_01,False,0.6455696202531646,False,True,False,False
3994_01,True,0.3670886075949367,True,False,True,False
3995_01,False,0.05063291139240506,False,True,False,False
3995_02,False,0.5063291139240507,False,True,False,False
3995_03,False,0.34177215189873417,False,True,False,False
3995_04,False,0.10126582278481013,False,True,False,False
3995_05,False,0.0379746835443038,False,True,False,False
3995_06,False,0.13924050632911392,True,True,False,False
3996_01,False,0.3037974683544304,True,True,False,False
3997_01,False,0.31645569620253167,False,True,False,False
3998_01,False,0.35443037974683544,True,False,True,False
3999_01,False,0.31645569620253167,False,True,False,False
4000_01,True,0.34177215189873417,True,True,False,False
4000_02,False,0.31645569620253167,False,True,False,False
4000_03,True,0.0,True,True,False,False
4001_01,False,0.7341772151898734,True,True,False,False
4001_02,True,0.0379746835443038,True,True,False,False
4001_03,True,0.05063291139240506,True,True,False,False
4001_04,True,0.02531645569620253,False,True,False,False
4001_05,False,0.43037974683544306,True,True,False,False
4001_06,False,0.06329113924050633,True,True,False,False
4001_07,False,0.0379746835443038,False,True,False,False
4002_01,True,0.5822784810126582,False,False,False,True
4003_01,False,0.27848101265822783,True,True,False,False
4005_01,False,0.10126582278481013,True,True,False,False
4005_02,False,0.21518987341772153,True,True,False,False
4005_03,False,0.05063291139240506,False,True,False,False
4005_04,True,0.1518987341772152,False,True,False,False
4005_05,True,0.5063291139240507,True,True,False,False
4005_06,False,0.20253164556962025,True,True,False,False
4005_07,True,0.5189873417721519,True,True,False,False
4005_08,True,0.10126582278481013,False,True,False,False
4006_01,True,0.17721518987341772,True,True,False,False
4006_02,True,0.02531645569620253,True,True,False,False
4006_03,False,0.7468354430379747,True,True,False,False
4006_04,False,0.569620253164557,False,True,False,False
4006_05,False,0.6582278481012658,True,True,False,False
4008_01,True,0.4177215189873418,True,False,False,True
4009_01,False,0.6455696202531646,True,True,False,False
4010_01,True,0.4810126582278481,False,True,False,False
4013_01,False,0.17721518987341772,False,False,False,True
4014_01,False,0.5316455696202531,False,False,True,False
4014_02,False,0.35443037974683544,False,False,True,False
4016_01,False,0.43037974683544306,False,True,False,False
4017_01,False,0.26582278481012656,False,False,False,True
4017_02,True,0.37974683544303794,True,False,False,True
4017_03,True,0.3649105122463968,True,False,False,True
4017_04,True,0.3291139240506329,False,False,False,True
4017_05,False,0.2911392405063291,False,False,False,True
4018_01,False,0.25316455696202533,False,True,False,False
4019_01,False,0.7468354430379747,True,True,False,False
4020_01,False,0.46835443037974683,False,False,True,False
4021_01,False,0.4050632911392405,False,False,False,True
4022_01,False,0.46835443037974683,False,True,False,False
4023_01,False,0.34177215189873417,False,True,False,False
4026_01,True,0.5316455696202531,True,False,True,False
4027_01,True,0.3670886075949367,True,True,False,False
4030_01,False,0.02531645569620253,True,True,False,False
4030_02,True,0.12658227848101267,False,True,False,False
4030_03,False,0.0,False,True,False,False
4030_04,True,0.26582278481012656,False,True,False,False
4030_05,False,0.10126582278481013,False,True,False,False
4031_01,True,0.3649105122463968,True,False,True,False
4031_02,True,0.34177215189873417,True,False,True,False
4032_01,False,0.16455696202531644,True,True,False,False
4033_01,False,0.620253164556962,True,False,True,False
4034_01,True,0.4810126582278481,False,False,False,True
4035_01,True,0.26582278481012656,True,True,False,False
4036_01,False,0.27848101265822783,False,True,False,False
4037_01,True,0.17721518987341772,True,True,False,False
4038_01,True,0.3037974683544304,False,True,False,False
4039_01,False,0.3037974683544304,False,True,False,False
4040_01,True,0.43037974683544306,False,True,False,False
4042_01,False,0.012658227848101266,True,False,True,False
4042_02,True,0.3649105122463968,True,False,True,False
4042_03,True,0.3291139240506329,True,False,True,False
4043_01,False,0.3649105122463968,False,True,False,False
4044_01,False,0.4050632911392405,False,False,False,True
4044_02,False,0.02531645569620253,True,False,False,True
4044_03,True,0.12658227848101267,True,False,False,True
4045_01,False,0.620253164556962,False,False,False,True
4046_01,True,0.17721518987341772,True,True,False,False
4047_01,True,0.3670886075949367,True,True,False,False
4049_01,True,0.31645569620253167,False,False,True,False
4050_01,False,0.45569620253164556,False,False,True,False
4053_01,True,0.27848101265822783,True,True,False,False
4055_01,False,0.26582278481012656,False,True,False,False
4058_01,False,0.45569620253164556,False,True,False,False
4060_01,False,0.6835443037974683,False,True,False,False
4061_01,False,0.37974683544303794,False,False,False,True
4061_02,True,0.0,True,False,False,True
4061_03,True,0.012658227848101266,True,False,False,True
4063_01,True,0.5316455696202531,True,True,False,False
4064_01,False,0.5949367088607594,True,True,False,False
4065_01,False,0.31645569620253167,False,True,False,False
4066_01,False,0.22784810126582278,False,False,True,False
4066_02,True,0.27848101265822783,True,False,True,False
4068_01,False,0.34177215189873417,False,False,True,False
4069_01,False,0.3037974683544304,True,True,False,False
4071_01,True,0.3649105122463968,True,False,True,False
4071_02,True,0.27848101265822783,True,False,True,False
4072_01,True,0.7594936708860759,True,True,False,False
4075_01,False,0.4810126582278481,False,False,True,False
4076_01,False,0.2911392405063291,False,True,False,False
4078_01,True,0.26582278481012656,False,True,False,False
4079_01,False,0.6962025316455696,False,False,False,True
4080_01,False,0.25316455696202533,False,True,False,False
4081_01,False,0.6329113924050633,False,True,False,False
4082_01,False,0.27848101265822783,False,False,False,True
4083_01,False,0.26582278481012656,True,False,True,False
4084_01,False,0.3291139240506329,True,False,True,False
4089_01,False,0.45569620253164556,True,False,True,False
4090_01,False,0.5822784810126582,True,False,False,True
4091_01,False,0.3291139240506329,True,True,False,False
4093_01,False,0.3037974683544304,False,True,False,False
4095_01,False,0.17721518987341772,False,True,False,False
4096_01,False,0.5822784810126582,True,False,False,True
4097_01,False,0.18987341772151897,False,True,False,False
4098_01,True,0.37974683544303794,False,True,False,False
4099_01,True,0.3649105122463968,True,True,False,False
4101_01,False,0.4810126582278481,False,False,False,True
4102_01,True,0.6075949367088608,True,False,True,False
4103_01,True,0.3924050632911392,False,True,False,False
4104_01,False,0.5189873417721519,False,True,False,False
4106_01,False,0.5443037974683544,True,True,False,False
4107_01,False,0.2911392405063291,False,True,False,False
4108_01,True,0.6075949367088608,True,False,True,False
4108_02,False,0.5949367088607594,True,False,True,False
4109_01,False,0.24050632911392406,True,True,False,False
4110_01,False,0.31645569620253167,False,True,False,False
4112_01,True,0.35443037974683544,True,True,False,False
4113_01,True,0.20253164556962025,True,False,True,False
4113_02,False,0.569620253164557,True,False,True,False
4114_01,True,0.3924050632911392,True,False,False,True
4115_01,True,0.24050632911392406,False,True,False,False
4116_01,False,0.26582278481012656,True,True,False,False
4120_01,True,0.3649105122463968,False,True,False,False
4125_01,True,0.27848101265822783,True,True,False,False
4127_01,False,0.2911392405063291,True,False,True,False
4128_01,False,0.6835443037974683,False,False,False,True
4128_02,False,0.0,True,False,False,True
4128_03,True,0.05063291139240506,True,False,False,True
4129_01,False,0.2911392405063291,False,True,False,False
4130_01,True,0.24050632911392406,True,False,False,True
4131_01,True,0.43037974683544306,True,False,True,False
4132_01,True,0.22784810126582278,False,True,False,False
4134_01,True,0.5063291139240507,True,True,False,False
4135_01,False,0.7341772151898734,False,False,False,True
4137_01,False,0.49367088607594933,False,True,False,False
4140_01,False,0.2911392405063291,False,True,False,False
4141_01,False,0.13924050632911392,False,True,False,False
4142_01,True,0.5443037974683544,True,False,True,False
4143_01,True,0.3670886075949367,False,False,False,True
4144_01,False,0.45569620253164556,False,True,False,False
4145_01,False,0.16455696202531644,False,True,False,False
4147_01,False,0.6835443037974683,True,False,True,False
4147_02,True,0.569620253164557,True,False,True,False
4149_01,False,0.4177215189873418,True,True,False,False
4150_01,False,0.5822784810126582,True,True,False,False
4151_01,True,0.18987341772151897,True,True,False,False
4152_01,False,0.4430379746835443,False,True,False,False
4154_01,True,0.2911392405063291,True,False,False,True
4156_01,True,0.18987341772151897,False,True,False,False
4158_01,False,0.34177215189873417,False,True,False,False
4159_01,False,0.18987341772151897,False,True,False,False
4160_01,False,0.34177215189873417,True,False,False,True
4163_01,True,0.20253164556962025,True,True,False,False
4165_01,False,0.46835443037974683,True,True,False,False
4166_01,True,0.569620253164557,True,False,True,False
4166_02,False,0.7341772151898734,True,False,True,False
4167_01,False,0.3649105122463968,False,True,False,False
4168_01,False,0.4810126582278481,False,True,False,False
4168_02,False,0.35443037974683544,False,True,False,False
4169_01,True,0.5949367088607594,True,False,True,False
4169_02,False,0.5189873417721519,True,False,True,False
4170_01,True,0.35443037974683544,True,False,True,False
4171_01,True,0.2911392405063291,False,True,False,False
4172_01,True,0.3037974683544304,True,False,False,True
4172_02,False,0.7341772151898734,False,False,False,True
4172_03,True,0.45569620253164556,True,True,False,False
4172_04,False,0.3037974683544304,False,False,False,True
4172_05,False,0.7088607594936709,False,False,False,True
4172_06,True,0.18987341772151897,True,False,False,True
4172_07,False,0.24050632911392406,True,False,False,True
4173_01,False,0.34177215189873417,False,True,False,False
4174_01,False,0.5949367088607594,False,True,False,False
4175_01,False,0.46835443037974683,False,True,False,False
4176_01,True,0.49367088607594933,True,False,False,True
4176_02,True,0.25316455696202533,True,False,False,True
4176_03,False,0.25316455696202533,True,False,False,True
4176_04,False,0.4810126582278481,False,False,False,True
4176_05,False,0.5822784810126582,False,False,False,True
4176_06,True,0.16455696202531644,True,False,False,True
4176_07,False,0.3037974683544304,True,False,False,True
4177_01,True,0.4050632911392405,True,False,True,False
4177_02,True,0.3649105122463968,True,False,True,False
4177_03,False,0.5569620253164557,False,False,True,False
4178_01,False,0.24050632911392406,False,True,False,False
4179_01,False,0.37974683544303794,True,False,True,False
4179_02,True,0.2911392405063291,True,False,True,False
4181_01,False,0.05063291139240506,True,False,True,False
4181_02,False,0.0,True,False,True,False
4181_03,True,0.21518987341772153,True,False,True,False
4181_04,True,0.5569620253164557,True,False,True,False
4181_05,False,0.3924050632911392,False,False,True,False
4181_06,False,0.5189873417721519,True,False,True,False
4182_01,False,0.4177215189873418,False,False,True,False
4182_02,False,0.5443037974683544,False,False,True,False
4182_03,False,0.5443037974683544,False,False,True,False
4183_01,False,0.45569620253164556,False,True,False,False
4184_01,False,0.24050632911392406,False,True,False,False
4185_01,False,0.3037974683544304,True,True,False,False
4186_01,True,0.21518987341772153,True,True,False,False
4188_01,False,0.2911392405063291,True,True,False,False
4189_01,False,0.21518987341772153,False,True,False,False
4191_01,False,0.22784810126582278,False,False,False,True
4194_01,True,0.43037974683544306,True,False,False,True
4196_01,True,0.16455696202531644,True,True,False,False
4197_01,False,0.8354430379746836,True,True,False,False
4197_02,False,0.34177215189873417,True,True,False,False
4197_03,False,0.24050632911392406,False,True,False,False
4199_01,False,0.6962025316455696,True,True,False,False
4203_01,False,0.5063291139240507,False,False,False,True
4204_01,True,0.2911392405063291,True,True,False,False
4204_02,False,0.08860759493670886,False,True,False,False
4204_03,True,0.1518987341772152,True,True,False,False
4205_01,False,0.46835443037974683,False,True,False,False
4206_01,False,0.27848101265822783,False,True,False,False
4207_01,True,0.31645569620253167,True,True,False,False
4207_02,True,0.5822784810126582,True,False,True,False
4208_01,False,0.46835443037974683,False,False,False,True
4210_01,True,0.6329113924050633,True,False,True,False
4210_02,True,0.35443037974683544,True,False,True,False
4211_01,True,0.3291139240506329,True,False,True,False
4212_01,True,0.35443037974683544,True,True,False,False
4213_01,False,0.2911392405063291,False,True,False,False
4214_01,False,0.2911392405063291,False,False,True,False
4215_01,False,0.43037974683544306,False,False,False,True
4216_01,True,0.8227848101265822,True,False,True,False
4216_02,True,0.25316455696202533,True,True,False,False
4218_01,True,0.3670886075949367,True,False,False,True
4218_02,False,0.37974683544303794,True,False,False,True
4219_01,True,0.0379746835443038,True,False,False,True
4219_02,False,0.5063291139240507,False,False,False,True
4219_03,False,0.4050632911392405,False,False,False,True
4220_01,False,0.3924050632911392,False,True,False,False
4221_01,False,0.16455696202531644,True,True,False,False
4222_01,False,0.3670886075949367,False,True,False,False
4222_02,False,0.35443037974683544,False,True,False,False
4223_01,False,0.24050632911392406,True,False,False,True
4223_02,False,0.3037974683544304,True,False,False,True
4225_01,True,0.27848101265822783,False,False,False,True
4229_01,False,0.16455696202531644,False,True,False,False
4230_01,False,0.26582278481012656,False,True,False,False
4231_01,False,0.3037974683544304,True,True,False,False
4232_01,False,0.5949367088607594,True,False,True,False
4233_01,False,0.34177215189873417,False,False,True,False
4237_01,False,0.22784810126582278,True,True,False,False
4238_01,True,0.45569620253164556,True,False,True,False
4239_01,False,0.8607594936708861,False,True,False,False
4240_01,False,0.3924050632911392,True,False,True,False
4242_01,True,0.35443037974683544,True,False,False,True
4243_01,False,0.45569620253164556,False,False,False,True
4244_01,False,0.21518987341772153,True,True,False,False
4245_01,True,0.16455696202531644,True,True,False,False
4246_01,False,0.37974683544303794,False,True,False,False
4249_01,False,0.7341772151898734,True,False,True,False
4249_02,True,0.5443037974683544,True,False,True,False
4249_03,False,0.25316455696202533,True,False,True,False
4251_01,False,0.3670886075949367,False,True,False,False
4252_01,False,0.18987341772151897,True,True,False,False
4253_01,False,0.37974683544303794,False,True,False,False
4254_01,False,0.4177215189873418,False,False,True,False
4254_02,True,0.31645569620253167,True,False,True,False
4254_03,False,0.7848101265822784,False,False,True,False
4255_01,True,0.5189873417721519,True,True,False,False
4256_01,False,0.34177215189873417,False,True,False,False
4256_02,True,0.22784810126582278,False,True,False,False
4256_03,True,0.34177215189873417,True,True,False,False
4256_04,False,0.24050632911392406,True,True,False,False
4256_05,False,0.46835443037974683,False,True,False,False
4256_06,True,0.3037974683544304,False,True,False,False
4256_07,False,0.3670886075949367,False,True,False,False
4256_08,False,0.5569620253164557,False,True,False,False
4257_01,False,0.24050632911392406,False,True,False,False
4258_01,False,0.49367088607594933,False,False,True,False
4258_02,False,0.7974683544303798,False,False,True,False
4258_03,False,0.49367088607594933,False,False,True,False
4259_01,True,0.5189873417721519,True,False,False,True
4260_01,True,0.34177215189873417,True,True,False,False
4261_01,False,0.7088607594936709,True,False,False,True
4262_01,True,0.27848101265822783,True,False,True,False
4262_02,False,0.3291139240506329,False,False,True,False
4264_01,False,0.3037974683544304,False,True,False,False
4266_01,True,0.22784810126582278,True,True,False,False
4267_01,True,0.16455696202531644,True,True,False,False
4267_02,False,0.4050632911392405,True,True,False,False
4270_01,False,0.37974683544303794,False,False,True,False
4271_01,True,0.31645569620253167,True,False,True,False
4272_01,False,0.6962025316455696,True,True,False,False
4273_01,False,0.24050632911392406,False,True,False,False
4274_01,False,0.3037974683544304,True,True,False,False
4278_01,False,0.4050632911392405,True,False,True,False
4280_01,False,0.3037974683544304,False,False,False,True
4289_01,True,0.4050632911392405,True,False,False,True
4291_01,True,0.45569620253164556,False,True,False,False
4292_01,False,0.35443037974683544,True,False,True,False
4293_01,False,0.6582278481012658,True,True,False,False
4294_01,False,0.3670886075949367,True,True,False,False
4295_01,False,0.2911392405063291,True,False,False,True
4295_02,True,0.4050632911392405,True,False,False,True
4296_01,True,0.4430379746835443,False,True,False,False
4297_01,False,0.5189873417721519,False,False,True,False
4300_01,True,0.20253164556962025,True,True,False,False
4301_01,True,0.4177215189873418,True,False,True,False
4302_01,True,0.0759493670886076,True,True,False,False
4303_01,False,0.18987341772151897,True,True,False,False
4303_02,False,0.4810126582278481,False,True,False,False
4305_01,False,0.7088607594936709,False,True,False,False
4305_02,True,0.05063291139240506,True,True,False,False
4305_03,True,0.26582278481012656,True,True,False,False
4306_01,False,0.27848101265822783,True,False,False,True
4309_01,False,0.46835443037974683,False,True,False,False
4309_02,False,0.0759493670886076,True,True,False,False
4311_01,False,0.27848101265822783,False,True,False,False
4312_01,False,0.3291139240506329,False,False,True,False
4315_01,False,0.27848101265822783,True,True,False,False
4315_02,False,0.25316455696202533,True,True,False,False
4316_01,False,0.3649105122463968,False,True,False,False
4317_01,False,0.3037974683544304,True,False,False,True
4318_01,True,0.31645569620253167,True,False,False,True
4319_01,False,0.6075949367088608,False,True,False,False
4320_01,False,0.3037974683544304,False,True,False,False
4324_01,False,0.0379746835443038,True,False,False,True
4324_02,True,0.3037974683544304,True,False,False,True
4324_03,False,0.31645569620253167,False,False,False,True
4324_04,True,0.012658227848101266,True,False,False,True
4327_01,False,0.25316455696202533,True,True,False,False
4329_01,False,0.27848101265822783,False,True,False,False
4330_01,False,0.35443037974683544,True,False,False,True
4332_01,True,0.21518987341772153,True,True,False,False
4333_01,False,0.35443037974683544,False,False,True,False
4334_01,True,0.5949367088607594,True,False,True,False
4335_01,True,0.43037974683544306,False,False,False,True
4336_01,False,0.3670886075949367,True,False,True,False
4336_02,True,0.17721518987341772,True,False,True,False
4336_03,False,0.45569620253164556,True,False,True,False
4336_04,False,0.5063291139240507,True,False,True,False
4337_01,False,0.620253164556962,True,False,False,True
4338_01,False,0.6455696202531646,True,False,True,False
4338_02,False,0.5189873417721519,True,False,True,False
4338_03,False,0.5569620253164557,True,False,True,False
4339_01,False,0.5949367088607594,False,False,False,True
4340_01,False,0.27848101265822783,True,True,False,False
4343_01,True,0.16455696202531644,True,True,False,False
4344_01,False,0.22784810126582278,True,True,False,False
4345_01,False,0.35443037974683544,False,True,False,False
4346_01,False,0.27848101265822783,True,True,False,False
4347_01,False,0.6329113924050633,False,True,False,False
4348_01,True,0.5949367088607594,True,False,True,False
4349_01,False,0.6962025316455696,False,False,False,True
4350_01,True,0.26582278481012656,True,True,False,False
4350_02,False,0.49367088607594933,False,True,False,False
4351_01,False,0.26582278481012656,False,True,False,False
4352_01,False,0.46835443037974683,True,False,True,False
4352_02,False,0.3924050632911392,True,False,True,False
4354_01,False,0.2911392405063291,False,True,False,False
4356_01,True,0.35443037974683544,True,False,True,False
4357_01,False,0.2911392405063291,False,False,False,True
4358_01,False,0.25316455696202533,True,True,False,False
4359_01,False,0.35443037974683544,False,False,True,False
4359_02,False,0.5063291139240507,True,False,True,False
4359_03,False,0.6835443037974683,False,False,True,False
4360_01,True,0.22784810126582278,True,False,False,True
4361_01,False,0.34177215189873417,True,True,False,False
4362_01,False,0.5443037974683544,True,False,True,False
4364_01,True,0.31645569620253167,True,True,False,False
4365_01,False,0.16455696202531644,False,True,False,False
4366_01,False,0.18987341772151897,True,True,False,False
4367_01,True,0.46835443037974683,True,True,False,False
4368_01,True,0.4050632911392405,True,False,False,True
4369_01,False,0.24050632911392406,False,True,False,False
4370_01,False,0.26582278481012656,False,True,False,False
4371_01,False,0.34177215189873417,True,False,True,False
4371_02,False,0.49367088607594933,False,False,True,False
4371_03,True,0.27848101265822783,True,True,False,False
4371_04,False,0.31645569620253167,True,False,True,False
4371_05,False,0.43037974683544306,True,False,True,False
4372_01,True,0.6835443037974683,True,False,False,True
4372_02,False,0.5316455696202531,False,False,False,True
4373_01,False,0.45569620253164556,False,True,False,False
4376_01,False,0.5443037974683544,True,True,False,False
4382_01,False,0.2911392405063291,True,True,False,False
4383_01,False,0.7215189873417721,True,False,True,False
4386_01,False,0.6835443037974683,True,False,True,False
4386_02,False,0.6455696202531646,True,False,True,False
4387_01,False,0.4050632911392405,False,False,False,True
4388_01,False,0.4177215189873418,True,False,True,False
4390_01,True,0.10126582278481013,True,False,False,True
4390_02,True,0.5569620253164557,True,False,False,True
4390_03,False,0.34177215189873417,False,False,False,True
4391_01,False,0.6075949367088608,True,True,False,False
4392_01,False,0.16455696202531644,False,True,False,False
4393_01,True,0.06329113924050633,False,True,False,False
4393_02,False,0.22784810126582278,False,True,False,False
4395_01,False,0.2911392405063291,False,True,False,False
4396_01,False,0.2911392405063291,False,True,False,False
4397_01,True,0.4430379746835443,True,True,False,False
4399_01,False,0.31645569620253167,False,True,False,False
4400_01,False,0.4050632911392405,False,False,False,True
4400_02,False,0.0,True,False,False,True
4400_03,True,0.06329113924050633,True,False,False,True
4401_01,False,0.20253164556962025,True,True,False,False
4401_02,True,0.22784810126582278,True,True,False,False
4402_01,True,0.3670886075949367,False,True,False,False
4403_01,False,0.6962025316455696,False,True,False,False
4403_02,False,0.5189873417721519,False,True,False,False
4404_01,False,0.4810126582278481,False,True,False,False
4405_01,True,0.34177215189873417,True,False,True,False
4407_01,True,0.6962025316455696,True,True,False,False
4408_01,True,0.9493670886075949,True,False,False,True
4409_01,False,0.6329113924050633,True,False,True,False
4410_01,False,0.2911392405063291,False,True,False,False
4411_01,False,0.46835443037974683,True,True,False,False
4413_01,False,0.4177215189873418,False,True,False,False
4415_01,False,0.569620253164557,False,False,False,True
4416_01,True,0.5949367088607594,True,False,True,False
4422_01,True,0.16455696202531644,True,False,True,False
4422_02,False,0.3670886075949367,True,False,True,False
4424_01,False,0.24050632911392406,False,False,False,True
4426_01,True,0.37974683544303794,True,False,False,True
4427_01,False,0.49367088607594933,False,False,True,False
4427_02,False,0.3924050632911392,False,False,True,False
4428_01,False,0.3670886075949367,True,False,True,False
4429_01,False,0.20253164556962025,False,False,False,True
4430_01,False,0.22784810126582278,True,True,False,False
4431_01,False,0.4810126582278481,False,True,False,False
4432_01,True,0.6329113924050633,False,True,False,False
4433_01,True,0.26582278481012656,False,True,False,False
4436_01,True,0.27848101265822783,True,True,False,False
4437_01,True,0.25316455696202533,True,True,False,False
4438_01,False,0.45569620253164556,False,False,False,True
4440_01,False,0.2911392405063291,True,True,False,False
4441_01,True,0.3924050632911392,True,False,True,False
4441_02,True,0.49367088607594933,True,False,True,False
4441_03,False,0.6329113924050633,True,False,True,False
4444_01,False,0.5063291139240507,False,True,False,False
4445_01,False,0.35443037974683544,False,True,False,False
4446_01,False,0.4810126582278481,False,False,True,False
4446_02,False,0.46835443037974683,False,False,True,False
4446_03,True,0.7468354430379747,True,False,True,False
4446_04,False,0.5189873417721519,True,False,True,False
4446_05,False,0.4177215189873418,True,False,True,False
4447_01,True,0.6835443037974683,True,True,False,False
4448_01,False,0.5063291139240507,True,True,False,False
4449_01,False,0.5443037974683544,True,False,False,True
4450_01,True,0.3291139240506329,True,False,True,False
4450_02,False,0.8227848101265822,True,False,True,False
4450_03,True,0.27848101265822783,True,False,True,False
4450_04,False,0.35443037974683544,False,False,True,False
4451_01,True,0.4430379746835443,True,True,False,False
4452_01,True,0.37974683544303794,True,True,False,False
4453_01,False,0.35443037974683544,False,False,True,False
4456_01,False,0.2911392405063291,True,True,False,False
4457_01,False,0.3037974683544304,True,True,False,False
4459_01,True,0.20253164556962025,True,True,False,False
4461_01,True,0.22784810126582278,True,False,False,True
4462_01,False,0.25316455696202533,False,True,False,False
4463_01,True,0.3670886075949367,True,False,True,False
4463_02,True,0.3670886075949367,True,False,True,False
4464_01,False,0.26582278481012656,False,True,False,False
4465_01,True,0.02531645569620253,False,False,True,False
4465_02,False,0.5443037974683544,False,False,True,False
4465_03,False,0.35443037974683544,False,False,True,False
4466_01,False,0.3924050632911392,False,False,True,False
4467_01,False,0.2911392405063291,True,True,False,False
4469_01,True,0.3291139240506329,True,False,True,False
4469_02,False,0.5443037974683544,False,False,True,False
4470_01,False,0.35443037974683544,False,True,False,False
4472_01,False,0.3037974683544304,False,True,False,False
4472_02,False,0.34177215189873417,False,True,False,False
4473_01,False,0.16455696202531644,False,False,False,True
4473_02,False,0.34177215189873417,False,False,False,True
4474_01,True,0.02531645569620253,True,True,False,False
4474_02,True,0.3037974683544304,True,True,False,False
4474_03,True,0.02531645569620253,True,True,False,False
4475_01,False,0.6329113924050633,False,False,True,False
4475_02,True,0.34177215189873417,True,False,True,False
4476_01,False,0.3291139240506329,False,True,False,False
4477_01,False,0.3924050632911392,False,True,False,False
4479_01,False,0.35443037974683544,False,False,False,True
4482_01,False,0.05063291139240506,False,True,False,False
4482_02,False,0.11392405063291139,True,True,False,False
4482_03,False,0.0,True,True,False,False
4482_04,True,0.4430379746835443,False,True,False,False
4482_05,True,0.0379746835443038,True,True,False,False
4483_01,False,0.31645569620253167,False,False,False,True
4483_02,False,0.7974683544303798,False,False,False,True
4485_01,True,0.43037974683544306,True,False,False,True
4485_02,False,0.4430379746835443,False,False,False,True
4486_01,True,0.3291139240506329,True,True,False,False
4487_01,False,0.49367088607594933,False,True,False,False
4490_01,False,0.43037974683544306,False,False,True,False
4491_01,False,0.45569620253164556,False,False,True,False
4492_01,True,0.5822784810126582,True,True,False,False
4493_01,False,0.3291139240506329,True,True,False,False
4494_01,True,0.35443037974683544,True,False,False,True
4496_01,False,0.25316455696202533,True,True,False,False
4497_01,True,0.4430379746835443,False,True,False,False
4498_01,False,0.13924050632911392,False,True,False,False
4498_02,True,0.17721518987341772,False,True,False,False
4498_03,True,0.05063291139240506,True,True,False,False
4498_04,False,0.13924050632911392,False,True,False,False
4498_05,True,0.3924050632911392,True,True,False,False
4498_06,False,0.18987341772151897,True,True,False,False
4498_07,False,0.49367088607594933,False,True,False,False
4498_08,False,0.08860759493670886,False,True,False,False
4500_01,False,0.3037974683544304,False,True,False,False
4501_01,True,0.27848101265822783,True,True,False,False
4502_01,True,0.3291139240506329,False,False,False,True
4505_01,False,0.6708860759493671,True,False,True,False
4505_02,False,0.5063291139240507,False,False,True,False
4506_01,False,0.24050632911392406,False,False,False,True
4508_01,False,0.6835443037974683,False,False,False,True
4508_02,False,0.26582278481012656,False,False,False,True
4508_03,False,0.31645569620253167,False,False,False,True
4509_01,False,0.6075949367088608,True,False,False,True
4509_02,False,0.5189873417721519,True,False,False,True
4509_03,False,0.16455696202531644,True,False,False,True
4510_01,False,0.7215189873417721,True,False,True,False
4511_01,True,0.31645569620253167,True,False,True,False
4511_02,True,0.6075949367088608,True,False,True,False
4512_01,False,0.43037974683544306,False,False,False,True
4514_01,True,0.20253164556962025,True,True,False,False
4515_01,False,0.0,False,True,False,False
4515_02,False,0.18987341772151897,True,True,False,False
4516_01,False,0.46835443037974683,False,True,False,False
4517_01,False,0.46835443037974683,False,True,False,False
4518_01,False,0.620253164556962,False,True,False,False
4521_01,False,0.22784810126582278,False,True,False,False
4522_01,False,0.31645569620253167,True,True,False,False
4524_01,False,0.3649105122463968,True,True,False,False
4529_01,False,0.5443037974683544,False,True,False,False
4530_01,False,0.25316455696202533,False,True,False,False
4531_01,True,0.6835443037974683,True,False,True,False
4532_01,True,0.37974683544303794,True,True,False,False
4533_01,True,0.46835443037974683,True,False,True,False
4534_01,False,0.37974683544303794,True,True,False,False
4535_01,False,0.25316455696202533,False,True,False,False
4535_02,False,0.25316455696202533,False,True,False,False
4537_01,False,0.3037974683544304,False,True,False,False
4538_01,False,0.5569620253164557,False,True,False,False
4539_01,False,0.0,True,True,False,False
4539_02,True,0.18987341772151897,True,True,False,False
4542_01,True,0.24050632911392406,True,False,True,False
4542_02,True,0.25316455696202533,True,False,True,False
4543_01,False,0.25316455696202533,False,False,False,True
4544_01,True,0.43037974683544306,True,True,False,False
4546_01,False,0.21518987341772153,True,True,False,False
4547_01,False,0.25316455696202533,True,True,False,False
4549_01,False,0.5316455696202531,False,True,False,False
4550_01,False,0.35443037974683544,True,True,False,False
4552_01,False,0.5443037974683544,True,False,False,True
4553_01,False,0.6962025316455696,False,False,True,False
4555_01,False,0.26582278481012656,False,True,False,False
4557_01,False,0.21518987341772153,False,True,False,False
4558_01,False,0.6835443037974683,False,False,True,False
4559_01,False,0.31645569620253167,True,True,False,False
4560_01,False,0.3649105122463968,True,True,False,False
4561_01,False,0.569620253164557,False,False,True,False
4562_01,True,0.3924050632911392,True,False,True,False
4563_01,True,0.24050632911392406,True,False,True,False
4564_01,False,0.37974683544303794,False,True,False,False
4565_01,False,0.3037974683544304,False,True,False,False
4567_01,False,0.3649105122463968,False,True,False,False
4568_01,False,0.5316455696202531,False,False,False,True
4569_01,True,0.3670886075949367,True,False,True,False
4569_02,False,0.46835443037974683,False,False,True,False
4570_01,True,0.810126582278481,True,False,True,False
4571_01,True,0.3037974683544304,True,True,False,False
4572_01,False,0.2911392405063291,False,True,False,False
4573_01,False,0.27848101265822783,True,True,False,False
4574_01,False,0.2911392405063291,False,False,False,True
4575_01,False,0.26582278481012656,False,True,False,False
4576_01,False,0.46835443037974683,False,True,False,False
4577_01,False,0.21518987341772153,True,False,False,True
4580_01,True,0.4430379746835443,True,False,False,True
4581_01,False,0.4177215189873418,True,False,True,False
4581_02,False,0.46835443037974683,True,False,True,False
4585_01,False,0.4050632911392405,False,False,True,False
4586_01,False,0.3924050632911392,False,False,False,True
4587_01,False,0.3649105122463968,False,False,True,False
4591_01,True,0.43037974683544306,True,False,True,False
4592_01,False,0.11392405063291139,True,False,False,True
4592_02,True,0.31645569620253167,True,False,False,True
4592_03,True,0.3670886075949367,True,False,False,True
4592_04,True,0.012658227848101266,True,False,False,True
4593_01,False,0.37974683544303794,True,True,False,False
4594_01,False,0.810126582278481,False,False,True,False
4594_02,False,0.3924050632911392,False,False,True,False
4594_03,False,0.34177215189873417,True,False,True,False
4594_04,False,0.3649105122463968,False,False,True,False
4595_01,True,0.31645569620253167,True,False,True,False
4596_01,True,0.35443037974683544,True,True,False,False
4597_01,True,0.4050632911392405,True,True,False,False
4602_01,False,0.45569620253164556,False,True,False,False
4603_01,False,0.3291139240506329,True,False,True,False
4603_02,False,0.45569620253164556,False,False,True,False
4604_01,False,0.46835443037974683,False,True,False,False
4605_01,False,0.569620253164557,False,True,False,False
4606_01,False,0.27848101265822783,False,False,True,False
4606_02,False,0.3037974683544304,False,False,True,False
4607_01,False,0.2911392405063291,False,True,False,False
4608_01,False,0.3924050632911392,True,True,False,False
4609_01,False,0.46835443037974683,False,False,True,False
4610_01,False,0.35443037974683544,False,True,False,False
4611_01,True,0.2911392405063291,True,True,False,False
4612_01,False,0.17721518987341772,True,True,False,False
4613_01,True,0.5063291139240507,True,False,True,False
4615_01,False,0.5316455696202531,True,False,False,True
4617_01,False,0.6708860759493671,False,True,False,False
4620_01,True,0.5822784810126582,False,True,False,False
4621_01,False,0.35443037974683544,True,False,False,True
4622_01,True,0.31645569620253167,True,True,False,False
4623_01,False,0.43037974683544306,True,False,True,False
4624_01,False,0.7341772151898734,False,False,False,True
4625_01,False,0.3924050632911392,True,False,True,False
4625_02,True,0.3037974683544304,True,False,True,False
4625_03,False,0.6582278481012658,True,False,True,False
4625_04,True,0.31645569620253167,True,False,True,False
4625_05,True,0.21518987341772153,True,False,True,False
4625_06,False,0.34177215189873417,False,True,False,False
4625_07,True,0.3670886075949367,True,False,True,False
4628_01,False,0.569620253164557,True,False,True,False
4630_01,False,0.35443037974683544,True,True,False,False
4631_01,True,0.31645569620253167,True,False,True,False
4632_01,True,0.7215189873417721,True,False,True,False
4632_02,True,0.8607594936708861,True,False,True,False
4632_03,False,0.3291139240506329,False,False,True,False
4632_04,False,0.6582278481012658,False,False,True,False
4632_05,False,0.45569620253164556,False,False,True,False
4633_01,False,0.5189873417721519,False,True,False,False
4634_01,False,0.17721518987341772,False,True,False,False
4635_01,True,0.20253164556962025,True,True,False,False
4637_01,False,0.3037974683544304,False,False,False,True
4638_01,False,0.7848101265822784,True,False,True,False
4640_01,False,0.3291139240506329,True,True,False,False
4641_01,False,0.569620253164557,False,True,False,False
4642_01,False,0.5189873417721519,False,False,True,False
4643_01,False,0.45569620253164556,True,True,False,False
4644_01,False,0.16455696202531644,True,True,False,False
4645_01,False,0.6075949367088608,True,False,True,False
4645_02,True,0.3649105122463968,True,False,True,False
4646_01,False,0.27848101265822783,True,True,False,False
4648_01,False,0.49367088607594933,True,True,False,False
4649_01,False,0.569620253164557,False,True,False,False
4650_01,False,0.5316455696202531,False,True,False,False
4651_01,False,0.4177215189873418,True,False,True,False
4652_01,False,0.34177215189873417,True,True,False,False
4653_01,False,0.5949367088607594,False,True,False,False
4654_01,True,0.25316455696202533,True,False,True,False
4655_01,True,0.4050632911392405,True,False,True,False
4655_02,True,0.6835443037974683,True,True,False,False
4656_01,False,0.2911392405063291,False,True,False,False
4656_02,False,0.11392405063291139,False,True,False,False
4657_01,False,0.21518987341772153,False,True,False,False
4658_01,False,0.3291139240506329,False,False,True,False
4658_02,False,0.4810126582278481,False,False,True,False
4659_01,False,0.3037974683544304,False,True,False,False
4661_01,False,0.37974683544303794,True,True,False,False
4661_02,True,0.02531645569620253,False,True,False,False
4661_03,True,0.05063291139240506,True,True,False,False
4661_04,True,0.11392405063291139,False,True,False,False
4661_05,False,0.37974683544303794,False,True,False,False
4661_06,True,0.06329113924050633,False,True,False,False
4661_07,False,0.02531645569620253,False,True,False,False
4662_01,False,0.4050632911392405,False,False,True,False
4662_02,True,0.6708860759493671,True,False,True,False
4662_03,False,0.5822784810126582,True,False,True,False
4663_01,True,0.02531645569620253,True,True,False,False
4663_02,True,0.012658227848101266,True,True,False,False
4663_03,True,0.13924050632911392,True,True,False,False
4663_04,False,0.0379746835443038,True,True,False,False
4663_05,True,0.4177215189873418,True,True,False,False
4663_06,True,0.0379746835443038,True,True,False,False
4664_01,False,0.4810126582278481,False,True,False,False
4665_01,True,0.26582278481012656,False,True,False,False
4667_01,True,0.5189873417721519,True,True,False,False
4668_01,True,0.810126582278481,True,False,True,False
4668_02,True,0.34177215189873417,True,False,True,False
4672_01,True,0.5189873417721519,False,True,False,False
4673_01,False,0.24050632911392406,False,True,False,False
4676_01,False,0.5316455696202531,True,True,False,False
4677_01,False,0.37974683544303794,False,False,True,False
4678_01,False,0.4810126582278481,False,True,False,False
4679_01,False,0.7974683544303798,True,False,True,False
4680_01,False,0.21518987341772153,False,False,False,True
4680_02,True,0.02531645569620253,True,False,False,True
4680_03,False,0.24050632911392406,True,False,False,True
4680_04,False,0.46835443037974683,False,False,False,True
4684_01,False,0.6329113924050633,True,False,False,True
4686_01,False,0.4810126582278481,True,True,False,False
4689_01,False,0.35443037974683544,True,False,True,False
4690_01,True,0.4430379746835443,True,False,True,False
4690_02,False,0.34177215189873417,False,False,True,False
4691_01,False,0.18987341772151897,False,True,False,False
4693_01,False,0.3670886075949367,False,False,True,False
4693_02,True,0.8227848101265822,True,False,True,False
4694_01,False,0.34177215189873417,True,True,False,False
4695_01,False,0.0,True,False,False,True
4695_02,False,0.26582278481012656,False,False,False,True
4695_03,True,0.24050632911392406,True,False,False,True
4696_01,True,0.49367088607594933,True,False,False,True
4699_01,False,0.7594936708860759,False,True,False,False
4704_01,False,0.37974683544303794,False,False,True,False
4706_01,True,0.37974683544303794,False,True,False,False
4706_02,True,0.5063291139240507,True,True,False,False
4708_01,False,0.3291139240506329,False,False,False,True
4709_01,False,0.4810126582278481,False,True,False,False
4710_01,False,0.27848101265822783,True,False,False,True
4710_02,False,0.3649105122463968,False,False,False,True
4711_01,False,0.8227848101265822,False,False,False,True
4712_01,True,0.7721518987341772,True,True,False,False
4713_01,False,0.25316455696202533,False,True,False,False
4714_01,True,0.3037974683544304,False,True,False,False
4717_01,True,0.20253164556962025,False,True,False,False
4719_01,True,0.4430379746835443,True,False,False,True
4720_01,False,0.26582278481012656,True,True,False,False
4721_01,True,0.2911392405063291,True,True,False,False
4723_01,False,0.21518987341772153,True,True,False,False
4723_02,False,0.3037974683544304,False,True,False,False
4725_01,False,0.34177215189873417,False,True,False,False
4726_01,False,0.3291139240506329,True,False,True,False
4726_02,False,0.3291139240506329,True,False,True,False
4726_03,False,0.25316455696202533,True,False,True,False
4726_04,True,0.35443037974683544,True,False,True,False
4726_05,False,0.46835443037974683,True,False,True,False
4728_01,False,0.2911392405063291,False,False,False,True
4728_02,True,0.620253164556962,True,False,False,True
4730_01,False,0.6329113924050633,False,False,True,False
4732_01,True,0.05063291139240506,True,False,True,False
4732_02,True,0.4050632911392405,True,False,True,False
4732_03,False,0.5569620253164557,True,False,True,False
4733_01,False,0.25316455696202533,True,True,False,False
4738_01,False,0.37974683544303794,False,False,False,True
4738_02,False,0.3670886075949367,False,False,False,True
4739_01,False,0.27848101265822783,True,True,False,False
4741_01,True,0.4430379746835443,True,False,False,True
4741_02,False,0.0,True,False,False,True
4741_03,False,0.0759493670886076,True,False,False,True
4743_01,False,0.4810126582278481,True,False,True,False
4744_01,False,0.43037974683544306,True,False,True,False
4744_02,True,0.43037974683544306,True,False,True,False
4746_01,False,0.3649105122463968,False,True,False,False
4748_01,False,0.6708860759493671,False,False,False,True
4750_01,False,0.35443037974683544,False,False,True,False
4750_02,False,0.3924050632911392,False,False,True,False
4752_01,False,0.7088607594936709,False,False,False,True
4753_01,False,0.45569620253164556,False,False,False,True
4754_01,False,0.37974683544303794,False,True,False,False
4755_01,True,0.4050632911392405,True,False,False,True
4756_01,True,0.5569620253164557,True,False,True,False
4756_02,True,0.6835443037974683,True,False,True,False
4757_01,False,0.3037974683544304,False,True,False,False
4758_01,False,0.5569620253164557,False,True,False,False
4759_01,False,0.31645569620253167,False,True,False,False
4762_01,True,0.4430379746835443,True,False,False,True
4763_01,False,0.3670886075949367,True,False,False,True
4764_01,False,0.27848101265822783,True,True,False,False
4769_01,True,0.27848101265822783,True,True,False,False
4770_01,False,0.27848101265822783,True,True,False,False
4770_02,True,0.22784810126582278,True,True,False,False
4772_01,False,0.27848101265822783,False,True,False,False
4773_01,False,0.6582278481012658,True,True,False,False
4774_01,True,0.0,True,False,False,True
4774_02,True,0.012658227848101266,True,False,False,True
4774_03,False,0.43037974683544306,False,False,False,True
4774_04,True,0.0759493670886076,True,False,False,True
4775_01,False,0.27848101265822783,True,True,False,False
4777_01,True,0.3924050632911392,True,True,False,False
4778_01,False,0.3924050632911392,False,False,True,False
4780_01,False,0.25316455696202533,False,False,False,True
4780_02,True,0.31645569620253167,True,False,False,True
4782_01,True,0.2911392405063291,True,False,True,False
4782_02,False,0.6708860759493671,False,False,True,False
4782_03,False,0.4050632911392405,False,False,True,False
4782_04,True,0.34177215189873417,True,False,True,False
4782_05,False,0.6075949367088608,False,False,True,False
4783_01,False,0.46835443037974683,True,False,True,False
4784_01,True,0.26582278481012656,True,False,False,True
4785_01,True,0.3670886075949367,True,False,True,False
4786_01,True,0.5822784810126582,True,False,True,False
4787_01,False,0.24050632911392406,False,True,False,False
4788_01,False,0.27848101265822783,False,True,False,False
4790_01,False,0.6835443037974683,False,False,True,False
4791_01,False,0.5443037974683544,True,True,False,False
4792_01,True,0.22784810126582278,True,True,False,False
4793_01,False,0.45569620253164556,False,False,True,False
4793_02,False,0.25316455696202533,True,False,True,False
4794_01,False,0.7974683544303798,False,True,False,False
4795_01,False,0.6329113924050633,True,True,False,False
4796_01,False,0.16455696202531644,True,False,False,True
4796_02,True,0.5443037974683544,True,False,False,True
4797_01,True,0.20253164556962025,True,True,False,False
4798_01,True,0.3924050632911392,True,False,False,True
4798_02,True,0.0,True,False,False,True
4798_03,True,0.12658227848101267,True,False,False,True
4801_01,True,0.12658227848101267,False,True,False,False
4803_01,False,0.6962025316455696,False,True,False,False
4804_01,False,0.22784810126582278,True,True,False,False
4804_02,False,0.08860759493670886,True,True,False,False
4804_03,True,0.012658227848101266,True,True,False,False
4807_01,False,0.5569620253164557,False,True,False,False
4808_01,False,0.34177215189873417,False,False,False,True
4810_01,False,0.25316455696202533,False,True,False,False
4813_01,False,0.620253164556962,True,False,True,False
4814_01,True,0.27848101265822783,True,True,False,False
4815_01,False,0.26582278481012656,True,True,False,False
4817_01,False,0.3291139240506329,False,False,False,True
4818_01,False,0.8227848101265822,True,False,False,True
4819_01,True,0.25316455696202533,True,False,False,True
4822_01,True,0.0,True,False,False,True
4822_02,True,0.20253164556962025,True,False,False,True
4822_03,True,0.27848101265822783,True,True,False,False
4822_04,False,0.0,True,False,False,True
4823_01,False,0.26582278481012656,False,True,False,False
4827_01,True,0.37974683544303794,True,True,False,False
4828_01,False,0.17721518987341772,True,True,False,False
4829_01,False,0.569620253164557,False,False,False,True
4830_01,False,0.27848101265822783,False,True,False,False
4831_01,True,0.26582278481012656,True,False,False,True
4832_01,False,0.46835443037974683,False,True,False,False
4836_01,True,0.3670886075949367,True,False,False,True
4836_02,False,0.3670886075949367,True,False,False,True
4837_01,False,0.26582278481012656,True,True,False,False
4838_01,False,0.6582278481012658,False,True,False,False
4840_01,True,0.45569620253164556,True,True,False,False
4841_01,True,0.7468354430379747,True,False,True,False
4841_02,False,0.26582278481012656,False,False,True,False
4841_03,False,0.31645569620253167,False,False,True,False
4842_01,False,0.2911392405063291,False,False,False,True
4845_01,True,0.45569620253164556,True,False,True,False
4846_01,False,0.4810126582278481,False,True,False,False
4846_02,True,0.0,True,True,False,False
4847_01,False,0.24050632911392406,True,True,False,False
4848_01,False,0.37974683544303794,True,True,False,False
4850_01,False,0.2911392405063291,True,True,False,False
4850_02,False,0.6962025316455696,True,True,False,False
4851_01,False,0.5569620253164557,True,True,False,False
4853_01,False,0.37974683544303794,False,False,True,False
4856_01,False,0.49367088607594933,True,True,False,False
4857_01,False,0.24050632911392406,False,True,False,False
4862_01,False,0.3037974683544304,False,True,False,False
4863_01,False,0.46835443037974683,False,False,True,False
4864_01,False,0.3037974683544304,False,True,False,False
4866_01,False,0.21518987341772153,True,True,False,False
4868_01,False,0.21518987341772153,True,True,False,False
4870_01,False,0.17721518987341772,False,True,False,False
4871_01,False,0.16455696202531644,False,True,False,False
4873_01,False,0.4430379746835443,True,False,True,False
4874_01,False,0.4050632911392405,True,False,False,True
4874_02,True,0.22784810126582278,True,False,False,True
4875_01,False,0.26582278481012656,True,True,False,False
4876_01,False,0.31645569620253167,False,False,False,True
4878_01,False,0.45569620253164556,False,False,False,True
4879_01,False,0.25316455696202533,False,True,False,False
4880_01,False,0.27848101265822783,False,True,False,False
4881_01,True,0.34177215189873417,True,False,False,True
4882_01,False,0.3649105122463968,False,False,True,False
4883_01,True,0.4810126582278481,True,True,False,False
4884_01,True,0.2911392405063291,False,False,False,True
4885_01,False,0.26582278481012656,True,False,False,True
4886_01,False,0.22784810126582278,False,True,False,False
4887_01,False,0.25316455696202533,True,True,False,False
4888_01,True,0.35443037974683544,True,False,True,False
4889_01,False,0.7215189873417721,False,True,False,False
4890_01,False,0.12658227848101267,True,True,False,False
4890_02,False,0.2911392405063291,True,True,False,False
4891_01,True,0.27848101265822783,True,False,True,False
4891_02,True,0.3037974683544304,True,False,True,False
4892_01,False,0.6582278481012658,False,True,False,False
4893_01,True,0.3924050632911392,True,True,False,False
4895_01,True,0.18987341772151897,True,True,False,False
4896_01,False,0.5063291139240507,False,True,False,False
4897_01,False,0.22784810126582278,False,True,False,False
4898_01,False,0.35443037974683544,True,True,False,False
4899_01,True,0.5063291139240507,True,True,False,False
4899_02,False,0.4050632911392405,True,True,False,False
4900_01,False,0.4430379746835443,False,True,False,False
4901_01,False,0.6582278481012658,False,True,False,False
4901_02,False,0.43037974683544306,False,True,False,False
4902_01,True,0.5822784810126582,False,True,False,False
4903_01,False,0.2911392405063291,False,True,False,False
4904_01,False,0.5569620253164557,False,True,False,False
4909_01,False,0.7468354430379747,False,True,False,False
4910_01,False,0.5316455696202531,False,False,True,False
4911_01,False,0.22784810126582278,False,True,False,False
4912_01,False,0.3670886075949367,False,False,False,True
4912_02,True,0.18987341772151897,True,False,False,True
4913_01,False,0.24050632911392406,True,False,False,True
4915_01,True,0.620253164556962,False,True,False,False
4916_01,True,0.24050632911392406,True,False,False,True
4917_01,False,0.45569620253164556,True,False,True,False
4918_01,True,0.7468354430379747,True,True,False,False
4920_01,True,0.3037974683544304,True,True,False,False
4923_01,True,0.05063291139240506,True,False,False,True
4923_02,True,0.25316455696202533,True,False,False,True
4923_03,False,0.3037974683544304,True,False,False,True
4924_01,False,0.3924050632911392,False,False,False,True
4925_01,False,0.2911392405063291,True,False,False,True
4927_01,False,0.0379746835443038,True,False,False,True
4927_02,True,0.27848101265822783,True,False,False,True
4927_03,False,0.25316455696202533,True,False,False,True
4927_04,False,0.0,True,False,False,True
4929_01,True,0.16455696202531644,True,False,False,True
4930_01,True,0.5949367088607594,True,False,True,False
4930_02,False,0.6455696202531646,True,False,True,False
4932_01,False,0.27848101265822783,True,False,False,True
4932_02,True,0.0379746835443038,True,False,False,True
4933_01,False,0.05063291139240506,True,False,False,True
4933_02,False,0.20253164556962025,False,True,False,False
4933_03,False,0.3037974683544304,False,False,False,True
4933_04,True,0.012658227848101266,True,False,False,True
4934_01,False,0.3924050632911392,False,True,False,False
4937_01,False,0.43037974683544306,False,True,False,False
4938_01,False,0.25316455696202533,True,True,False,False
4939_01,False,0.24050632911392406,True,True,False,False
4940_01,True,0.24050632911392406,True,True,False,False
4941_01,False,0.4430379746835443,False,False,False,True
4942_01,True,0.0379746835443038,True,True,False,False
4942_02,True,0.45569620253164556,True,True,False,False
4943_01,True,0.25316455696202533,True,False,False,True
4944_01,False,0.3649105122463968,True,False,True,False
4944_02,False,0.7341772151898734,False,False,True,False
4944_03,False,0.7088607594936709,False,False,True,False
4945_01,True,0.34177215189873417,True,True,False,False
4946_01,True,0.31645569620253167,False,True,False,False
4950_01,True,0.49367088607594933,False,True,False,False
4951_01,False,0.5443037974683544,True,False,False,True
4952_01,True,0.5316455696202531,True,False,False,True
4954_01,False,0.3037974683544304,True,True,False,False
4956_01,True,0.24050632911392406,True,True,False,False
4958_01,False,0.4050632911392405,False,True,False,False
4961_01,False,0.4050632911392405,True,False,False,True
4963_01,True,0.7721518987341772,True,True,False,False
4964_01,False,0.810126582278481,False,False,False,True
4965_01,False,0.26582278481012656,False,True,False,False
4970_01,False,0.3291139240506329,False,True,False,False
4972_01,False,0.4430379746835443,True,False,True,False
4973_01,False,0.5443037974683544,False,True,False,False
4973_02,True,0.0379746835443038,True,True,False,False
4974_01,False,0.7088607594936709,False,False,True,False
4974_02,True,0.569620253164557,True,False,True,False
4975_01,True,0.31645569620253167,True,True,False,False
4975_02,False,0.1518987341772152,True,True,False,False
4975_03,True,0.02531645569620253,True,True,False,False
4977_01,False,0.5822784810126582,True,True,False,False
4977_02,False,0.4050632911392405,False,True,False,False
4978_01,False,0.25316455696202533,False,True,False,False
4979_01,True,0.3037974683544304,False,True,False,False
4980_01,False,0.35443037974683544,False,True,False,False
4980_02,False,0.1518987341772152,False,True,False,False
4980_03,False,0.13924050632911392,False,True,False,False
4981_01,False,0.20253164556962025,True,True,False,False
4981_02,False,0.3670886075949367,True,True,False,False
4981_03,False,0.3037974683544304,False,True,False,False
4983_01,False,0.27848101265822783,True,True,False,False
4987_01,False,0.26582278481012656,True,True,False,False
4989_01,False,0.4810126582278481,False,True,False,False
4990_01,True,0.4430379746835443,False,False,True,False
4991_01,False,1.0,False,True,False,False
4992_01,False,0.27848101265822783,False,True,False,False
4995_01,False,0.5316455696202531,True,True,False,False
4996_01,True,0.43037974683544306,True,False,False,True
4997_01,True,0.6582278481012658,True,False,True,False
4998_01,True,0.5443037974683544,True,True,False,False
4999_01,False,0.37974683544303794,False,True,False,False
5000_01,True,0.4430379746835443,True,True,False,False
5003_01,True,0.22784810126582278,False,True,False,False
5004_01,True,0.34177215189873417,True,False,True,False
5005_01,False,0.5822784810126582,False,True,False,False
5006_01,True,0.18987341772151897,True,False,True,False
5006_02,True,0.5569620253164557,True,False,True,False
5006_03,False,0.25316455696202533,False,False,True,False
5007_01,False,0.4430379746835443,False,False,False,True
5008_01,True,0.24050632911392406,True,False,False,True
5009_01,True,0.5949367088607594,True,False,False,True
5010_01,False,0.3291139240506329,False,False,False,True
5012_01,True,0.3037974683544304,True,True,False,False
5013_01,False,0.2911392405063291,True,True,False,False
5014_01,False,0.3291139240506329,False,True,False,False
5014_02,True,0.06329113924050633,True,False,False,True
5015_01,False,0.4430379746835443,False,False,True,False
5016_01,False,0.22784810126582278,False,False,False,True
5017_01,True,0.4050632911392405,True,False,False,True
5018_01,True,0.16455696202531644,True,True,False,False
5019_01,False,0.18987341772151897,False,True,False,False
5020_01,False,0.22784810126582278,True,True,False,False
5021_01,False,0.5189873417721519,True,False,True,False
5023_01,False,0.45569620253164556,False,True,False,False
5025_01,False,0.4177215189873418,False,True,False,False
5027_01,False,0.5189873417721519,False,True,False,False
5028_01,False,0.5949367088607594,False,False,True,False
5032_01,True,0.4050632911392405,True,False,True,False
5034_01,False,0.45569620253164556,False,True,False,False
5035_01,True,0.16455696202531644,True,True,False,False
5036_01,True,0.43037974683544306,False,True,False,False
5036_02,False,0.3037974683544304,False,True,False,False
5039_01,False,0.20253164556962025,False,False,False,True
5039_02,True,0.1518987341772152,True,False,False,True
5039_03,False,0.3037974683544304,True,False,False,True
5039_04,False,0.4430379746835443,False,False,False,True
5040_01,False,0.3291139240506329,False,False,True,False
5040_02,False,0.49367088607594933,False,False,True,False
5042_01,False,0.22784810126582278,True,True,False,False
5044_01,False,0.2911392405063291,False,True,False,False
5044_02,True,0.3670886075949367,True,True,False,False
5048_01,False,0.4810126582278481,True,True,False,False
5050_01,False,0.3924050632911392,False,True,False,False
5051_01,False,0.620253164556962,False,False,False,True
5052_01,True,0.21518987341772153,True,False,False,True
5052_02,False,0.2911392405063291,True,False,False,True
5057_01,True,0.18987341772151897,True,True,False,False
5058_01,True,0.13924050632911392,True,False,False,True
5058_02,False,0.37974683544303794,False,False,False,True
5058_03,True,0.5316455696202531,True,False,False,True
5059_01,False,0.26582278481012656,False,True,False,False
5060_01,True,0.5189873417721519,True,False,True,False
5060_02,True,0.17721518987341772,True,False,True,False
5060_03,False,0.34177215189873417,False,False,True,False
5060_04,False,0.3670886075949367,False,False,True,False
5061_01,True,0.31645569620253167,True,False,True,False
5061_02,False,0.6835443037974683,True,False,True,False
5062_01,False,0.5822784810126582,False,True,False,False
5063_01,False,0.22784810126582278,True,True,False,False
5064_01,False,0.27848101265822783,False,False,True,False
5065_01,True,0.3670886075949367,True,False,True,False
5065_02,False,0.3291139240506329,False,False,True,False
5067_01,False,0.45569620253164556,True,True,False,False
5068_01,False,0.24050632911392406,True,True,False,False
5069_01,False,0.7088607594936709,False,True,False,False
5070_01,False,0.25316455696202533,True,True,False,False
5072_01,False,0.12658227848101267,False,True,False,False
5072_02,True,0.17721518987341772,False,True,False,False
5073_01,True,0.34177215189873417,True,False,False,True
5074_01,False,0.4430379746835443,False,False,False,True
5076_01,False,0.16455696202531644,False,True,False,False
5080_01,False,0.26582278481012656,False,True,False,False
5083_01,True,0.27848101265822783,False,True,False,False
5084_01,True,0.3670886075949367,False,False,True,False
5084_02,False,0.4050632911392405,False,False,True,False
5085_01,False,0.25316455696202533,True,True,False,False
5087_01,False,0.5569620253164557,False,False,False,True
5088_01,False,0.27848101265822783,True,True,False,False
5089_01,False,0.49367088607594933,False,False,True,False
5089_02,False,0.24050632911392406,True,False,True,False
5090_01,False,0.0,False,True,False,False
5090_02,True,0.0,False,True,False,False
5090_03,False,0.1518987341772152,True,True,False,False
5090_04,True,0.08860759493670886,False,True,False,False
5090_05,False,0.4050632911392405,False,True,False,False
5090_06,False,0.13924050632911392,True,True,False,False
5091_01,False,0.22784810126582278,False,True,False,False
5093_01,False,0.620253164556962,False,False,True,False
5095_01,True,0.7721518987341772,True,False,False,True
5097_01,True,0.08860759493670886,True,True,False,False
5097_02,False,0.31645569620253167,True,True,False,False
5097_03,False,0.6455696202531646,True,True,False,False
5103_01,True,0.7088607594936709,True,False,True,False
5104_01,False,0.3924050632911392,True,True,False,False
5105_01,True,0.20253164556962025,True,True,False,False
5106_01,True,0.3670886075949367,True,True,False,False
5108_01,True,0.21518987341772153,True,True,False,False
5109_01,False,0.5949367088607594,True,True,False,False
5111_01,False,0.31645569620253167,False,False,True,False
5111_02,False,0.35443037974683544,False,False,True,False
5111_03,False,0.4050632911392405,False,False,True,False
5112_01,True,0.7088607594936709,True,False,True,False
5112_02,True,0.31645569620253167,True,False,True,False
5112_03,True,0.16455696202531644,True,False,True,False
5115_01,True,0.5189873417721519,True,False,True,False
5115_02,True,0.35443037974683544,True,False,True,False
5116_01,True,0.31645569620253167,True,False,False,True
5116_02,True,0.13924050632911392,True,False,False,True
5120_01,False,0.25316455696202533,False,False,False,True
5122_01,False,0.3037974683544304,True,True,False,False
5124_01,False,0.5189873417721519,False,True,False,False
5125_01,False,0.3670886075949367,False,True,False,False
5126_01,True,0.7468354430379747,True,False,True,False
5127_01,False,0.3924050632911392,True,True,False,False
5127_02,False,0.20253164556962025,False,True,False,False
5128_01,False,0.8227848101265822,False,False,False,True
5128_02,False,0.26582278481012656,True,False,False,True
5129_01,True,0.34177215189873417,True,True,False,False
5130_01,True,0.46835443037974683,True,True,False,False
5132_01,False,0.5316455696202531,False,True,False,False
5133_01,False,0.45569620253164556,True,True,False,False
5133_02,True,0.3037974683544304,False,True,False,False
5133_03,True,0.3649105122463968,True,True,False,False
5133_04,False,0.24050632911392406,False,True,False,False
5133_05,False,0.3291139240506329,False,True,False,False
5133_06,True,0.24050632911392406,True,True,False,False
5133_07,False,0.3291139240506329,False,True,False,False
5133_08,False,0.4430379746835443,False,True,False,False
5136_01,False,0.3037974683544304,False,True,False,False
5137_01,False,0.11392405063291139,True,True,False,False
5138_01,False,0.5063291139240507,True,False,True,False
5140_01,True,0.2911392405063291,True,True,False,False
5142_01,False,0.05063291139240506,True,False,False,True
5142_02,False,0.25316455696202533,False,False,False,True
5142_03,True,0.26582278481012656,True,False,False,True
5142_04,False,0.05063291139240506,True,False,False,True
5144_01,True,0.24050632911392406,True,True,False,False
5145_01,True,0.22784810126582278,True,True,False,False
5146_01,False,0.3291139240506329,True,True,False,False
5148_01,False,0.16455696202531644,False,True,False,False
5148_02,True,0.20253164556962025,True,True,False,False
5151_01,True,0.17721518987341772,True,False,False,True
5152_01,False,0.5063291139240507,False,False,True,False
5154_01,False,0.43037974683544306,False,False,False,True
5156_01,True,0.26582278481012656,True,False,True,False
5156_02,False,0.3670886075949367,True,False,True,False
5157_01,False,0.5063291139240507,True,True,False,False
5158_01,False,0.20253164556962025,False,True,False,False
5160_01,False,0.46835443037974683,False,True,False,False
5161_01,True,0.5189873417721519,True,False,False,True
5162_01,True,0.20253164556962025,True,False,False,True
5162_02,False,0.49367088607594933,False,False,False,True
5163_01,True,0.37974683544303794,True,True,False,False
5163_02,False,0.5063291139240507,True,True,False,False
5165_01,False,0.7974683544303798,True,True,False,False
5166_01,False,0.4050632911392405,True,False,False,True
5167_01,False,0.5949367088607594,False,True,False,False
5170_01,False,0.2911392405063291,False,True,False,False
5171_01,False,0.2911392405063291,False,True,False,False
5173_01,True,0.24050632911392406,True,False,False,True
5174_01,True,0.5569620253164557,True,False,True,False
5174_02,False,0.3670886075949367,False,False,True,False
5175_01,False,0.26582278481012656,False,True,False,False
5176_01,False,0.2911392405063291,False,True,False,False
5177_01,False,0.3291139240506329,True,False,True,False
5179_01,True,0.5949367088607594,True,False,True,False
5180_01,True,0.25316455696202533,True,True,False,False
5181_01,False,0.6075949367088608,True,False,True,False
5182_01,True,0.05063291139240506,True,True,False,False
5182_02,False,0.31645569620253167,True,True,False,False
5184_01,False,0.0,True,True,False,False
5185_01,False,0.3670886075949367,False,False,False,True
5186_01,False,0.26582278481012656,False,True,False,False
5187_01,False,0.25316455696202533,False,True,False,False
5188_01,False,0.43037974683544306,False,True,False,False
5188_02,True,0.11392405063291139,True,True,False,False
5188_03,True,0.1518987341772152,False,True,False,False
5190_01,False,0.16455696202531644,False,True,False,False
5192_01,True,0.34177215189873417,True,False,False,True
5193_01,False,0.43037974683544306,True,False,True,False
5194_01,True,0.22784810126582278,True,False,True,False
5194_02,True,0.20253164556962025,True,False,True,False
5196_01,True,0.5443037974683544,True,True,False,False
5196_02,True,0.0,False,True,False,False
5197_01,False,0.25316455696202533,True,True,False,False
5198_01,False,0.569620253164557,False,False,False,True
5199_01,False,0.4430379746835443,False,False,True,False
5201_01,False,0.26582278481012656,False,True,False,False
5202_01,True,0.17721518987341772,True,True,False,False
5204_01,False,0.5822784810126582,False,True,False,False
5205_01,False,0.27848101265822783,False,True,False,False
5205_02,False,0.02531645569620253,True,True,False,False
5205_03,False,0.0379746835443038,True,True,False,False
5206_01,True,0.35443037974683544,True,True,False,False
5206_02,False,0.7594936708860759,False,True,False,False
5206_03,False,0.6075949367088608,False,True,False,False
5207_01,False,0.22784810126582278,True,True,False,False
5207_02,False,0.3924050632911392,False,True,False,False
5208_01,True,0.3291139240506329,True,False,True,False
5208_02,False,0.5189873417721519,False,False,True,False
5209_01,False,0.3291139240506329,True,True,False,False
5210_01,False,0.3670886075949367,True,True,False,False
5211_01,False,0.3037974683544304,False,True,False,False
5213_01,False,0.31645569620253167,True,True,False,False
5214_01,False,0.0,False,True,False,False
5216_01,True,0.37974683544303794,False,True,False,False
5217_01,True,0.22784810126582278,True,False,True,False
5217_02,True,0.4050632911392405,True,False,True,False
5218_01,False,0.35443037974683544,False,True,False,False
5220_01,False,0.26582278481012656,False,False,False,True
5221_01,False,0.31645569620253167,False,True,False,False
5223_01,False,0.5949367088607594,True,False,False,True
5223_02,True,0.3649105122463968,True,False,False,True
5223_03,True,0.10126582278481013,True,False,False,True
5224_01,False,0.3037974683544304,False,True,False,False
5225_01,True,0.37974683544303794,True,False,False,True
5226_01,True,0.3037974683544304,True,True,False,False
5227_01,True,0.16455696202531644,True,True,False,False
5229_01,False,0.20253164556962025,False,True,False,False
5230_01,False,0.2911392405063291,True,False,False,True
5234_01,False,0.20253164556962025,True,False,False,True
5235_01,False,0.3670886075949367,False,True,False,False
5236_01,False,0.5822784810126582,True,True,False,False
5238_01,True,0.16455696202531644,False,True,False,False
5239_01,True,0.27848101265822783,True,True,False,False
5240_01,True,0.3670886075949367,True,True,False,False
5242_01,True,0.5822784810126582,True,True,False,False
5243_01,False,0.3037974683544304,True,True,False,False
5243_02,True,0.4177215189873418,True,True,False,False
5244_01,False,0.4810126582278481,False,False,False,True
5246_01,True,0.7215189873417721,True,True,False,False
5246_02,False,0.3649105122463968,True,True,False,False
5247_01,False,0.4810126582278481,True,True,False,False
5248_01,False,0.35443037974683544,True,True,False,False
5249_01,False,0.31645569620253167,False,False,False,True
5250_01,True,0.27848101265822783,True,False,False,True
5251_01,False,0.4177215189873418,True,False,False,True
5252_01,False,0.4430379746835443,True,True,False,False
5253_01,False,0.3037974683544304,True,True,False,False
5254_01,True,0.3924050632911392,True,False,True,False
5254_02,True,0.20253164556962025,True,False,True,False
5254_03,True,0.35443037974683544,True,False,True,False
5254_04,False,0.10126582278481013,True,False,True,False
5255_01,True,0.25316455696202533,True,False,False,True
5256_01,False,0.3291139240506329,False,False,False,True
5257_01,False,0.5443037974683544,False,False,True,False
5258_01,False,0.8860759493670886,True,False,True,False
5260_01,True,0.21518987341772153,True,True,False,False
5262_01,True,0.17721518987341772,True,True,False,False
5264_01,True,0.26582278481012656,True,True,False,False
5264_02,False,0.46835443037974683,True,True,False,False
5265_01,False,0.18987341772151897,False,True,False,False
5266_01,False,0.25316455696202533,False,False,True,False
5266_02,False,0.45569620253164556,False,False,True,False
5268_01,False,0.17721518987341772,True,True,False,False
5269_01,False,0.26582278481012656,True,True,False,False
5271_01,False,0.35443037974683544,False,True,False,False
5272_01,True,0.25316455696202533,True,False,False,True
5273_01,False,0.3291139240506329,False,True,False,False
5274_01,False,0.31645569620253167,False,True,False,False
5275_01,False,0.3670886075949367,False,True,False,False
5276_01,False,0.49367088607594933,True,False,True,False
5277_01,False,0.22784810126582278,True,True,False,False
5278_01,True,0.46835443037974683,True,False,True,False
5279_01,False,0.35443037974683544,False,True,False,False
5280_01,False,0.22784810126582278,True,True,False,False
5281_01,False,0.37974683544303794,False,True,False,False
5282_01,False,0.4430379746835443,True,True,False,False
5282_02,False,0.3291139240506329,True,True,False,False
5282_03,True,0.0,True,True,False,False
5287_01,False,0.5316455696202531,True,True,False,False
5288_01,False,0.45569620253164556,True,True,False,False
5290_01,False,0.3924050632911392,False,True,False,False
5291_01,False,0.34177215189873417,False,True,False,False
5292_01,False,0.31645569620253167,True,False,True,False
5297_01,True,0.4050632911392405,True,True,False,False
5298_01,True,0.17721518987341772,True,True,False,False
5299_01,True,0.20253164556962025,True,True,False,False
5300_01,True,0.6455696202531646,True,True,False,False
5301_01,True,0.26582278481012656,True,False,True,False
5301_02,True,0.3924050632911392,True,False,True,False
5303_01,False,0.11392405063291139,False,True,False,False
5303_02,False,0.08860759493670886,True,True,False,False
5303_03,False,0.0379746835443038,True,True,False,False
5303_04,True,0.02531645569620253,True,True,False,False
5303_05,False,0.08860759493670886,False,True,False,False
5304_01,False,0.22784810126582278,False,False,False,True
5304_02,True,0.4177215189873418,True,False,False,True
5305_01,False,0.2911392405063291,True,True,False,False
5307_01,True,0.16455696202531644,True,False,True,False
5310_01,False,0.4050632911392405,False,False,False,True
5312_01,True,0.34177215189873417,True,False,True,False
5313_01,False,0.2911392405063291,True,True,False,False
5314_01,False,0.31645569620253167,True,False,True,False
5315_01,False,0.22784810126582278,False,True,False,False
5316_01,True,0.2911392405063291,True,False,False,True
5320_01,True,0.3924050632911392,True,False,True,False
5320_02,False,0.4050632911392405,False,False,True,False
5322_01,True,0.27848101265822783,True,False,False,True
5323_01,True,0.4810126582278481,True,False,False,True
5325_01,False,0.26582278481012656,True,True,False,False
5326_01,True,0.35443037974683544,True,False,False,True
5327_01,False,0.4810126582278481,False,False,True,False
5330_01,False,0.25316455696202533,True,True,False,False
5331_01,False,0.2911392405063291,False,True,False,False
5333_01,False,0.6075949367088608,True,True,False,False
5334_01,True,0.18987341772151897,True,True,False,False
5334_02,False,0.37974683544303794,True,True,False,False
5337_01,False,0.5063291139240507,True,False,False,True
5340_01,False,0.45569620253164556,False,True,False,False
5341_01,True,0.25316455696202533,True,True,False,False
5343_01,False,0.21518987341772153,False,False,False,True
5344_01,False,0.4810126582278481,False,False,True,False
5344_02,True,0.4810126582278481,True,False,True,False
5345_01,False,0.17721518987341772,False,False,False,True
5345_02,False,0.3649105122463968,False,False,False,True
5346_01,False,0.26582278481012656,True,True,False,False
5347_01,False,0.22784810126582278,False,False,True,False
5348_01,False,0.3291139240506329,True,False,False,True
5350_01,False,0.4430379746835443,False,False,True,False
5351_01,False,0.5822784810126582,False,False,False,True
5353_01,True,0.16455696202531644,True,False,True,False
5353_02,False,0.49367088607594933,True,False,True,False
5354_01,False,0.620253164556962,False,False,False,True
5354_02,False,0.35443037974683544,False,False,False,True
5355_01,False,0.34177215189873417,True,True,False,False
5355_02,True,0.26582278481012656,True,True,False,False
5356_01,False,0.3670886075949367,False,True,False,False
5359_01,False,0.34177215189873417,False,True,False,False
5360_01,True,0.4810126582278481,True,False,False,True
5361_01,False,0.22784810126582278,True,True,False,False
5362_01,True,0.4430379746835443,True,False,True,False
5363_01,True,0.46835443037974683,True,False,False,True
5365_01,False,0.7594936708860759,False,True,False,False
5366_01,True,0.3924050632911392,True,False,True,False
5367_01,True,0.05063291139240506,True,False,True,False
5367_02,False,0.43037974683544306,True,True,False,False
5367_03,False,0.5822784810126582,True,False,True,False
5368_01,False,0.22784810126582278,False,True,False,False
5372_01,False,0.4810126582278481,False,False,False,True
5374_01,False,0.3670886075949367,True,True,False,False
5375_01,True,0.16455696202531644,True,False,True,False
5375_02,True,0.3291139240506329,True,False,True,False
5378_01,False,0.37974683544303794,False,False,True,False
5379_01,False,0.5316455696202531,False,True,False,False
5380_01,False,0.45569620253164556,False,False,False,True
5383_01,False,0.2911392405063291,False,True,False,False
5384_01,False,0.43037974683544306,True,False,True,False
5384_02,False,0.3291139240506329,True,False,True,False
5385_01,False,0.3924050632911392,False,False,False,True
5387_01,False,0.6075949367088608,False,False,False,True
5388_01,True,0.12658227848101267,True,True,False,False
5389_01,False,0.34177215189873417,True,False,False,True
5389_02,False,0.4050632911392405,False,False,False,True
5390_01,True,0.3037974683544304,True,True,False,False
5390_02,True,0.25316455696202533,True,True,False,False
5390_03,False,0.6075949367088608,True,True,False,False
5392_01,False,0.4430379746835443,False,False,False,True
5394_01,False,0.17721518987341772,True,False,False,True
5395_01,False,0.35443037974683544,True,False,False,True
5396_01,False,0.3649105122463968,False,False,False,True
5397_01,True,0.5316455696202531,True,False,False,True
5397_02,True,0.10126582278481013,True,False,False,True
5397_03,True,0.37974683544303794,True,False,False,True
5401_01,False,0.5569620253164557,False,True,False,False
5402_01,False,0.5063291139240507,False,False,False,True
5404_01,False,0.4810126582278481,False,True,False,False
5406_01,False,0.27848101265822783,False,True,False,False
5408_01,False,0.4050632911392405,False,False,False,True
5408_02,False,0.20253164556962025,False,False,False,True
5410_01,False,0.4177215189873418,False,False,False,True
5411_01,False,0.4810126582278481,False,False,True,False
5412_01,False,0.2911392405063291,True,True,False,False
5413_01,False,0.20253164556962025,True,True,False,False
5414_01,False,0.20253164556962025,False,True,False,False
5414_02,False,0.13924050632911392,False,True,False,False
5414_03,False,0.27848101265822783,False,True,False,False
5414_04,False,0.5443037974683544,False,True,False,False
5414_05,True,0.25316455696202533,True,True,False,False
5415_01,False,0.27848101265822783,False,True,False,False
5416_01,False,0.0,True,False,False,True
5416_02,False,0.37974683544303794,False,False,False,True
5416_03,True,0.22784810126582278,True,False,False,True
5416_04,False,0.0,True,False,False,True
5418_01,False,0.5189873417721519,False,False,False,True
5420_01,False,0.49367088607594933,True,True,False,False
5421_01,False,0.46835443037974683,False,True,False,False
5422_01,True,0.3291139240506329,True,False,True,False
5423_01,False,0.620253164556962,False,False,False,True
5423_02,False,0.35443037974683544,True,False,False,True
5424_01,False,0.16455696202531644,False,False,False,True
5424_02,False,0.810126582278481,False,True,False,False
5425_01,False,0.3037974683544304,False,True,False,False
5427_01,True,0.22784810126582278,True,True,False,False
5427_02,False,0.22784810126582278,False,False,False,True
5427_03,False,0.31645569620253167,False,False,False,True
5430_01,True,0.24050632911392406,False,True,False,False
5431_01,False,0.4177215189873418,True,True,False,False
5434_01,True,0.3649105122463968,True,True,False,False
5435_01,False,0.6329113924050633,False,False,False,True
5436_01,False,0.37974683544303794,False,True,False,False
5437_01,False,0.5569620253164557,True,False,False,True
5438_01,True,0.6582278481012658,False,True,False,False
5440_01,True,0.08860759493670886,True,True,False,False
5440_02,False,0.37974683544303794,False,True,False,False
5440_03,False,0.34177215189873417,False,True,False,False
5441_01,True,0.3037974683544304,True,False,True,False
5443_01,False,0.16455696202531644,False,True,False,False
5445_01,False,0.7721518987341772,False,True,False,False
5446_01,True,0.4050632911392405,True,True,False,False
5447_01,True,0.21518987341772153,True,False,False,True
5447_02,False,0.45569620253164556,True,False,False,True
5450_01,True,0.20253164556962025,True,True,False,False
5451_01,False,0.26582278481012656,True,True,False,False
5452_01,False,0.3037974683544304,True,False,True,False
5453_01,False,0.35443037974683544,False,True,False,False
5454_01,False,0.3649105122463968,False,False,False,True
5455_01,False,0.16455696202531644,False,False,False,True
5457_01,False,0.49367088607594933,False,True,False,False
5458_01,False,0.3037974683544304,False,True,False,False
5459_01,False,0.4810126582278481,False,False,True,False
5462_01,False,0.25316455696202533,False,False,False,True
5463_01,False,0.26582278481012656,True,True,False,False
5465_01,False,0.34177215189873417,False,False,False,True
5465_02,False,0.620253164556962,False,True,False,False
5465_03,True,0.0759493670886076,True,False,False,True
5466_01,True,0.5189873417721519,True,False,True,False
5466_02,False,0.4177215189873418,False,False,True,False
5466_03,False,0.0759493670886076,True,False,True,False
5466_04,False,0.4430379746835443,False,False,True,False
5466_05,False,0.5822784810126582,False,False,True,False
5467_01,False,0.3924050632911392,False,True,False,False
5468_01,True,0.4050632911392405,True,False,True,False
5469_01,True,0.3924050632911392,True,False,True,False
5470_01,True,0.25316455696202533,False,True,False,False
5471_01,False,0.7215189873417721,False,True,False,False
5472_01,False,0.46835443037974683,True,True,False,False
5474_01,True,0.26582278481012656,True,True,False,False
5475_01,False,0.5443037974683544,False,True,False,False
5476_01,False,0.620253164556962,True,True,False,False
5477_01,False,0.21518987341772153,True,True,False,False
5478_01,False,0.3670886075949367,False,False,False,True
5479_01,True,0.45569620253164556,True,True,False,False
5480_01,False,0.46835443037974683,False,False,True,False
5483_01,False,0.21518987341772153,False,True,False,False
5484_01,True,0.569620253164557,True,False,False,True
5485_01,False,0.25316455696202533,False,True,False,False
5487_01,True,0.3037974683544304,True,False,False,True
5488_01,True,0.35443037974683544,True,False,True,False
5488_02,False,0.18987341772151897,True,False,True,False
5488_03,False,0.6708860759493671,False,False,True,False
5488_04,True,0.6455696202531646,True,False,True,False
5489_01,True,0.17721518987341772,True,True,False,False
5489_02,True,0.012658227848101266,False,True,False,False
5490_01,False,0.3291139240506329,False,False,False,True
5491_01,False,0.25316455696202533,False,True,False,False
5492_01,False,0.2911392405063291,False,True,False,False
5494_01,False,0.27848101265822783,True,True,False,False
5496_01,True,0.27848101265822783,True,True,False,False
5497_01,True,0.16455696202531644,True,False,True,False
5497_02,False,0.35443037974683544,True,False,True,False
5499_01,True,0.5063291139240507,True,True,False,False
5500_01,False,0.26582278481012656,False,False,False,True
5501_01,False,0.4430379746835443,True,True,False,False
5504_01,False,0.27848101265822783,False,True,False,False
5506_01,True,0.46835443037974683,True,False,True,False
5507_01,False,0.26582278481012656,False,False,False,True
5508_01,False,0.6329113924050633,False,True,False,False
5509_01,False,0.34177215189873417,True,True,False,False
5510_01,True,0.25316455696202533,True,True,False,False
5511_01,True,0.18987341772151897,True,True,False,False
5511_02,False,0.31645569620253167,False,True,False,False
5512_01,False,0.3924050632911392,False,False,True,False
5512_02,False,0.3649105122463968,True,False,True,False
5514_01,True,0.22784810126582278,True,True,False,False
5514_02,True,0.02531645569620253,True,True,False,False
5514_03,False,0.34177215189873417,True,True,False,False
5514_04,False,0.0,True,True,False,False
5515_01,False,0.27848101265822783,False,True,False,False
5517_01,False,0.3649105122463968,False,False,False,True
5520_01,False,0.7088607594936709,True,True,False,False
5521_01,False,0.35443037974683544,False,True,False,False
5522_01,False,0.5316455696202531,True,True,False,False
5522_02,False,0.25316455696202533,True,True,False,False
5522_03,False,0.34177215189873417,True,True,False,False
5523_01,False,0.3670886075949367,False,True,False,False
5524_01,False,0.45569620253164556,True,True,False,False
5526_01,False,0.2911392405063291,False,True,False,False
5526_02,True,0.810126582278481,True,True,False,False
5527_01,False,0.24050632911392406,False,True,False,False
5527_02,True,0.012658227848101266,False,True,False,False
5527_03,True,0.620253164556962,False,True,False,False
5527_04,True,0.0,True,True,False,False
5528_01,False,0.22784810126582278,False,True,False,False
5529_01,False,0.49367088607594933,False,False,True,False
5530_01,False,0.46835443037974683,False,False,False,True
5530_02,True,0.5569620253164557,True,False,False,True
5531_01,False,0.5443037974683544,False,False,False,True
5531_02,True,0.4177215189873418,True,False,False,True
5535_01,False,0.25316455696202533,True,True,False,False
5535_02,False,0.0,True,True,False,False
5535_03,False,0.05063291139240506,True,True,False,False
5536_01,True,0.25316455696202533,True,False,False,True
5537_01,False,0.6329113924050633,False,False,False,True
5538_01,True,0.5949367088607594,True,False,False,True
5538_02,True,0.21518987341772153,True,False,False,True
5539_01,False,0.3291139240506329,False,False,True,False
5540_01,False,0.26582278481012656,True,True,False,False
5541_01,True,0.25316455696202533,True,False,False,True
5543_01,True,0.3291139240506329,True,False,True,False
5544_01,False,0.3649105122463968,False,False,False,True
5545_01,False,0.43037974683544306,True,True,False,False
5545_02,True,0.13924050632911392,True,True,False,False
5545_03,True,0.0,True,True,False,False
5546_01,False,0.35443037974683544,False,False,True,False
5550_01,False,0.4177215189873418,True,True,False,False
5551_01,True,0.27848101265822783,True,True,False,False
5552_01,False,0.35443037974683544,False,False,False,True
5552_02,True,0.13924050632911392,True,False,False,True
5552_03,False,0.7594936708860759,False,False,False,True
5555_01,False,0.5443037974683544,True,True,False,False
5556_01,False,0.34177215189873417,False,True,False,False
5557_01,True,0.46835443037974683,True,True,False,False
5559_01,True,0.2911392405063291,True,True,False,False
5560_01,False,0.7215189873417721,False,False,False,True
5561_01,True,0.3670886075949367,True,False,True,False
5561_02,False,0.35443037974683544,False,False,True,False
5561_03,False,0.5316455696202531,False,False,True,False
5561_04,False,0.5443037974683544,False,False,True,False
5563_01,True,0.3291139240506329,True,False,True,False
5566_01,False,0.9113924050632911,False,False,True,False
5568_01,False,0.620253164556962,False,False,True,False
5568_02,True,0.3670886075949367,True,False,True,False
5569_01,True,0.22784810126582278,False,True,False,False
5571_01,False,0.3291139240506329,True,True,False,False
5572_01,True,0.24050632911392406,True,False,False,True
5573_01,False,0.22784810126582278,False,True,False,False
5574_01,False,0.17721518987341772,False,True,False,False
5575_01,False,0.5569620253164557,False,False,False,True
5575_02,True,0.43037974683544306,True,False,False,True
5578_01,True,0.22784810126582278,True,True,False,False
5580_01,True,0.45569620253164556,True,True,False,False
5581_01,True,0.34177215189873417,True,False,True,False
5582_01,False,0.4430379746835443,False,True,False,False
5583_01,False,0.6582278481012658,True,False,True,False
5585_01,False,0.27848101265822783,False,True,False,False
5585_02,False,0.43037974683544306,True,True,False,False
5586_01,False,0.46835443037974683,False,True,False,False
5587_01,False,0.27848101265822783,False,True,False,False
5589_01,False,0.3291139240506329,True,True,False,False
5591_01,False,0.17721518987341772,False,True,False,False
5592_01,True,0.6708860759493671,True,False,False,True
5594_01,False,0.21518987341772153,False,True,False,False
5595_01,False,0.37974683544303794,False,True,False,False
5596_01,False,0.8227848101265822,False,False,True,False
5598_01,False,0.24050632911392406,True,True,False,False
5599_01,False,0.45569620253164556,False,False,True,False
5601_01,True,0.0379746835443038,True,True,False,False
5601_02,False,0.0759493670886076,True,True,False,False
5601_03,False,0.05063291139240506,True,True,False,False
5601_04,False,0.26582278481012656,True,True,False,False
5601_05,True,0.10126582278481013,True,True,False,False
5602_01,True,0.4430379746835443,True,False,True,False
5602_02,False,0.22784810126582278,True,False,True,False
5603_01,False,0.43037974683544306,False,True,False,False
5606_01,True,0.569620253164557,True,False,True,False
5606_02,False,0.3924050632911392,True,False,True,False
5608_01,False,0.17721518987341772,True,True,False,False
5609_01,False,0.2911392405063291,False,True,False,False
5610_01,True,0.7721518987341772,True,False,True,False
5610_02,False,0.6835443037974683,False,False,True,False
5611_01,True,0.35443037974683544,True,False,True,False
5611_02,False,0.5822784810126582,False,False,True,False
5613_01,False,0.4050632911392405,True,True,False,False
5614_01,True,0.620253164556962,True,True,False,False
5615_01,True,0.25316455696202533,True,True,False,False
5616_01,False,0.31645569620253167,True,True,False,False
5618_01,False,0.24050632911392406,True,True,False,False
5619_01,True,0.35443037974683544,True,True,False,False
5622_01,False,0.8607594936708861,True,True,False,False
5623_01,True,0.20253164556962025,True,True,False,False
5625_01,True,0.24050632911392406,False,False,False,True
5625_02,False,0.620253164556962,False,False,False,True
5625_03,False,0.18987341772151897,False,False,False,True
5625_04,True,0.3291139240506329,True,False,False,True
5625_05,False,0.27848101265822783,False,False,False,True
5626_01,True,0.2911392405063291,True,True,False,False
5627_01,False,0.3924050632911392,False,True,False,False
5628_01,True,0.34177215189873417,False,True,False,False
5629_01,True,0.35443037974683544,True,True,False,False
5631_01,False,0.25316455696202533,False,True,False,False
5637_01,False,0.5443037974683544,False,True,False,False
5639_01,False,0.27848101265822783,True,True,False,False
5640_01,True,0.34177215189873417,True,False,True,False
5642_01,True,0.4430379746835443,True,False,True,False
5642_02,True,0.46835443037974683,True,False,True,False
5643_01,False,0.3037974683544304,True,False,False,True
5643_02,False,0.22784810126582278,False,False,False,True
5643_03,False,0.18987341772151897,False,False,False,True
5644_01,False,0.35443037974683544,False,False,False,True
5645_01,False,0.3037974683544304,True,True,False,False
5646_01,True,0.49367088607594933,True,False,False,True
5647_01,True,0.4430379746835443,True,False,True,False
5647_02,False,0.6582278481012658,True,False,True,False
5647_03,False,0.6075949367088608,False,False,True,False
5648_01,False,0.34177215189873417,False,False,True,False
5648_02,False,0.6329113924050633,False,False,True,False
5650_01,False,0.3037974683544304,False,True,False,False
5651_01,False,0.3291139240506329,True,True,False,False
5652_01,False,0.3037974683544304,False,True,False,False
5653_01,True,0.18987341772151897,False,True,False,False
5655_01,False,0.5316455696202531,False,True,False,False
5659_01,False,0.6455696202531646,False,True,False,False
5661_01,False,0.5443037974683544,True,True,False,False
5661_02,True,0.3924050632911392,False,True,False,False
5662_01,True,0.17721518987341772,True,True,False,False
5662_02,False,0.3924050632911392,False,True,False,False
5663_01,False,0.4177215189873418,True,False,True,False
5667_01,False,0.26582278481012656,False,True,False,False
5671_01,False,0.16455696202531644,False,True,False,False
5673_01,False,0.3670886075949367,True,True,False,False
5674_01,False,0.27848101265822783,False,False,True,False
5677_01,False,0.27848101265822783,False,False,False,True
5679_01,True,0.22784810126582278,True,True,False,False
5679_02,True,0.4430379746835443,True,True,False,False
5679_03,True,0.25316455696202533,True,True,False,False
5680_01,False,0.22784810126582278,True,True,False,False
5681_01,True,0.8354430379746836,True,True,False,False
5684_01,True,0.4177215189873418,True,True,False,False
5684_02,True,0.6075949367088608,True,False,True,False
5684_03,False,0.4810126582278481,False,False,True,False
5684_04,True,0.7848101265822784,True,False,True,False
5685_01,True,0.24050632911392406,False,True,False,False
5686_01,False,0.5569620253164557,False,False,False,True
5686_02,False,0.31645569620253167,False,False,False,True
5687_01,False,0.18987341772151897,False,True,False,False
5688_01,False,0.25316455696202533,True,True,False,False
5689_01,False,0.43037974683544306,False,True,False,False
5692_01,False,0.2911392405063291,False,False,False,True
5693_01,False,0.569620253164557,True,True,False,False
5695_01,True,0.49367088607594933,True,True,False,False
5696_01,True,0.4177215189873418,True,True,False,False
5698_01,False,0.17721518987341772,False,True,False,False
5698_02,False,0.3291139240506329,True,True,False,False
5700_01,True,0.5949367088607594,True,True,False,False
5701_01,True,0.3649105122463968,True,False,False,True
5702_01,True,0.35443037974683544,True,True,False,False
5704_01,True,0.27848101265822783,True,True,False,False
5705_01,True,0.21518987341772153,True,True,False,False
5706_01,False,0.20253164556962025,True,True,False,False
5706_02,False,0.11392405063291139,True,True,False,False
5707_01,False,0.18987341772151897,True,True,False,False
5709_01,False,0.4177215189873418,True,False,True,False
5710_01,False,0.7721518987341772,True,True,False,False
5711_01,False,0.24050632911392406,False,True,False,False
5712_01,True,0.7721518987341772,True,False,True,False
5713_01,False,0.5316455696202531,True,True,False,False
5714_01,False,0.05063291139240506,False,True,False,False
5714_02,False,0.1518987341772152,True,True,False,False
5714_03,False,0.0,True,True,False,False
5714_04,True,0.24050632911392406,True,True,False,False
5714_05,True,0.3649105122463968,True,True,False,False
5716_01,False,0.3670886075949367,True,True,False,False
5717_01,False,0.7468354430379747,True,True,False,False
5718_01,True,0.25316455696202533,True,True,False,False
5719_01,False,0.8860759493670886,True,True,False,False
5719_02,True,0.0379746835443038,False,True,False,False
5721_01,True,0.46835443037974683,True,False,True,False
5721_02,False,0.7341772151898734,False,False,True,False
5722_01,False,0.5569620253164557,False,True,False,False
5723_01,True,0.3037974683544304,False,False,False,True
5724_01,True,0.25316455696202533,True,True,False,False
5725_01,False,0.3037974683544304,True,True,False,False
5726_01,True,0.34177215189873417,True,False,True,False
5727_01,False,0.35443037974683544,False,True,False,False
5728_01,False,0.3037974683544304,False,True,False,False
5729_01,True,0.3670886075949367,True,False,False,True
5730_01,False,0.31645569620253167,False,True,False,False
5732_01,False,0.25316455696202533,False,True,False,False
5733_01,False,0.43037974683544306,True,True,False,False
5733_02,False,0.35443037974683544,False,True,False,False
5735_01,True,0.3649105122463968,True,True,False,False
5736_01,False,0.2911392405063291,False,True,False,False
5737_01,False,0.49367088607594933,True,False,True,False
5737_02,False,0.4430379746835443,True,False,True,False
5738_01,True,0.22784810126582278,True,True,False,False
5739_01,True,0.25316455696202533,True,True,False,False
5740_01,False,0.5316455696202531,False,False,True,False
5740_02,False,0.4050632911392405,False,False,True,False
5742_01,False,0.6329113924050633,False,True,False,False
5744_01,False,0.2911392405063291,True,True,False,False
5746_01,False,0.24050632911392406,False,True,False,False
5747_01,False,0.3670886075949367,False,True,False,False
5748_01,False,0.4430379746835443,False,False,True,False
5750_01,False,0.22784810126582278,False,True,False,False
5751_01,False,0.3037974683544304,False,True,False,False
5755_01,False,0.2911392405063291,True,True,False,False
5756_01,False,0.6455696202531646,False,True,False,False
5756_02,False,0.5316455696202531,False,True,False,False
5756_03,False,0.24050632911392406,False,True,False,False
5756_04,False,0.2911392405063291,False,True,False,False
5756_05,True,0.24050632911392406,True,True,False,False
5756_06,False,0.27848101265822783,False,True,False,False
5756_07,False,0.31645569620253167,False,True,False,False
5756_08,False,0.3924050632911392,False,True,False,False
5757_01,False,0.2911392405063291,False,True,False,False
5758_01,True,0.27848101265822783,True,True,False,False
5761_01,True,0.6962025316455696,True,False,True,False
5763_01,False,0.5063291139240507,False,True,False,False
5763_02,False,0.3037974683544304,False,True,False,False
5764_01,False,0.31645569620253167,True,True,False,False
5765_01,False,0.5316455696202531,False,False,True,False
5767_01,True,0.4177215189873418,True,True,False,False
5768_01,True,0.6835443037974683,True,False,True,False
5768_02,True,0.27848101265822783,True,False,True,False
5769_01,True,0.27848101265822783,True,False,True,False
5769_02,True,0.24050632911392406,True,False,True,False
5771_01,False,0.5949367088607594,True,True,False,False
5772_01,False,0.2911392405063291,False,False,False,True
5773_01,True,0.7721518987341772,True,False,True,False
5776_01,False,0.26582278481012656,False,True,False,False
5777_01,False,0.5822784810126582,False,True,False,False
5778_01,False,0.45569620253164556,False,True,False,False
5779_01,False,0.18987341772151897,True,True,False,False
5780_01,False,0.4177215189873418,True,False,True,False
5780_02,True,0.4430379746835443,True,False,True,False
5780_03,True,0.26582278481012656,True,False,True,False
5781_01,False,0.26582278481012656,False,True,False,False
5783_01,False,0.5443037974683544,True,True,False,False
5785_01,False,0.43037974683544306,False,True,False,False
5786_01,False,0.5949367088607594,False,True,False,False
5788_01,False,0.34177215189873417,True,False,False,True
5790_01,False,0.5822784810126582,False,False,True,False
5791_01,False,0.5822784810126582,True,True,False,False
5792_01,False,0.5063291139240507,False,False,True,False
5793_01,True,0.7468354430379747,True,False,True,False
5794_01,False,0.569620253164557,False,False,True,False
5795_01,False,0.24050632911392406,True,True,False,False
5796_01,False,0.4050632911392405,False,False,False,True
5799_01,True,0.49367088607594933,True,True,False,False
5800_01,False,0.5063291139240507,False,True,False,False
5802_01,False,0.5569620253164557,True,False,False,True
5804_01,True,0.3291139240506329,False,True,False,False
5806_01,False,0.27848101265822783,False,True,False,False
5808_01,False,0.02531645569620253,False,True,False,False
5808_02,False,0.22784810126582278,False,True,False,False
5808_03,False,0.6708860759493671,False,True,False,False
5809_01,False,0.27848101265822783,False,True,False,False
5809_02,False,0.5822784810126582,True,True,False,False
5810_01,True,0.35443037974683544,True,True,False,False
5810_02,False,0.3924050632911392,True,True,False,False
5811_01,False,0.45569620253164556,False,False,True,False
5811_02,False,0.5822784810126582,True,False,True,False
5812_01,True,0.0,True,True,False,False
5812_02,False,0.0379746835443038,True,True,False,False
5812_03,True,0.1518987341772152,True,True,False,False
5812_04,True,0.02531645569620253,True,True,False,False
5812_05,True,0.5189873417721519,True,True,False,False
5812_06,True,0.13924050632911392,True,True,False,False
5813_01,True,0.5189873417721519,True,True,False,False
5814_01,False,0.21518987341772153,False,False,False,True
5814_02,True,0.26582278481012656,True,False,False,True
5814_03,True,0.26582278481012656,True,False,False,True
5814_04,False,0.34177215189873417,True,False,False,True
5814_05,True,0.6835443037974683,True,False,False,True
5814_06,False,0.18987341772151897,False,False,False,True
5814_07,True,0.49367088607594933,True,False,False,True
5816_01,False,0.3924050632911392,True,True,False,False
5817_01,True,0.35443037974683544,True,False,False,True
5818_01,False,0.26582278481012656,False,True,False,False
5819_01,True,0.3670886075949367,True,False,True,False
5820_01,False,0.569620253164557,True,True,False,False
5821_01,False,0.5569620253164557,False,False,True,False
5822_01,True,0.1518987341772152,True,True,False,False
5823_01,True,0.22784810126582278,True,True,False,False
5824_01,True,0.25316455696202533,True,True,False,False
5825_01,False,0.5443037974683544,True,False,True,False
5826_01,True,0.5822784810126582,True,True,False,False
5827_01,False,0.6708860759493671,True,True,False,False
5828_01,False,0.26582278481012656,False,True,False,False
5829_01,False,0.2911392405063291,False,True,False,False
5831_01,False,0.11392405063291139,False,True,False,False
5834_01,False,0.24050632911392406,False,True,False,False
5835_01,True,0.6582278481012658,True,True,False,False
5836_01,True,0.3924050632911392,True,False,True,False
5837_01,False,0.7848101265822784,False,True,False,False
5839_01,True,0.34177215189873417,True,False,True,False
5840_01,True,0.2911392405063291,False,True,False,False
5842_01,True,0.35443037974683544,True,False,True,False
5842_02,True,0.34177215189873417,True,False,True,False
5843_01,True,0.7341772151898734,True,True,False,False
5844_01,False,0.3037974683544304,True,True,False,False
5846_01,False,0.34177215189873417,False,False,False,True
5847_01,False,0.4177215189873418,False,True,False,False
5848_01,False,0.35443037974683544,True,True,False,False
5849_01,False,0.49367088607594933,False,True,False,False
5852_01,False,0.34177215189873417,False,True,False,False
5854_01,False,0.45569620253164556,True,True,False,False
5855_01,False,0.810126582278481,True,True,False,False
5855_02,False,0.5189873417721519,True,True,False,False
5856_01,True,0.3649105122463968,True,False,True,False
5856_02,True,0.34177215189873417,True,False,True,False
5857_01,False,0.3649105122463968,False,False,True,False
5858_01,False,0.27848101265822783,True,True,False,False
5859_01,False,0.2911392405063291,True,True,False,False
5860_01,False,0.5063291139240507,False,False,False,True
5860_02,True,0.02531645569620253,True,False,False,True
5860_03,False,0.0,True,False,False,True
5861_01,False,0.34177215189873417,True,True,False,False
5863_01,False,0.0,True,True,False,False
5863_02,False,0.21518987341772153,False,True,False,False
5867_01,False,0.569620253164557,False,True,False,False
5868_01,False,0.7848101265822784,False,True,False,False
5869_01,True,0.17721518987341772,True,True,False,False
5871_01,False,0.3037974683544304,True,True,False,False
5874_01,True,0.6455696202531646,True,True,False,False
5875_01,False,0.620253164556962,False,True,False,False
5876_01,False,0.6582278481012658,True,False,False,True
5876_02,True,0.4430379746835443,True,False,False,True
5876_03,True,0.27848101265822783,True,False,False,True
5877_01,False,0.21518987341772153,False,True,False,False
5878_01,True,0.5949367088607594,True,False,True,False
5879_01,True,0.31645569620253167,True,False,False,True
5880_01,True,0.13924050632911392,True,True,False,False
5882_01,False,0.21518987341772153,False,True,False,False
5885_01,False,0.5189873417721519,True,True,False,False
5885_02,False,0.6962025316455696,True,True,False,False
5885_03,False,0.3670886075949367,True,True,False,False
5885_04,False,0.24050632911392406,False,True,False,False
5885_05,True,0.2911392405063291,True,True,False,False
5885_06,False,0.4050632911392405,False,True,False,False
5885_07,False,0.34177215189873417,False,True,False,False
5885_08,False,0.31645569620253167,True,True,False,False
5886_01,False,0.3037974683544304,False,False,False,True
5886_02,True,0.37974683544303794,False,False,False,True
5887_01,False,0.6329113924050633,True,True,False,False
5887_02,False,0.6455696202531646,False,True,False,False
5888_01,False,0.34177215189873417,False,False,False,True
5888_02,False,0.4430379746835443,False,False,False,True
5889_01,False,0.6075949367088608,False,True,False,False
5890_01,True,0.34177215189873417,True,True,False,False
5891_01,True,0.24050632911392406,True,True,False,False
5894_01,True,0.22784810126582278,True,True,False,False
5897_01,False,0.31645569620253167,True,False,True,False
5898_01,True,0.5189873417721519,True,True,False,False
5900_01,True,0.7848101265822784,True,False,False,True
5900_02,True,0.37974683544303794,True,False,False,True
5900_03,True,0.0759493670886076,True,False,False,True
5901_01,False,0.18987341772151897,False,True,False,False
5902_01,False,0.43037974683544306,False,False,False,True
5903_01,False,0.43037974683544306,False,True,False,False
5905_01,False,0.2911392405063291,True,True,False,False
5906_01,False,0.6455696202531646,False,True,False,False
5907_01,True,0.7974683544303798,True,True,False,False
5908_01,False,0.5316455696202531,True,True,False,False
5909_01,False,0.24050632911392406,True,True,False,False
5909_02,True,0.06329113924050633,True,True,False,False
5909_03,True,0.02531645569620253,True,True,False,False
5912_01,True,0.18987341772151897,True,True,False,False
5913_01,False,0.45569620253164556,False,False,True,False
5915_01,False,0.4050632911392405,False,True,False,False
5916_01,False,0.24050632911392406,True,True,False,False
5919_01,False,0.3291139240506329,True,False,True,False
5920_01,False,0.4177215189873418,False,True,False,False
5921_01,True,0.4810126582278481,True,True,False,False
5921_02,False,0.27848101265822783,False,True,False,False
5922_01,False,0.4050632911392405,False,True,False,False
5923_01,True,0.37974683544303794,True,False,False,True
5924_01,False,0.6455696202531646,False,True,False,False
5925_01,False,0.3670886075949367,False,False,True,False
5925_02,False,0.20253164556962025,True,False,True,False
5925_03,False,0.4050632911392405,False,False,True,False
5927_01,False,0.3037974683544304,False,False,True,False
5927_02,False,0.2911392405063291,False,False,True,False
5927_03,True,0.5822784810126582,True,False,True,False
5927_04,False,0.620253164556962,False,False,True,False
5927_05,True,0.21518987341772153,True,False,True,False
5927_06,False,0.4430379746835443,False,False,True,False
5927_07,False,0.5443037974683544,False,False,True,False
5928_01,False,0.25316455696202533,True,True,False,False
5930_01,True,0.3037974683544304,True,False,True,False
5930_02,False,0.35443037974683544,False,False,True,False
5930_03,True,0.24050632911392406,True,False,True,False
5931_01,False,0.49367088607594933,False,False,True,False
5933_01,False,0.43037974683544306,False,False,False,True
5934_01,False,0.3670886075949367,True,True,False,False
5938_01,False,0.17721518987341772,True,True,False,False
5938_02,True,0.3649105122463968,True,True,False,False
5939_01,False,0.37974683544303794,False,True,False,False
5941_01,False,0.3649105122463968,True,True,False,False
5944_01,True,0.4050632911392405,True,True,False,False
5945_01,True,0.08860759493670886,True,True,False,False
5945_02,True,0.43037974683544306,True,True,False,False
5945_03,False,0.5949367088607594,True,True,False,False
5946_01,False,0.24050632911392406,False,False,False,True
5947_01,True,0.6582278481012658,True,False,True,False
5949_01,False,0.24050632911392406,False,False,False,True
5949_02,True,0.22784810126582278,True,False,False,True
5950_01,False,0.4050632911392405,False,True,False,False
5951_01,False,0.26582278481012656,False,True,False,False
5952_01,False,0.27848101265822783,True,False,False,True
5953_01,False,0.16455696202531644,False,False,False,True
5954_01,False,0.31645569620253167,False,False,False,True
5955_01,False,0.4177215189873418,False,False,False,True
5955_02,False,0.34177215189873417,False,False,False,True
5956_01,False,0.26582278481012656,False,True,False,False
5957_01,True,0.21518987341772153,True,False,True,False
5957_02,True,0.18987341772151897,True,False,True,False
5957_03,False,0.7341772151898734,False,False,True,False
5959_01,False,0.3670886075949367,False,False,True,False
5959_02,True,0.43037974683544306,True,False,True,False
5960_01,False,0.35443037974683544,True,False,True,False
5960_02,False,0.3670886075949367,True,False,True,False
5960_03,True,0.31645569620253167,True,False,True,False
5963_01,False,0.2911392405063291,False,False,False,True
5965_01,False,0.27848101265822783,True,True,False,False
5967_01,True,0.4810126582278481,True,True,False,False
5967_02,False,0.4810126582278481,True,True,False,False
5967_03,False,0.0,False,True,False,False
5968_01,False,0.3649105122463968,False,True,False,False
5969_01,True,0.0,True,True,False,False
5969_02,False,0.46835443037974683,False,True,False,False
5969_03,False,0.02531645569620253,True,True,False,False
5970_01,True,0.5063291139240507,True,False,True,False
5971_01,False,0.5949367088607594,False,False,False,True
5972_01,False,0.43037974683544306,True,True,False,False
5973_01,False,0.5443037974683544,False,False,False,True
5974_01,True,0.26582278481012656,True,False,False,True
5975_01,True,0.5443037974683544,True,False,True,False
5976_01,False,0.4177215189873418,False,False,False,True
5977_01,False,0.35443037974683544,True,False,True,False
5977_02,False,0.7215189873417721,False,False,True,False
5977_03,False,0.3649105122463968,True,False,True,False
5977_04,False,0.5822784810126582,False,False,True,False
5980_01,False,0.24050632911392406,True,False,True,False
5981_01,False,0.34177215189873417,False,False,False,True
5981_02,False,0.02531645569620253,True,True,False,False
5981_03,False,0.0,True,False,False,True
5983_01,False,0.31645569620253167,False,False,False,True
5983_02,True,0.5949367088607594,True,False,False,True
5984_01,False,0.4810126582278481,True,False,False,True
5984_02,False,0.3037974683544304,False,False,False,True
5985_01,False,0.3037974683544304,True,True,False,False
5986_01,False,0.31645569620253167,True,False,True,False
5987_01,False,0.3670886075949367,True,True,False,False
5988_01,False,0.5569620253164557,False,False,False,True
5989_01,False,0.25316455696202533,False,True,False,False
5990_01,True,0.2911392405063291,True,True,False,False
5991_01,False,0.3291139240506329,True,False,True,False
5992_01,True,0.25316455696202533,True,True,False,False
5993_01,True,0.34177215189873417,True,False,False,True
5994_01,False,0.2911392405063291,False,True,False,False
5995_01,True,0.4177215189873418,True,True,False,False
5998_01,False,0.37974683544303794,True,True,False,False
5999_01,False,0.4050632911392405,True,True,False,False
6000_01,False,0.24050632911392406,False,False,False,True
6000_02,False,0.5189873417721519,False,False,False,True
6001_01,True,0.6329113924050633,False,True,False,False
6003_01,False,0.45569620253164556,False,True,False,False
6004_01,True,0.26582278481012656,True,False,False,True
6006_01,False,0.569620253164557,False,False,True,False
6006_02,True,0.3291139240506329,True,False,True,False
6007_01,True,0.5569620253164557,True,True,False,False
6008_01,False,0.3037974683544304,True,True,False,False
6010_01,True,0.18987341772151897,True,True,False,False
6011_01,False,0.7341772151898734,False,True,False,False
6014_01,False,0.16455696202531644,False,True,False,False
6015_01,True,0.24050632911392406,True,False,True,False
6015_02,False,0.31645569620253167,True,False,True,False
6016_01,False,0.3037974683544304,False,True,False,False
6016_02,False,0.25316455696202533,False,True,False,False
6017_01,True,0.43037974683544306,True,False,False,True
6017_02,True,0.16455696202531644,True,False,False,True
6019_01,False,0.3649105122463968,True,True,False,False
6020_01,True,0.49367088607594933,False,True,False,False
6020_02,True,0.0,False,True,False,False
6020_03,False,0.12658227848101267,False,True,False,False
6020_04,True,0.11392405063291139,False,True,False,False
6020_05,False,0.43037974683544306,False,True,False,False
6020_06,False,0.13924050632911392,False,True,False,False
6020_07,True,0.0,False,True,False,False
6022_01,False,0.3037974683544304,False,True,False,False
6024_01,True,0.20253164556962025,True,True,False,False
6025_01,False,0.5316455696202531,False,True,False,False
6026_01,False,0.5189873417721519,True,False,False,True
6027_01,False,0.45569620253164556,True,False,True,False
6028_01,False,0.34177215189873417,False,False,True,False
6028_02,False,0.4050632911392405,False,False,True,False
6028_03,False,0.13924050632911392,True,False,True,False
6028_04,False,0.3291139240506329,True,False,True,False
6028_05,False,0.35443037974683544,True,False,True,False
6029_01,False,0.31645569620253167,False,True,False,False
6030_01,False,0.06329113924050633,True,True,False,False
6030_02,True,0.3649105122463968,True,True,False,False
6030_03,False,0.16455696202531644,True,True,False,False
6030_04,False,0.37974683544303794,True,True,False,False
6030_05,True,0.18987341772151897,True,True,False,False
6030_06,True,0.0,True,True,False,False
6030_07,False,0.620253164556962,True,True,False,False
6031_01,False,0.6582278481012658,True,True,False,False
6032_01,True,0.18987341772151897,True,True,False,False
6032_02,False,0.5063291139240507,False,True,False,False
6032_03,True,0.0,True,True,False,False
6033_01,False,0.4050632911392405,False,False,False,True
6033_02,True,0.18987341772151897,True,False,False,True
6034_01,False,0.3291139240506329,True,False,False,True
6034_02,True,0.3924050632911392,False,False,False,True
6034_03,False,0.10126582278481013,True,False,False,True
6035_01,False,0.22784810126582278,True,True,False,False
6035_02,False,0.0379746835443038,False,True,False,False
6036_01,False,0.5569620253164557,True,False,True,False
6036_02,False,0.18987341772151897,True,True,False,False
6036_03,False,0.34177215189873417,True,False,True,False
6038_01,False,0.27848101265822783,False,False,False,True
6039_01,False,0.02531645569620253,True,True,False,False
6039_02,False,0.4050632911392405,False,True,False,False
6040_01,False,0.20253164556962025,True,True,False,False
6041_01,False,0.43037974683544306,False,False,False,True
6042_01,False,0.4050632911392405,False,False,False,True
6043_01,False,0.35443037974683544,False,True,False,False
6045_01,False,0.34177215189873417,False,False,True,False
6047_01,False,0.4430379746835443,True,True,False,False
6048_01,True,0.31645569620253167,False,False,False,True
6049_01,False,0.3037974683544304,True,True,False,False
6052_01,True,0.7721518987341772,False,True,False,False
6054_01,True,0.35443037974683544,True,False,False,True
6055_01,False,0.3670886075949367,False,False,True,False
6055_02,True,0.5189873417721519,True,False,True,False
6055_03,False,0.25316455696202533,False,False,True,False
6058_01,False,0.22784810126582278,False,False,False,True
6059_01,False,0.35443037974683544,True,True,False,False
6061_01,False,0.22784810126582278,True,True,False,False
6062_01,False,0.4177215189873418,False,False,False,True
6062_02,False,0.4430379746835443,False,False,False,True
6064_01,False,0.8607594936708861,False,False,True,False
6065_01,False,0.24050632911392406,True,True,False,False
6066_01,False,0.4177215189873418,False,False,True,False
6066_02,False,0.6962025316455696,False,False,True,False
6066_03,False,0.18987341772151897,True,False,True,False
6067_01,False,0.2911392405063291,False,True,False,False
6068_01,False,0.2911392405063291,True,True,False,False
6069_01,False,0.18987341772151897,False,False,False,True
6070_01,False,0.620253164556962,False,False,False,True
6071_01,False,0.4177215189873418,True,True,False,False
6073_01,True,0.3291139240506329,True,False,False,True
6075_01,True,0.3291139240506329,True,False,True,False
6076_01,False,0.22784810126582278,True,True,False,False
6077_01,True,0.21518987341772153,True,True,False,False
6080_01,False,0.49367088607594933,True,True,False,False
6082_01,False,0.10126582278481013,False,True,False,False
6085_01,False,0.5822784810126582,True,True,False,False
6086_01,False,0.4050632911392405,True,False,True,False
6087_01,False,0.24050632911392406,False,True,False,False
6090_01,True,0.45569620253164556,True,False,False,True
6091_01,True,0.35443037974683544,True,True,False,False
6091_02,False,0.49367088607594933,False,True,False,False
6092_01,False,0.20253164556962025,True,True,False,False
6092_02,True,0.08860759493670886,True,True,False,False
6092_03,False,0.012658227848101266,True,True,False,False
6094_01,True,0.37974683544303794,True,False,True,False
6094_02,True,0.5569620253164557,True,False,True,False
6094_03,True,0.35443037974683544,True,False,True,False
6095_01,False,0.3670886075949367,False,False,False,True
6096_01,False,0.5189873417721519,True,False,False,True
6096_02,False,0.16455696202531644,True,False,False,True
6096_03,False,0.22784810126582278,False,False,False,True
6098_01,False,0.34177215189873417,False,True,False,False
6099_01,True,0.3291139240506329,True,True,False,False
6101_01,False,0.3037974683544304,False,True,False,False
6102_01,False,0.3291139240506329,False,True,False,False
6103_01,True,0.34177215189873417,True,True,False,False
6105_01,False,0.7341772151898734,False,False,True,False
6106_01,True,0.6835443037974683,True,False,True,False
6107_01,False,0.22784810126582278,True,True,False,False
6108_01,False,0.16455696202531644,False,True,False,False
6109_01,False,0.16455696202531644,False,False,True,False
6109_02,True,0.35443037974683544,True,False,True,False
6110_01,False,0.7215189873417721,True,True,False,False
6111_01,True,0.4050632911392405,True,False,True,False
6111_02,False,0.4050632911392405,False,False,True,False
6111_03,True,0.26582278481012656,True,False,True,False
6111_04,True,0.43037974683544306,True,False,True,False
6111_05,False,0.4177215189873418,True,False,True,False
6112_01,True,0.45569620253164556,True,False,False,True
6115_01,False,0.6329113924050633,False,False,False,True
6116_01,False,0.35443037974683544,False,False,False,True
6117_01,False,0.7088607594936709,False,False,True,False
6118_01,False,0.5316455696202531,False,False,False,True
6118_02,True,0.49367088607594933,False,False,False,True
6120_01,False,0.16455696202531644,True,True,False,False
6121_01,False,0.35443037974683544,True,False,True,False
6121_02,False,0.6962025316455696,False,False,True,False
6122_01,False,0.45569620253164556,True,True,False,False
6123_01,True,0.3649105122463968,True,False,False,True
6124_01,False,0.46835443037974683,True,True,False,False
6126_01,True,0.6329113924050633,True,False,True,False
6127_01,False,0.34177215189873417,False,False,True,False
6128_01,True,0.2911392405063291,False,True,False,False
6128_02,False,0.20253164556962025,False,True,False,False
6130_01,False,0.4177215189873418,True,False,True,False
6132_01,True,0.5822784810126582,True,False,False,True
6133_01,True,0.3291139240506329,True,True,False,False
6135_01,False,0.3037974683544304,False,True,False,False
6136_01,False,0.3291139240506329,False,True,False,False
6137_01,False,0.02531645569620253,True,True,False,False
6137_02,False,0.4177215189873418,False,True,False,False
6137_03,True,0.4050632911392405,True,True,False,False
6137_04,True,0.0379746835443038,True,True,False,False
6137_05,True,0.02531645569620253,True,True,False,False
6137_06,False,0.0759493670886076,True,True,False,False
6138_01,False,0.3649105122463968,True,False,False,True
6139_01,False,0.0,True,False,True,False
6139_02,True,0.05063291139240506,True,False,True,False
6139_03,False,0.7341772151898734,True,False,True,False
6139_04,True,0.27848101265822783,True,False,True,False
6139_05,True,0.6455696202531646,True,False,True,False
6139_06,True,0.46835443037974683,True,False,True,False
6141_01,False,0.21518987341772153,False,True,False,False
6141_02,False,0.26582278481012656,False,True,False,False
6143_01,False,0.3649105122463968,True,True,False,False
6145_01,False,0.3649105122463968,False,False,True,False
6146_01,False,0.3924050632911392,False,False,True,False
6148_01,True,0.5443037974683544,True,False,False,True
6148_02,True,0.3649105122463968,True,False,False,True
6149_01,False,0.18987341772151897,True,True,False,False
6150_01,False,0.22784810126582278,True,True,False,False
6152_01,True,0.4177215189873418,True,False,True,False
6152_02,False,0.3924050632911392,False,False,True,False
6153_01,True,0.5189873417721519,True,False,True,False
6155_01,False,0.27848101265822783,False,True,False,False
6156_01,False,0.5063291139240507,False,True,False,False
6157_01,False,0.620253164556962,False,False,False,True
6158_01,True,0.17721518987341772,True,True,False,False
6162_01,False,0.27848101265822783,False,True,False,False
6163_01,False,0.27848101265822783,False,True,False,False
6166_01,False,0.31645569620253167,False,True,False,False
6167_01,True,0.5316455696202531,True,True,False,False
6168_01,True,0.20253164556962025,True,True,False,False
6168_02,False,0.1518987341772152,True,True,False,False
6169_01,False,0.22784810126582278,True,True,False,False
6170_01,False,0.4177215189873418,False,True,False,False
6171_01,False,0.17721518987341772,False,True,False,False
6172_01,True,0.45569620253164556,True,True,False,False
6173_01,True,0.2911392405063291,True,False,True,False
6174_01,False,0.3037974683544304,False,True,False,False
6174_02,True,0.05063291139240506,True,True,False,False
6174_03,True,0.3649105122463968,False,True,False,False
6175_01,False,0.22784810126582278,False,True,False,False
6175_02,True,0.26582278481012656,True,True,False,False
6175_03,False,0.34177215189873417,False,True,False,False
6176_01,True,0.43037974683544306,True,False,False,True
6178_01,True,0.35443037974683544,False,True,False,False
6179_01,True,0.4430379746835443,True,False,True,False
6180_01,True,0.20253164556962025,True,True,False,False
6181_01,False,0.45569620253164556,False,False,True,False
6182_01,True,0.37974683544303794,False,True,False,False
6184_01,True,0.05063291139240506,True,True,False,False
6186_01,False,0.24050632911392406,True,False,False,True
6189_01,False,0.0379746835443038,True,True,False,False
6191_01,True,0.6455696202531646,True,False,True,False
6191_02,True,0.3649105122463968,True,False,True,False
6191_03,True,0.569620253164557,True,False,True,False
6191_04,True,0.22784810126582278,True,False,True,False
6192_01,False,0.2911392405063291,True,True,False,False
6194_01,False,0.18987341772151897,False,True,False,False
6199_01,True,0.43037974683544306,True,False,False,True
6199_02,False,0.5949367088607594,True,False,False,True
6200_01,False,0.34177215189873417,True,False,True,False
6200_02,False,0.3291139240506329,False,False,True,False
6200_03,False,0.31645569620253167,False,False,True,False
6201_01,False,0.43037974683544306,False,False,True,False
6205_01,False,0.34177215189873417,False,False,False,True
6206_01,False,0.49367088607594933,False,True,False,False
6207_01,False,0.3924050632911392,False,False,False,True
6207_02,False,0.05063291139240506,True,False,False,True
6207_03,False,0.24050632911392406,False,False,False,True
6208_01,True,0.7468354430379747,True,False,False,True
6211_01,False,0.24050632911392406,True,False,False,True
6213_01,False,0.31645569620253167,True,True,False,False
6215_01,False,0.35443037974683544,True,False,True,False
6215_02,False,0.46835443037974683,False,False,True,False
6216_01,False,0.5443037974683544,True,False,False,True
6218_01,False,0.22784810126582278,False,True,False,False
6218_02,False,0.45569620253164556,False,True,False,False
6219_01,False,0.17721518987341772,False,True,False,False
6220_01,False,0.5316455696202531,False,True,False,False
6222_01,False,0.3670886075949367,False,True,False,False
6223_01,False,0.2911392405063291,False,False,False,True
6224_01,False,0.20253164556962025,False,True,False,False
6224_02,False,0.10126582278481013,True,True,False,False
6225_01,False,0.25316455696202533,False,True,False,False
6227_01,False,0.6329113924050633,False,True,False,False
6228_01,False,0.4810126582278481,True,True,False,False
6229_01,True,0.49367088607594933,True,False,False,True
6230_01,False,0.4177215189873418,False,False,False,True
6232_01,True,0.37974683544303794,True,False,True,False
6234_01,False,0.5063291139240507,True,False,False,True
6236_01,False,0.27848101265822783,False,True,False,False
6237_01,True,0.6582278481012658,True,False,False,True
6238_01,True,0.3291139240506329,True,False,False,True
6239_01,False,0.24050632911392406,False,True,False,False
6241_01,False,0.4177215189873418,False,True,False,False
6243_01,True,0.4177215189873418,True,True,False,False
6245_01,False,0.25316455696202533,True,True,False,False
6246_01,False,0.35443037974683544,False,False,False,True
6248_01,True,0.12658227848101267,True,True,False,False
6249_01,False,0.2911392405063291,True,True,False,False
6250_01,False,0.35443037974683544,True,True,False,False
6251_01,False,0.2911392405063291,True,True,False,False
6252_01,False,0.6835443037974683,False,False,False,True
6253_01,False,0.7215189873417721,False,False,False,True
6253_02,False,0.3037974683544304,False,False,False,True
6254_01,True,0.46835443037974683,True,False,True,False
6254_02,True,0.7468354430379747,True,False,True,False
6256_01,True,0.6708860759493671,True,True,False,False
6262_01,True,0.27848101265822783,True,False,False,True
6262_02,False,0.22784810126582278,False,True,False,False
6263_01,True,0.21518987341772153,True,False,True,False
6263_02,False,0.31645569620253167,False,True,False,False
6264_01,False,0.22784810126582278,False,True,False,False
6265_01,False,0.25316455696202533,False,True,False,False
6266_01,False,0.3037974683544304,True,True,False,False
6268_01,True,0.4177215189873418,True,False,False,True
6270_01,False,0.43037974683544306,False,True,False,False
6270_02,False,0.3037974683544304,False,True,False,False
6271_01,False,0.46835443037974683,True,False,True,False
6273_01,False,0.2911392405063291,False,False,False,True
6273_02,False,0.4050632911392405,False,False,False,True
6274_01,True,0.16455696202531644,True,False,False,True
6276_01,True,0.2911392405063291,True,True,False,False
6277_01,True,0.2911392405063291,True,True,False,False
6279_01,False,0.34177215189873417,False,False,True,False
6280_01,True,0.5949367088607594,True,True,False,False
6281_01,False,0.4810126582278481,True,True,False,False
6282_01,False,0.35443037974683544,False,False,False,True
6283_01,False,0.26582278481012656,False,True,False,False
6283_02,False,0.3649105122463968,False,True,False,False
6285_01,False,0.810126582278481,True,False,True,False
6285_02,False,0.5443037974683544,True,False,True,False
6289_01,False,0.26582278481012656,True,True,False,False
6290_01,False,0.45569620253164556,True,True,False,False
6292_01,False,0.27848101265822783,True,True,False,False
6293_01,False,0.3037974683544304,False,True,False,False
6296_01,True,0.26582278481012656,True,False,True,False
6297_01,False,0.7215189873417721,True,True,False,False
6299_01,False,0.5822784810126582,True,False,True,False
6300_01,True,0.5316455696202531,True,False,False,True
6301_01,False,0.20253164556962025,False,True,False,False
6302_01,False,0.5063291139240507,False,True,False,False
6302_02,False,0.0379746835443038,False,True,False,False
6302_03,False,0.10126582278481013,True,True,False,False
6302_04,True,0.0379746835443038,True,True,False,False
6302_05,False,0.4430379746835443,False,True,False,False
6302_06,False,0.1518987341772152,True,True,False,False
6302_07,True,0.3649105122463968,True,True,False,False
6304_01,False,0.5949367088607594,True,False,True,False
6305_01,True,0.24050632911392406,True,False,True,False
6305_02,False,0.5822784810126582,False,False,True,False
6308_01,False,0.35443037974683544,False,True,False,False
6309_01,False,0.06329113924050633,True,True,False,False
6309_02,False,0.08860759493670886,True,True,False,False
6309_03,True,0.0379746835443038,True,True,False,False
6309_04,False,0.012658227848101266,True,True,False,False
6309_05,False,0.08860759493670886,True,True,False,False
6313_01,False,0.7594936708860759,False,False,True,False
6313_02,False,0.43037974683544306,False,True,False,False
6315_01,False,0.35443037974683544,False,False,True,False
6316_01,False,0.810126582278481,False,True,False,False
6317_01,False,0.16455696202531644,False,True,False,False
6318_01,True,0.18987341772151897,True,True,False,False
6319_01,False,0.8227848101265822,False,True,False,False
6320_01,False,0.6708860759493671,True,False,False,True
6321_01,True,0.7341772151898734,True,False,True,False
6321_02,False,0.24050632911392406,False,False,True,False
6321_03,True,0.3649105122463968,True,False,True,False
6322_01,False,0.20253164556962025,True,True,False,False
6323_01,False,0.6075949367088608,False,False,True,False
6323_02,False,0.4177215189873418,True,False,True,False
6324_01,False,0.3924050632911392,False,True,False,False
6324_02,False,0.5569620253164557,True,True,False,False
6324_03,False,0.5063291139240507,True,True,False,False
6325_01,True,0.43037974683544306,True,True,False,False
6325_02,False,0.26582278481012656,False,True,False,False
6326_01,False,0.25316455696202533,False,True,False,False
6327_01,True,0.11392405063291139,True,False,False,True
6328_01,True,0.4177215189873418,False,True,False,False
6328_02,True,0.02531645569620253,False,True,False,False
6328_03,False,0.6708860759493671,False,True,False,False
6328_04,False,0.0,True,True,False,False
6330_01,True,0.4810126582278481,True,True,False,False
6331_01,True,0.26582278481012656,True,False,True,False
6334_01,True,0.3924050632911392,True,True,False,False
6334_02,True,0.08860759493670886,True,True,False,False
6334_03,False,0.1518987341772152,True,True,False,False
6334_04,True,0.0,True,True,False,False
6334_05,False,0.21518987341772153,True,True,False,False
6334_06,False,0.6962025316455696,False,True,False,False
6334_07,False,0.02531645569620253,True,True,False,False
6335_01,False,0.4050632911392405,False,True,False,False
6338_01,False,0.20253164556962025,False,True,False,False
6339_01,False,0.0,False,True,False,False
6340_01,False,0.3670886075949367,True,False,True,False
6340_02,False,0.31645569620253167,False,False,True,False
6341_01,False,0.49367088607594933,False,False,False,True
6343_01,True,0.5316455696202531,True,False,False,True
6344_01,False,0.0,True,True,False,False
6344_02,True,0.17721518987341772,True,True,False,False
6346_01,False,0.3670886075949367,False,False,False,True
6346_02,False,0.6835443037974683,False,False,False,True
6347_01,True,0.4430379746835443,True,True,False,False
6348_01,False,0.3649105122463968,False,False,True,False
6349_01,False,0.22784810126582278,True,False,False,True
6351_01,False,0.17721518987341772,True,True,False,False
6353_01,True,0.6708860759493671,True,False,True,False
6354_01,False,0.6075949367088608,True,True,False,False
6355_01,False,0.26582278481012656,True,True,False,False
6356_01,False,0.5569620253164557,True,True,False,False
6357_01,False,0.31645569620253167,False,True,False,False
6360_01,False,0.0,True,False,True,False
6360_02,True,0.34177215189873417,True,False,True,False
6360_03,True,0.5063291139240507,True,False,True,False
6361_01,False,0.5569620253164557,True,True,False,False
6363_01,True,0.45569620253164556,False,True,False,False
6363_02,True,0.0379746835443038,True,True,False,False
6363_03,True,0.11392405063291139,False,True,False,False
6363_04,True,0.012658227848101266,False,True,False,False
6363_05,False,0.21518987341772153,True,True,False,False
6363_06,True,0.5949367088607594,False,True,False,False
6363_07,True,0.3649105122463968,False,True,False,False
6365_01,False,0.4177215189873418,False,False,True,False
6366_01,False,0.20253164556962025,True,True,False,False
6367_01,False,0.37974683544303794,False,False,False,True
6367_02,False,0.22784810126582278,True,False,False,True
6368_01,False,0.3291139240506329,False,True,False,False
6369_01,False,0.24050632911392406,True,True,False,False
6370_01,True,0.35443037974683544,True,False,False,True
6371_01,False,0.4430379746835443,False,True,False,False
6372_01,False,0.5063291139240507,True,False,True,False
6372_02,False,0.3291139240506329,False,False,True,False
6372_03,False,0.569620253164557,True,False,True,False
6372_04,True,0.22784810126582278,True,False,True,False
6373_01,False,0.6835443037974683,True,True,False,False
6374_01,False,0.16455696202531644,False,True,False,False
6376_01,True,0.3291139240506329,True,False,False,True
6378_01,True,0.20253164556962025,True,True,False,False
6380_01,False,0.46835443037974683,False,True,False,False
6380_02,True,0.21518987341772153,True,True,False,False
6380_03,False,0.20253164556962025,False,True,False,False
6381_01,False,0.22784810126582278,False,True,False,False
6385_01,False,0.26582278481012656,False,False,False,True
6388_01,False,0.3037974683544304,True,True,False,False
6390_01,True,0.27848101265822783,True,True,False,False
6394_01,True,0.5189873417721519,True,True,False,False
6394_02,True,0.18987341772151897,True,True,False,False
6394_03,True,0.45569620253164556,True,True,False,False
6394_04,False,0.2911392405063291,False,True,False,False
6396_01,False,0.3924050632911392,False,True,False,False
6397_01,False,0.24050632911392406,False,True,False,False
6398_01,True,0.2911392405063291,True,True,False,False
6399_01,False,0.5949367088607594,False,True,False,False
6400_01,False,0.5063291139240507,True,False,True,False
6400_02,False,0.43037974683544306,False,False,True,False
6402_01,False,0.02531645569620253,False,True,False,False
6402_02,True,0.10126582278481013,False,True,False,False
6402_03,True,0.0,True,True,False,False
6402_04,False,0.22784810126582278,True,True,False,False
6402_05,False,0.13924050632911392,False,True,False,False
6404_01,False,0.22784810126582278,True,True,False,False
6405_01,False,0.24050632911392406,False,True,False,False
6405_02,False,0.02531645569620253,True,True,False,False
6405_03,True,0.31645569620253167,True,True,False,False
6405_04,False,0.0,True,True,False,False
6406_01,True,0.34177215189873417,True,False,True,False
6406_02,True,0.43037974683544306,True,False,True,False
6407_01,True,0.24050632911392406,True,True,False,False
6408_01,False,0.27848101265822783,False,True,False,False
6409_01,False,0.27848101265822783,False,True,False,False
6411_01,False,0.6582278481012658,False,True,False,False
6412_01,False,0.37974683544303794,False,True,False,False
6413_01,False,0.8227848101265822,False,False,True,False
6414_01,False,0.3924050632911392,True,True,False,False
6415_01,True,0.6455696202531646,True,False,False,True
6416_01,False,0.26582278481012656,True,True,False,False
6418_01,False,0.34177215189873417,False,True,False,False
6419_01,False,0.3924050632911392,True,True,False,False
6421_01,True,0.35443037974683544,True,False,True,False
6421_02,False,0.3670886075949367,False,False,True,False
6422_01,False,0.2911392405063291,False,False,False,True
6422_02,True,0.13924050632911392,True,False,False,True
6422_03,False,0.2911392405063291,False,False,False,True
6422_04,False,0.43037974683544306,False,False,False,True
6424_01,False,0.25316455696202533,False,True,False,False
6428_01,True,0.25316455696202533,True,False,True,False
6428_02,True,0.20253164556962025,True,False,True,False
6430_01,True,0.22784810126582278,False,True,False,False
6431_01,False,0.25316455696202533,False,True,False,False
6431_02,True,0.25316455696202533,True,True,False,False
6431_03,False,0.34177215189873417,False,True,False,False
6432_01,False,0.6962025316455696,False,False,True,False
6433_01,False,0.6708860759493671,True,False,False,True
6433_02,True,0.46835443037974683,True,False,False,True
6434_01,True,0.6962025316455696,True,True,False,False
6436_01,False,0.3037974683544304,True,True,False,False
6437_01,False,0.3037974683544304,True,True,False,False
6439_01,True,0.620253164556962,True,True,False,False
6442_01,False,0.21518987341772153,False,True,False,False
6443_01,False,0.49367088607594933,True,True,False,False
6443_02,True,0.06329113924050633,True,True,False,False
6443_03,False,0.12658227848101267,True,True,False,False
6443_04,True,0.012658227848101266,True,True,False,False
6443_05,False,0.20253164556962025,False,True,False,False
6443_06,False,0.6455696202531646,False,True,False,False
6443_07,True,0.06329113924050633,True,True,False,False
6444_01,False,0.24050632911392406,False,True,False,False
6444_02,True,0.0,True,True,False,False
6446_01,False,0.25316455696202533,False,True,False,False
6446_02,True,0.0,True,True,False,False
6446_03,True,0.012658227848101266,True,True,False,False
6447_01,True,0.4810126582278481,True,True,False,False
6448_01,False,0.5063291139240507,False,True,False,False
6449_01,False,0.22784810126582278,False,False,False,True
6449_02,False,0.45569620253164556,False,False,False,True
6450_01,False,0.2911392405063291,False,False,True,False
6450_02,True,0.5316455696202531,True,False,True,False
6451_01,False,0.46835443037974683,False,False,False,True
6452_01,False,0.3037974683544304,True,True,False,False
6452_02,False,0.1518987341772152,True,True,False,False
6452_03,True,0.02531645569620253,True,True,False,False
6453_01,False,0.35443037974683544,False,True,False,False
6454_01,True,0.5569620253164557,True,True,False,False
6455_01,False,0.3291139240506329,False,False,True,False
6456_01,False,0.45569620253164556,False,True,False,False
6457_01,False,0.35443037974683544,True,True,False,False
6458_01,False,0.17721518987341772,False,False,False,True
6459_01,True,0.17721518987341772,False,True,False,False
6461_01,False,0.35443037974683544,True,True,False,False
6462_01,True,0.34177215189873417,True,False,False,True
6462_02,False,0.26582278481012656,True,False,False,True
6463_01,False,0.3037974683544304,False,True,False,False
6464_01,False,0.22784810126582278,False,True,False,False
6468_01,True,0.3037974683544304,True,False,False,True
6468_02,True,0.10126582278481013,True,False,False,True
6468_03,True,0.45569620253164556,False,False,False,True
6468_04,False,0.4050632911392405,False,False,False,True
6470_01,False,0.24050632911392406,False,True,False,False
6471_01,False,0.1518987341772152,True,True,False,False
6472_01,True,0.26582278481012656,True,False,True,False
6472_02,True,0.16455696202531644,True,False,True,False
6473_01,True,0.25316455696202533,True,False,False,True
6475_01,True,0.4430379746835443,True,False,False,True
6477_01,False,0.2911392405063291,False,False,True,False
6477_02,False,0.21518987341772153,False,False,True,False
6478_01,False,0.3670886075949367,False,False,False,True
6480_01,False,0.34177215189873417,False,True,False,False
6481_01,False,0.27848101265822783,True,True,False,False
6482_01,False,0.3291139240506329,False,False,False,True
6482_02,True,0.012658227848101266,True,False,False,True
6482_03,True,0.08860759493670886,True,False,False,True
6485_01,False,0.9873417721518987,True,True,False,False
6485_02,False,0.3037974683544304,True,True,False,False
6487_01,False,0.3291139240506329,False,True,False,False
6488_01,False,0.6329113924050633,False,False,True,False
6489_01,True,0.20253164556962025,False,True,False,False
6490_01,True,0.7215189873417721,True,False,True,False
6490_02,False,0.3670886075949367,False,False,True,False
6490_03,False,0.34177215189873417,True,False,True,False
6490_04,False,0.5316455696202531,True,True,False,False
6492_01,True,0.35443037974683544,True,True,False,False
6493_01,True,0.22784810126582278,True,True,False,False
6494_01,False,0.4810126582278481,False,False,False,True
6500_01,False,0.4050632911392405,False,True,False,False
6501_01,False,0.26582278481012656,True,True,False,False
6502_01,False,0.0759493670886076,True,True,False,False
6503_01,False,0.34177215189873417,False,True,False,False
6508_01,False,0.4050632911392405,False,True,False,False
6509_01,False,0.2911392405063291,True,True,False,False
6510_01,False,0.3670886075949367,False,False,True,False
6511_01,False,0.27848101265822783,False,True,False,False
6511_02,True,0.3924050632911392,False,True,False,False
6511_03,True,0.0,True,True,False,False
6512_01,False,0.02531645569620253,True,False,True,False
6512_02,True,0.3649105122463968,True,True,False,False
6512_03,False,0.35443037974683544,False,False,True,False
6513_01,False,0.25316455696202533,False,False,False,True
6514_01,False,0.35443037974683544,False,False,True,False
6514_02,False,0.5316455696202531,False,False,True,False
6517_01,False,0.4050632911392405,False,True,False,False
6520_01,False,0.24050632911392406,False,True,False,False
6522_01,False,0.25316455696202533,True,True,False,False
6523_01,True,0.25316455696202533,True,True,False,False
6525_01,False,0.26582278481012656,False,True,False,False
6525_02,True,0.4050632911392405,True,True,False,False
6525_03,True,0.20253164556962025,True,True,False,False
6526_01,True,0.26582278481012656,True,True,False,False
6526_02,False,0.1518987341772152,False,True,False,False
6529_01,True,0.26582278481012656,True,True,False,False
6530_01,False,0.3924050632911392,False,False,False,True
6531_01,True,0.22784810126582278,True,True,False,False
6535_01,False,0.4430379746835443,False,False,False,True
6539_01,False,0.5569620253164557,False,False,True,False
6540_01,False,0.16455696202531644,True,True,False,False
6541_01,False,0.26582278481012656,False,True,False,False
6544_01,False,0.46835443037974683,True,False,True,False
6545_01,False,0.3649105122463968,True,True,False,False
6546_01,False,0.43037974683544306,False,True,False,False
6547_01,False,0.26582278481012656,False,False,False,True
6548_01,False,0.4810126582278481,True,True,False,False
6549_01,False,0.3924050632911392,False,False,False,True
6549_02,False,0.7721518987341772,False,False,False,True
6552_01,False,0.25316455696202533,False,True,False,False
6553_01,False,0.49367088607594933,False,True,False,False
6556_01,True,0.3670886075949367,True,False,False,True
6556_02,True,0.8607594936708861,True,False,False,True
6557_01,False,0.4810126582278481,False,False,True,False
6558_01,False,0.3924050632911392,True,True,False,False
6560_01,False,0.5189873417721519,True,True,False,False
6561_01,False,0.3670886075949367,False,False,True,False
6561_02,False,0.31645569620253167,True,True,False,False
6562_01,False,0.34177215189873417,False,True,False,False
6563_01,False,0.26582278481012656,True,True,False,False
6563_02,False,0.37974683544303794,False,True,False,False
6565_01,False,0.5063291139240507,False,False,False,True
6565_02,False,0.7468354430379747,False,False,False,True
6567_01,True,0.4430379746835443,False,True,False,False
6567_02,False,0.5189873417721519,False,True,False,False
6568_01,False,0.45569620253164556,False,True,False,False
6569_01,True,0.7341772151898734,True,True,False,False
6570_01,False,0.34177215189873417,False,True,False,False
6572_01,False,0.3037974683544304,False,True,False,False
6573_01,False,0.6329113924050633,True,True,False,False
6574_01,False,0.27848101265822783,False,False,True,False
6578_01,True,0.3291139240506329,False,False,False,True
6578_02,True,0.20253164556962025,True,False,False,True
6580_01,False,0.7088607594936709,False,True,False,False
6582_01,False,0.31645569620253167,False,False,True,False
6583_01,False,0.16455696202531644,True,False,True,False
6583_02,False,0.6708860759493671,True,False,True,False
6585_01,True,0.26582278481012656,True,True,False,False
6585_02,False,0.22784810126582278,True,True,False,False
6588_01,False,0.4810126582278481,True,True,False,False
6588_02,True,0.25316455696202533,True,True,False,False
6590_01,True,0.3037974683544304,False,False,True,False
6590_02,False,0.7088607594936709,True,False,True,False
6591_01,False,0.5949367088607594,False,True,False,False
6592_01,True,0.26582278481012656,True,False,False,True
6593_01,False,0.3649105122463968,True,True,False,False
6593_02,False,0.3291139240506329,False,True,False,False
6594_01,True,0.43037974683544306,True,True,False,False
6595_01,False,0.4430379746835443,True,True,False,False
6598_01,True,0.4430379746835443,True,False,False,True
6599_01,True,0.620253164556962,True,False,True,False
6601_01,False,0.3037974683544304,False,True,False,False
6602_01,False,0.7848101265822784,True,True,False,False
6603_01,False,0.31645569620253167,True,False,False,True
6604_01,True,0.5316455696202531,True,False,True,False
6606_01,False,0.31645569620253167,False,True,False,False
6608_01,False,0.26582278481012656,False,True,False,False
6609_01,True,0.21518987341772153,False,False,False,True
6611_01,False,0.5189873417721519,True,True,False,False
6611_02,True,0.6329113924050633,False,True,False,False
6611_03,False,0.25316455696202533,True,True,False,False
6613_01,True,0.18987341772151897,True,True,False,False
6614_01,True,0.3670886075949367,True,False,False,True
6616_01,False,0.25316455696202533,True,True,False,False
6618_01,False,0.4430379746835443,True,False,True,False
6620_01,False,0.27848101265822783,True,True,False,False
6621_01,False,0.5443037974683544,True,True,False,False
6622_01,False,0.6835443037974683,False,True,False,False
6622_02,True,0.18987341772151897,True,True,False,False
6623_01,True,0.4810126582278481,True,True,False,False
6624_01,False,0.5569620253164557,False,True,False,False
6625_01,True,0.43037974683544306,True,True,False,False
6625_02,False,0.18987341772151897,False,True,False,False
6626_01,True,0.3037974683544304,False,True,False,False
6628_01,False,0.3670886075949367,False,True,False,False
6630_01,False,0.24050632911392406,True,True,False,False
6631_01,False,0.34177215189873417,False,False,True,False
6633_01,False,0.3291139240506329,True,False,True,False
6634_01,True,0.5822784810126582,True,False,True,False
6634_02,True,0.810126582278481,True,True,False,False
6635_01,False,0.21518987341772153,False,False,True,False
6635_02,False,0.569620253164557,False,False,True,False
6637_01,False,0.34177215189873417,False,False,False,True
6638_01,True,0.3670886075949367,False,True,False,False
6639_01,True,0.22784810126582278,True,True,False,False
6641_01,True,0.3291139240506329,True,False,True,False
6641_02,True,0.49367088607594933,True,False,True,False
6642_01,True,0.7468354430379747,True,True,False,False
6643_01,False,0.25316455696202533,False,True,False,False
6645_01,True,0.21518987341772153,True,True,False,False
6646_01,True,0.5949367088607594,True,True,False,False
6647_01,False,0.3670886075949367,True,True,False,False
6649_01,False,0.20253164556962025,False,True,False,False
6650_01,False,0.6075949367088608,False,True,False,False
6652_01,False,0.49367088607594933,False,True,False,False
6654_01,True,0.35443037974683544,True,True,False,False
6654_02,True,0.1518987341772152,True,True,False,False
6654_03,True,0.3037974683544304,True,True,False,False
6655_01,True,0.37974683544303794,True,False,False,True
6656_01,True,0.43037974683544306,True,False,True,False
6659_01,False,0.46835443037974683,True,False,False,True
6660_01,False,0.5949367088607594,False,True,False,False
6662_01,False,0.0,False,True,False,False
6662_02,False,0.2911392405063291,True,True,False,False
6662_03,True,0.0,True,True,False,False
6663_01,False,0.25316455696202533,False,True,False,False
6663_02,False,0.4430379746835443,False,True,False,False
6664_01,False,0.22784810126582278,True,True,False,False
6665_01,True,0.21518987341772153,True,False,True,False
6665_02,False,0.22784810126582278,False,False,True,False
6665_03,False,0.6708860759493671,True,False,True,False
6665_04,False,0.4430379746835443,False,False,True,False
6667_01,True,0.6075949367088608,True,False,True,False
6668_01,False,0.8607594936708861,True,True,False,False
6668_02,False,0.34177215189873417,False,True,False,False
6669_01,False,0.35443037974683544,True,True,False,False
6670_01,False,0.46835443037974683,False,True,False,False
6671_01,True,0.4430379746835443,True,False,False,True
6671_02,False,0.3924050632911392,True,False,False,True
6671_03,False,0.17721518987341772,False,False,False,True
6672_01,False,0.012658227848101266,True,False,False,True
6672_02,False,0.05063291139240506,True,False,False,True
6672_03,False,0.37974683544303794,False,False,False,True
6672_04,True,0.13924050632911392,True,False,False,True
6673_01,False,0.569620253164557,False,True,False,False
6674_01,False,0.3670886075949367,False,False,True,False
6674_02,True,0.4050632911392405,True,False,True,False
6674_03,False,0.18987341772151897,True,False,True,False
6674_04,True,0.31645569620253167,True,False,True,False
6674_05,False,0.31645569620253167,False,False,True,False
6675_01,False,0.7594936708860759,False,True,False,False
6675_02,False,0.3037974683544304,False,True,False,False
6676_01,True,0.4430379746835443,True,False,True,False
6680_01,False,0.45569620253164556,True,True,False,False
6681_01,False,0.27848101265822783,True,True,False,False
6683_01,True,0.4050632911392405,True,True,False,False
6684_01,False,0.7215189873417721,False,False,True,False
6684_02,False,0.37974683544303794,True,False,True,False
6684_03,False,0.5822784810126582,False,False,True,False
6691_01,False,0.35443037974683544,True,True,False,False
6692_01,True,0.3291139240506329,True,False,True,False
6693_01,False,0.6962025316455696,False,True,False,False
6694_01,True,0.8354430379746836,True,True,False,False
6697_01,False,0.25316455696202533,False,True,False,False
6698_01,False,0.3924050632911392,False,True,False,False
6699_01,False,0.16455696202531644,False,False,False,True
6702_01,True,0.6329113924050633,True,True,False,False
6706_01,True,0.26582278481012656,True,False,True,False
6706_02,True,0.31645569620253167,True,False,True,False
6707_01,True,0.5822784810126582,True,True,False,False
6708_01,False,0.0,True,False,True,False
6708_02,False,0.02531645569620253,True,False,True,False
6708_03,False,0.45569620253164556,False,False,True,False
6708_04,True,0.24050632911392406,True,False,True,False
6708_05,True,0.4430379746835443,True,False,True,False
6708_06,True,0.5189873417721519,True,False,True,False
6709_01,True,0.27848101265822783,True,True,False,False
6711_01,False,0.31645569620253167,False,False,False,True
6713_01,False,0.3037974683544304,False,True,False,False
6718_01,False,0.46835443037974683,False,True,False,False
6718_02,True,0.06329113924050633,False,True,False,False
6718_03,True,0.3649105122463968,True,True,False,False
6719_01,True,0.5189873417721519,True,False,False,True
6720_01,False,0.5569620253164557,True,False,True,False
6721_01,False,0.2911392405063291,True,True,False,False
6722_01,True,0.35443037974683544,True,False,True,False
6722_02,False,0.34177215189873417,False,False,True,False
6722_03,True,0.5063291139240507,True,False,True,False
6724_01,True,0.34177215189873417,True,False,True,False
6724_02,True,0.21518987341772153,True,False,True,False
6725_01,False,0.4050632911392405,False,False,True,False
6726_01,False,0.3670886075949367,True,True,False,False
6727_01,False,0.3670886075949367,True,True,False,False
6729_01,False,0.5189873417721519,False,False,True,False
6729_02,True,0.6075949367088608,True,False,True,False
6729_03,False,0.34177215189873417,False,False,True,False
6730_01,False,0.17721518987341772,True,True,False,False
6731_01,False,0.4050632911392405,False,True,False,False
6734_01,False,0.5949367088607594,True,False,True,False
6734_02,True,0.17721518987341772,True,False,True,False
6734_03,True,0.46835443037974683,True,False,True,False
6734_04,True,0.4177215189873418,True,False,True,False
6736_01,False,0.4177215189873418,True,False,False,True
6739_01,False,0.5569620253164557,True,True,False,False
6741_01,False,0.46835443037974683,True,True,False,False
6741_02,False,0.22784810126582278,False,True,False,False
6742_01,False,0.4177215189873418,True,True,False,False
6744_01,False,0.26582278481012656,False,False,False,True
6744_02,False,0.4810126582278481,False,False,False,True
6744_03,False,0.20253164556962025,False,False,False,True
6744_04,True,0.7341772151898734,False,False,False,True
6744_05,False,0.5189873417721519,False,False,False,True
6745_01,False,0.35443037974683544,False,True,False,False
6746_01,True,0.35443037974683544,True,True,False,False
6747_01,True,0.3924050632911392,True,False,True,False
6748_01,True,0.34177215189873417,True,False,False,True
6748_02,False,0.08860759493670886,True,False,False,True
6748_03,False,0.31645569620253167,False,False,False,True
6748_04,False,0.43037974683544306,False,False,False,True
6749_01,False,0.26582278481012656,True,True,False,False
6750_01,False,0.3670886075949367,False,True,False,False
6751_01,True,0.2911392405063291,True,False,False,True
6751_02,True,0.3924050632911392,False,False,False,True
6753_01,True,0.6329113924050633,True,False,True,False
6753_02,False,0.31645569620253167,False,False,True,False
6754_01,False,0.31645569620253167,True,False,True,False
6756_01,False,0.2911392405063291,False,True,False,False
6756_02,False,0.5822784810126582,True,True,False,False
6756_03,False,0.0,True,True,False,False
6757_01,False,0.6708860759493671,False,False,False,True
6758_01,False,0.31645569620253167,False,True,False,False
6760_01,False,0.37974683544303794,True,False,False,True
6761_01,True,0.22784810126582278,True,False,False,True
6761_02,False,0.25316455696202533,False,False,False,True
6762_01,False,0.6835443037974683,False,True,False,False
6763_01,False,0.25316455696202533,True,True,False,False
6764_01,False,0.4050632911392405,False,False,False,True
6764_02,False,0.3924050632911392,True,False,False,True
6765_01,True,0.6962025316455696,True,False,False,True
6766_01,False,0.20253164556962025,False,True,False,False
6766_02,True,0.0,True,True,False,False
6766_03,True,0.0379746835443038,True,True,False,False
6773_01,False,0.4177215189873418,False,True,False,False
6774_01,True,0.569620253164557,True,True,False,False
6774_02,True,0.0759493670886076,False,True,False,False
6774_03,False,0.4177215189873418,False,True,False,False
6775_01,True,0.17721518987341772,True,True,False,False
6776_01,False,0.3037974683544304,False,True,False,False
6778_01,False,0.5949367088607594,False,True,False,False
6779_01,False,0.46835443037974683,True,False,True,False
6779_02,True,0.17721518987341772,True,False,True,False
6779_03,True,0.5569620253164557,True,False,True,False
6779_04,False,0.13924050632911392,True,False,True,False
6780_01,True,0.18987341772151897,True,False,True,False
6780_02,False,0.49367088607594933,True,False,True,False
6782_01,False,0.18987341772151897,False,True,False,False
6784_01,False,0.7594936708860759,False,True,False,False
6784_02,False,0.620253164556962,True,True,False,False
6786_01,False,0.2911392405063291,False,True,False,False
6787_01,False,0.11392405063291139,True,True,False,False
6787_02,False,0.0,False,True,False,False
6787_03,False,0.21518987341772153,False,True,False,False
6787_04,True,0.5316455696202531,True,True,False,False
6787_05,True,0.20253164556962025,True,True,False,False
6787_06,False,0.0,True,True,False,False
6787_07,False,0.3291139240506329,False,True,False,False
6788_01,False,0.7088607594936709,False,True,False,False
6789_01,False,0.3291139240506329,True,False,False,True
6792_01,False,0.5189873417721519,True,False,False,True
6794_01,False,0.34177215189873417,True,False,False,True
6796_01,False,0.3924050632911392,False,True,False,False
6798_01,False,0.5063291139240507,True,True,False,False
6799_01,True,0.5063291139240507,True,False,True,False
6800_01,True,0.18987341772151897,True,True,False,False
6801_01,False,0.6329113924050633,True,False,True,False
6802_01,False,0.5316455696202531,False,False,True,False
6805_01,False,0.6329113924050633,False,False,True,False
6806_01,False,0.49367088607594933,True,True,False,False
6808_01,False,0.34177215189873417,False,True,False,False
6810_01,True,0.25316455696202533,True,False,False,True
6810_02,False,0.37974683544303794,True,False,False,True
6810_03,True,0.20253164556962025,True,False,False,True
6810_04,True,0.45569620253164556,True,True,False,False
6810_05,True,0.8607594936708861,True,False,False,True
6813_01,False,0.27848101265822783,False,True,False,False
6814_01,False,0.45569620253164556,True,False,False,True
6816_01,True,0.0379746835443038,False,True,False,False
6816_02,False,0.35443037974683544,False,True,False,False
6816_03,True,0.4050632911392405,True,True,False,False
6816_04,False,0.12658227848101267,True,True,False,False
6816_05,True,0.0,False,True,False,False
6816_06,True,0.11392405063291139,True,True,False,False
6817_01,False,0.46835443037974683,False,True,False,False
6818_01,False,0.3924050632911392,True,True,False,False
6820_01,False,0.3924050632911392,False,True,False,False
6821_01,False,0.5443037974683544,False,True,False,False
6822_01,False,0.18987341772151897,False,True,False,False
6824_01,False,0.7341772151898734,True,True,False,False
6825_01,True,0.37974683544303794,True,False,False,True
6825_02,False,0.3037974683544304,False,False,False,True
6826_01,False,0.620253164556962,False,True,False,False
6827_01,False,0.9240506329113924,False,False,True,False
6827_02,True,0.17721518987341772,True,False,True,False
6827_03,True,0.6329113924050633,True,False,True,False
6827_04,False,0.1518987341772152,True,False,True,False
6829_01,True,0.02531645569620253,True,True,False,False
6829_02,False,0.620253164556962,False,True,False,False
6829_03,True,0.4050632911392405,False,True,False,False
6831_01,True,0.3649105122463968,False,True,False,False
6832_01,True,0.4177215189873418,True,False,False,True
6833_01,False,0.2911392405063291,True,True,False,False
6834_01,True,0.2911392405063291,True,True,False,False
6837_01,True,0.5443037974683544,True,False,False,True
6839_01,False,0.45569620253164556,False,True,False,False
6840_01,True,0.3291139240506329,True,False,False,True
6841_01,True,0.3670886075949367,True,False,False,True
6843_01,True,0.26582278481012656,True,False,True,False
6843_02,True,0.37974683544303794,True,False,True,False
6844_01,False,0.2911392405063291,False,False,False,True
6848_01,True,0.16455696202531644,True,False,True,False
6850_01,False,0.27848101265822783,False,True,False,False
6850_02,True,0.31645569620253167,False,True,False,False
6850_03,False,0.6582278481012658,False,True,False,False
6851_01,False,0.27848101265822783,True,True,False,False
6853_01,False,0.3924050632911392,False,False,True,False
6854_01,False,0.2911392405063291,False,False,False,True
6857_01,False,0.4430379746835443,False,True,False,False
6858_01,True,0.3291139240506329,True,False,True,False
6858_02,True,0.17721518987341772,True,False,True,False
6858_03,False,0.49367088607594933,False,False,True,False
6858_04,False,0.10126582278481013,True,False,True,False
6859_01,True,0.3670886075949367,True,True,False,False
6861_01,True,0.18987341772151897,True,True,False,False
6862_01,True,0.6075949367088608,True,True,False,False
6862_02,False,0.11392405063291139,False,True,False,False
6863_01,False,0.31645569620253167,False,True,False,False
6864_01,True,0.16455696202531644,True,False,True,False
6864_02,True,0.31645569620253167,True,False,True,False
6865_01,False,0.34177215189873417,False,False,True,False
6865_02,True,0.4050632911392405,True,False,True,False
6866_01,False,0.25316455696202533,True,False,True,False
6866_02,False,0.5063291139240507,False,False,True,False
6868_01,False,0.22784810126582278,False,True,False,False
6869_01,False,0.26582278481012656,False,True,False,False
6871_01,False,0.4810126582278481,True,True,False,False
6873_01,False,0.7848101265822784,True,False,True,False
6879_01,True,0.2911392405063291,True,True,False,False
6880_01,False,0.6075949367088608,False,False,False,True
6880_02,True,0.34177215189873417,False,False,False,True
6882_01,True,0.4050632911392405,True,False,False,True
6882_02,False,0.6708860759493671,False,False,False,True
6883_01,False,0.3291139240506329,True,True,False,False
6885_01,True,0.5822784810126582,True,False,False,True
6887_01,False,0.4050632911392405,False,True,False,False
6889_01,False,0.5063291139240507,False,True,False,False
6891_01,False,0.34177215189873417,True,False,False,True
6892_01,False,0.35443037974683544,True,True,False,False
6893_01,True,0.3670886075949367,True,False,True,False
6894_01,True,0.46835443037974683,True,False,False,True
6894_02,False,0.0,True,False,False,True
6894_03,False,0.1518987341772152,True,False,False,True
6895_01,False,0.31645569620253167,False,False,True,False
6896_01,False,0.3649105122463968,False,False,False,True
6896_02,False,0.0379746835443038,True,False,False,True
6896_03,False,0.11392405063291139,True,False,False,True
6898_01,False,0.34177215189873417,True,False,True,False
6899_01,False,0.7468354430379747,True,False,True,False
6899_02,False,0.3037974683544304,False,False,True,False
6900_01,True,0.20253164556962025,True,True,False,False
6901_01,False,0.20253164556962025,False,False,False,True
6902_01,True,0.5822784810126582,True,False,True,False
6903_01,False,0.31645569620253167,False,True,False,False
6905_01,False,0.49367088607594933,False,True,False,False
6905_02,False,0.18987341772151897,False,True,False,False
6905_03,False,0.20253164556962025,True,True,False,False
6906_01,False,0.4430379746835443,True,False,False,True
6906_02,False,0.5443037974683544,False,False,False,True
6906_03,True,0.08860759493670886,True,False,False,True
6907_01,True,0.3670886075949367,True,True,False,False
6908_01,False,0.7594936708860759,False,False,True,False
6910_01,False,0.620253164556962,False,True,False,False
6911_01,False,0.6329113924050633,True,False,False,True
6912_01,False,0.5063291139240507,False,False,True,False
6913_01,True,0.620253164556962,True,False,False,True
6913_02,False,0.22784810126582278,False,False,False,True
6915_01,True,0.3670886075949367,True,False,False,True
6917_01,False,0.7088607594936709,False,False,False,True
6918_01,True,0.3670886075949367,True,True,False,False
6920_01,False,0.3670886075949367,False,True,False,False
6921_01,False,0.27848101265822783,True,False,True,False
6921_02,True,0.3037974683544304,True,False,True,False
6921_03,False,0.2911392405063291,True,False,True,False
6921_04,False,0.35443037974683544,True,False,True,False
6921_05,True,0.24050632911392406,True,False,True,False
6921_06,False,0.4050632911392405,False,False,True,False
6924_01,False,0.46835443037974683,True,True,False,False
6925_01,False,0.3291139240506329,False,True,False,False
6926_01,False,0.5443037974683544,True,True,False,False
6928_01,False,0.31645569620253167,False,True,False,False
6928_02,False,0.13924050632911392,False,True,False,False
6929_01,False,0.05063291139240506,True,True,False,False
6929_02,True,0.4050632911392405,True,True,False,False
6929_03,False,0.18987341772151897,True,True,False,False
6930_01,True,0.21518987341772153,True,True,False,False
6931_01,True,0.46835443037974683,True,False,True,False
6932_01,False,0.25316455696202533,True,True,False,False
6934_01,False,0.5949367088607594,True,False,False,True
6934_02,False,0.20253164556962025,False,False,False,True
6937_01,True,0.10126582278481013,True,True,False,False
6939_01,False,0.27848101265822783,False,True,False,False
6940_01,False,0.49367088607594933,True,False,False,True
6943_01,True,0.7215189873417721,True,False,True,False
6944_01,True,0.3670886075949367,True,False,True,False
6945_01,True,0.3649105122463968,True,False,True,False
6946_01,False,0.8860759493670886,False,True,False,False
6947_01,True,0.16455696202531644,True,False,True,False
6947_02,False,0.620253164556962,True,False,True,False
6949_01,False,0.31645569620253167,False,True,False,False
6950_01,True,0.24050632911392406,True,False,True,False
6950_02,True,0.18987341772151897,True,False,True,False
6951_01,False,0.46835443037974683,True,False,True,False
6951_02,True,0.3649105122463968,True,False,True,False
6954_01,False,0.35443037974683544,False,False,False,True
6954_02,False,0.27848101265822783,False,True,False,False
6957_01,False,0.3291139240506329,True,False,True,False
6960_01,False,0.31645569620253167,False,True,False,False
6962_01,False,0.24050632911392406,False,True,False,False
6963_01,False,0.25316455696202533,False,False,False,True
6964_01,False,0.4430379746835443,False,True,False,False
6966_01,False,0.46835443037974683,False,True,False,False
6967_01,False,0.46835443037974683,False,False,True,False
6968_01,False,0.16455696202531644,False,True,False,False
6968_02,False,0.25316455696202533,False,True,False,False
6970_01,False,0.8227848101265822,False,False,False,True
6970_02,False,0.3670886075949367,False,False,False,True
6971_01,False,0.0,True,False,True,False
6971_02,False,0.05063291139240506,True,False,True,False
6971_03,True,0.24050632911392406,True,False,True,False
6971_04,True,0.21518987341772153,True,False,True,False
6971_05,False,0.35443037974683544,True,False,True,False
6971_06,False,0.35443037974683544,False,False,True,False
6972_01,False,0.26582278481012656,False,True,False,False
6973_01,False,0.569620253164557,False,True,False,False
6976_01,False,0.26582278481012656,True,True,False,False
6977_01,True,0.25316455696202533,True,True,False,False
6977_02,False,0.4810126582278481,True,True,False,False
6978_01,False,0.3037974683544304,True,True,False,False
6979_01,False,0.27848101265822783,False,True,False,False
6980_01,False,0.5569620253164557,True,True,False,False
6981_01,False,0.5189873417721519,False,True,False,False
6982_01,True,0.26582278481012656,True,True,False,False
6984_01,False,0.3291139240506329,False,False,False,True
6984_02,True,0.6835443037974683,True,False,False,True
6984_03,False,0.24050632911392406,False,False,False,True
6985_01,False,0.4050632911392405,False,True,False,False
6987_01,True,0.3649105122463968,True,True,False,False
6988_01,False,0.3291139240506329,False,False,True,False
6988_02,False,0.35443037974683544,True,False,True,False
6990_01,False,0.26582278481012656,False,True,False,False
6991_01,False,0.4810126582278481,False,False,True,False
6991_02,True,0.5443037974683544,True,False,True,False
6992_01,False,0.1518987341772152,False,True,False,False
6992_02,True,0.31645569620253167,False,True,False,False
6992_03,True,0.34177215189873417,True,True,False,False
6994_01,True,0.27848101265822783,True,False,True,False
6994_02,False,0.25316455696202533,False,False,True,False
6995_01,False,0.3037974683544304,False,True,False,False
6996_01,False,0.43037974683544306,False,True,False,False
6997_01,False,0.5316455696202531,False,False,False,True
6997_02,False,0.3037974683544304,False,False,False,True
6998_01,False,0.35443037974683544,False,True,False,False
6999_01,False,0.3670886075949367,False,False,False,True
7001_01,True,0.3924050632911392,True,False,True,False
7002_01,False,0.3670886075949367,False,True,False,False
7004_01,False,0.17721518987341772,False,True,False,False
7005_01,False,0.20253164556962025,True,True,False,False
7006_01,True,0.20253164556962025,True,True,False,False
7007_01,False,0.34177215189873417,True,False,True,False
7007_02,False,0.3649105122463968,False,False,True,False
7008_01,False,0.2911392405063291,False,True,False,False
7010_01,False,0.20253164556962025,False,True,False,False
7010_02,False,0.37974683544303794,True,True,False,False
7011_01,False,0.3037974683544304,False,True,False,False
7013_01,True,0.45569620253164556,True,True,False,False
7014_01,False,0.31645569620253167,True,False,True,False
7015_01,True,0.3670886075949367,True,False,True,False
7016_01,True,0.26582278481012656,False,True,False,False
7017_01,True,0.3291139240506329,True,True,False,False
7018_01,False,0.37974683544303794,False,False,False,True
7019_01,False,0.3924050632911392,False,True,False,False
7019_02,False,0.25316455696202533,False,True,False,False
7020_01,True,0.3649105122463968,True,True,False,False
7021_01,True,0.4177215189873418,True,True,False,False
7022_01,False,0.4430379746835443,True,False,True,False
7022_02,False,0.5822784810126582,False,False,True,False
7025_01,True,0.7974683544303798,True,True,False,False
7026_01,False,0.46835443037974683,False,False,True,False
7027_01,False,0.2911392405063291,True,True,False,False
7028_01,False,0.06329113924050633,True,True,False,False
7028_02,True,0.20253164556962025,True,True,False,False
7029_01,False,0.25316455696202533,True,True,False,False
7029_02,True,0.620253164556962,False,True,False,False
7031_01,False,0.0379746835443038,True,True,False,False
7032_01,False,0.5189873417721519,False,True,False,False
7034_01,False,0.3649105122463968,False,False,False,True
7036_01,True,0.17721518987341772,True,True,False,False
7037_01,False,0.3291139240506329,False,False,False,True
7038_01,True,0.6455696202531646,False,True,False,False
7039_01,False,0.45569620253164556,False,True,False,False
7040_01,True,0.20253164556962025,True,True,False,False
7041_01,True,0.22784810126582278,True,False,False,True
7042_01,True,0.6075949367088608,False,True,False,False
7044_01,False,0.3037974683544304,False,False,False,True
7045_01,False,0.24050632911392406,False,False,False,True
7047_01,True,0.26582278481012656,True,True,False,False
7048_01,False,0.3037974683544304,False,True,False,False
7049_01,True,0.26582278481012656,True,True,False,False
7050_01,False,0.16455696202531644,True,True,False,False
7051_01,False,0.49367088607594933,False,False,False,True
7052_01,False,0.34177215189873417,True,False,True,False
7053_01,False,0.2911392405063291,False,True,False,False
7056_01,False,0.5443037974683544,False,False,True,False
7057_01,False,0.24050632911392406,False,False,False,True
7058_01,True,0.37974683544303794,True,False,False,True
7059_01,True,0.6582278481012658,True,True,False,False
7060_01,False,0.4430379746835443,False,True,False,False
7061_01,False,0.20253164556962025,True,True,False,False
7062_01,False,0.26582278481012656,False,True,False,False
7068_01,False,0.569620253164557,False,True,False,False
7069_01,False,0.27848101265822783,False,True,False,False
7069_02,True,0.3649105122463968,False,True,False,False
7069_03,False,0.0,True,True,False,False
7071_01,False,0.7974683544303798,False,True,False,False
7072_01,False,0.7088607594936709,False,True,False,False
7073_01,True,0.5063291139240507,True,True,False,False
7074_01,True,0.012658227848101266,True,True,False,False
7074_02,False,0.3037974683544304,False,True,False,False
7077_01,False,0.45569620253164556,False,True,False,False
7078_01,False,0.16455696202531644,False,True,False,False
7079_01,False,0.16455696202531644,False,True,False,False
7080_01,True,0.46835443037974683,True,True,False,False
7082_01,False,0.5569620253164557,False,True,False,False
7083_01,True,0.4050632911392405,True,False,True,False
7083_02,False,0.7215189873417721,True,False,True,False
7084_01,False,0.3291139240506329,False,True,False,False
7085_01,False,0.7848101265822784,False,False,False,True
7085_02,True,0.02531645569620253,True,False,False,True
7085_03,True,0.012658227848101266,True,False,False,True
7086_01,False,0.3037974683544304,False,True,False,False
7087_01,True,0.012658227848101266,True,True,False,False
7088_01,False,0.7974683544303798,False,True,False,False
7089_01,False,0.25316455696202533,True,False,True,False
7090_01,False,0.18987341772151897,False,True,False,False
7091_01,True,0.4050632911392405,True,True,False,False
7092_01,False,0.3037974683544304,True,True,False,False
7093_01,True,0.4050632911392405,False,True,False,False
7094_01,False,0.45569620253164556,True,False,True,False
7095_01,True,0.16455696202531644,True,True,False,False
7096_01,True,0.3670886075949367,True,False,True,False
7096_02,False,0.34177215189873417,False,False,True,False
7096_03,True,0.37974683544303794,True,False,True,False
7097_01,False,0.34177215189873417,True,False,True,False
7097_02,False,0.17721518987341772,False,False,True,False
7097_03,False,0.4050632911392405,False,False,True,False
7097_04,False,0.4177215189873418,False,False,True,False
7098_01,False,0.4430379746835443,True,True,False,False
7099_01,False,0.26582278481012656,False,True,False,False
7104_01,False,0.7215189873417721,False,True,False,False
7104_02,False,0.5316455696202531,True,False,True,False
7105_01,False,0.25316455696202533,True,True,False,False
7106_01,True,0.22784810126582278,True,False,False,True
7109_01,False,0.620253164556962,False,False,True,False
7110_01,False,0.2911392405063291,False,True,False,False
7111_01,False,0.3037974683544304,False,False,False,True
7113_01,False,0.3037974683544304,False,True,False,False
7113_02,False,0.2911392405063291,True,True,False,False
7114_01,False,0.3037974683544304,False,True,False,False
7116_01,True,0.3291139240506329,False,True,False,False
7117_01,True,0.35443037974683544,True,False,True,False
7118_01,False,0.21518987341772153,False,True,False,False
7119_01,False,0.25316455696202533,False,True,False,False
7120_01,False,0.27848101265822783,False,True,False,False
7121_01,True,0.2911392405063291,True,False,True,False
7121_02,True,0.27848101265822783,True,False,True,False
7126_01,False,0.3670886075949367,False,True,False,False
7127_01,False,0.3649105122463968,False,False,True,False
7127_02,True,0.3924050632911392,True,False,True,False
7128_01,False,0.46835443037974683,False,False,True,False
7128_02,False,0.5569620253164557,True,False,True,False
7128_03,False,0.43037974683544306,False,False,True,False
7132_01,False,0.2911392405063291,False,True,False,False
7133_01,False,0.22784810126582278,False,True,False,False
7134_01,True,0.22784810126582278,True,True,False,False
7137_01,False,0.2911392405063291,False,True,False,False
7140_01,False,0.22784810126582278,False,True,False,False
7142_01,False,0.27848101265822783,False,False,False,True
7142_02,False,0.12658227848101267,True,False,False,True
7142_03,True,0.3649105122463968,False,False,False,True
7143_01,False,0.3924050632911392,False,False,False,True
7144_01,True,0.6075949367088608,False,True,False,False
7148_01,False,0.6455696202531646,True,False,True,False
7149_01,True,0.31645569620253167,True,False,False,True
7151_01,False,0.4050632911392405,False,False,False,True
7152_01,False,0.10126582278481013,True,True,False,False
7152_02,True,0.620253164556962,True,True,False,False
7155_01,False,0.35443037974683544,False,True,False,False
7156_01,False,0.0379746835443038,True,False,False,True
7156_02,False,0.3649105122463968,True,False,False,True
7156_03,True,0.3924050632911392,True,False,False,True
7156_04,False,0.13924050632911392,True,False,False,True
7157_01,True,0.34177215189873417,True,False,False,True
7157_02,False,0.4177215189873418,False,False,False,True
7159_01,True,0.4050632911392405,True,False,True,False
7160_01,True,0.25316455696202533,True,True,False,False
7161_01,False,0.4177215189873418,False,False,True,False
7162_01,False,0.8227848101265822,False,True,False,False
7165_01,True,0.22784810126582278,True,False,False,True
7166_01,False,0.24050632911392406,False,False,False,True
7167_01,False,0.4177215189873418,True,False,True,False
7168_01,False,0.3649105122463968,True,True,False,False
7170_01,True,0.3924050632911392,False,True,False,False
7171_01,True,0.46835443037974683,True,True,False,False
7173_01,True,0.24050632911392406,True,True,False,False
7175_01,False,0.22784810126582278,False,True,False,False
7176_01,True,0.5949367088607594,True,False,True,False
7176_02,False,0.3291139240506329,False,False,True,False
7176_03,False,0.31645569620253167,True,False,True,False
7177_01,False,0.4810126582278481,False,True,False,False
7179_01,False,0.6708860759493671,True,True,False,False
7180_01,False,0.4810126582278481,False,True,False,False
7181_01,True,0.35443037974683544,True,False,False,True
7182_01,False,0.5822784810126582,False,True,False,False
7184_01,False,0.22784810126582278,True,True,False,False
7186_01,True,0.17721518987341772,True,False,True,False
7186_02,False,0.4050632911392405,False,False,True,False
7186_03,False,0.5569620253164557,False,False,True,False
7187_01,True,0.35443037974683544,True,True,False,False
7188_01,False,0.02531645569620253,True,False,True,False
7188_02,False,0.35443037974683544,False,False,True,False
7188_03,True,0.34177215189873417,True,False,True,False
7189_01,True,0.3670886075949367,True,False,True,False
7190_01,True,0.17721518987341772,True,True,False,False
7191_01,False,0.17721518987341772,False,True,False,False
7192_01,True,0.21518987341772153,True,True,False,False
7193_01,False,0.4430379746835443,True,True,False,False
7194_01,False,0.45569620253164556,False,True,False,False
7197_01,False,0.6455696202531646,False,False,False,True
7199_01,False,0.6835443037974683,False,True,False,False
7200_01,False,0.46835443037974683,True,False,True,False
7202_01,False,0.46835443037974683,False,True,False,False
7203_01,False,0.3037974683544304,True,True,False,False
7205_01,False,0.3649105122463968,False,False,False,True
7206_01,False,0.4810126582278481,False,True,False,False
7207_01,True,0.35443037974683544,True,True,False,False
7208_01,False,0.0,True,True,False,False
7208_02,False,0.20253164556962025,False,True,False,False
7210_01,False,0.31645569620253167,False,True,False,False
7214_01,False,0.27848101265822783,True,True,False,False
7215_01,True,0.3037974683544304,True,False,False,True
7216_01,False,0.46835443037974683,True,True,False,False
7217_01,False,0.26582278481012656,True,False,False,True
7218_01,False,0.6708860759493671,True,False,True,False
7219_01,False,0.0,True,False,True,False
7219_02,True,0.02531645569620253,False,False,True,False
7219_03,True,0.810126582278481,True,False,True,False
7219_04,False,0.3037974683544304,False,False,True,False
7219_05,True,0.5063291139240507,True,False,True,False
7219_06,False,0.4050632911392405,False,False,True,False
7221_01,False,0.6835443037974683,False,False,True,False
7224_01,True,0.37974683544303794,True,True,False,False
7225_01,False,0.46835443037974683,False,False,True,False
7226_01,False,0.25316455696202533,False,False,False,True
7227_01,False,0.27848101265822783,False,False,False,True
7229_01,False,0.7215189873417721,False,True,False,False
7230_01,True,0.43037974683544306,True,True,False,False
7232_01,False,0.6455696202531646,False,False,True,False
7233_01,True,0.5949367088607594,False,False,False,True
7234_01,False,0.27848101265822783,False,True,False,False
7235_01,False,0.45569620253164556,False,False,True,False
7236_01,True,0.20253164556962025,True,True,False,False
7238_01,False,0.7594936708860759,False,False,False,True
7240_01,False,0.49367088607594933,True,False,False,True
7240_02,False,0.22784810126582278,True,False,False,True
7242_01,True,0.37974683544303794,True,False,True,False
7246_01,False,0.569620253164557,False,False,False,True
7247_01,False,0.37974683544303794,False,True,False,False
7249_01,False,0.26582278481012656,False,True,False,False
7249_02,False,0.0,True,False,False,True
7250_01,False,0.6455696202531646,True,False,False,True
7252_01,False,0.27848101265822783,False,False,False,True
7253_01,False,0.3291139240506329,True,False,True,False
7255_01,False,0.12658227848101267,False,True,False,False
7256_01,False,0.26582278481012656,False,True,False,False
7257_01,True,0.17721518987341772,True,True,False,False
7257_02,False,0.3649105122463968,False,True,False,False
7258_01,False,0.5443037974683544,True,True,False,False
7259_01,False,0.27848101265822783,True,True,False,False
7260_01,False,0.27848101265822783,False,True,False,False
7261_01,True,0.2911392405063291,True,True,False,False
7267_01,True,0.31645569620253167,True,False,True,False
7267_02,False,0.4430379746835443,True,False,True,False
7268_01,False,0.37974683544303794,False,True,False,False
7270_01,True,0.46835443037974683,True,True,False,False
7271_01,False,0.26582278481012656,False,True,False,False
7273_01,False,0.45569620253164556,True,True,False,False
7274_01,False,0.16455696202531644,False,True,False,False
7276_01,False,0.27848101265822783,False,True,False,False
7277_01,True,0.45569620253164556,True,True,False,False
7278_01,False,0.21518987341772153,True,True,False,False
7279_01,True,0.4810126582278481,True,False,True,False
7280_01,False,0.43037974683544306,False,False,False,True
7283_01,False,0.25316455696202533,True,False,False,True
7284_01,False,0.21518987341772153,False,True,False,False
7285_01,True,0.45569620253164556,True,True,False,False
7289_01,False,0.6582278481012658,True,False,True,False
7290_01,True,0.4050632911392405,True,False,True,False
7290_02,True,0.4430379746835443,True,False,True,False
7290_03,True,0.3649105122463968,True,False,True,False
7290_04,False,0.45569620253164556,False,False,True,False
7290_05,False,0.45569620253164556,False,False,True,False
7292_01,False,0.26582278481012656,False,False,False,True
7296_01,False,0.4177215189873418,False,False,False,True
7297_01,False,0.5063291139240507,False,True,False,False
7298_01,False,0.3037974683544304,True,True,False,False
7300_01,False,0.4430379746835443,True,True,False,False
7301_01,True,0.3670886075949367,True,False,False,True
7302_01,False,0.4177215189873418,False,False,False,True
7303_01,False,0.6455696202531646,False,True,False,False
7304_01,True,0.12658227848101267,True,False,False,True
7305_01,True,0.5189873417721519,True,True,False,False
7306_01,False,0.3291139240506329,True,True,False,False
7307_01,False,0.49367088607594933,False,True,False,False
7309_01,False,0.17721518987341772,False,False,False,True
7310_01,False,0.35443037974683544,False,False,False,True
7311_01,False,0.22784810126582278,False,True,False,False
7313_01,False,0.5189873417721519,False,False,False,True
7314_01,False,0.4177215189873418,True,False,True,False
7320_01,False,0.3291139240506329,False,True,False,False
7321_01,True,0.3924050632911392,True,False,False,True
7322_01,False,0.7974683544303798,False,True,False,False
7323_01,False,0.37974683544303794,False,True,False,False
7324_01,False,0.34177215189873417,True,False,True,False
7326_01,False,0.5949367088607594,False,True,False,False
7327_01,False,0.46835443037974683,True,False,False,True
7328_01,False,0.17721518987341772,False,True,False,False
7330_01,False,0.34177215189873417,False,True,False,False
7331_01,False,0.7721518987341772,False,False,False,True
7332_01,False,0.49367088607594933,False,True,False,False
7334_01,False,0.27848101265822783,False,True,False,False
7336_01,False,0.37974683544303794,False,True,False,False
7336_02,False,0.3291139240506329,False,True,False,False
7337_01,False,0.31645569620253167,False,False,True,False
7338_01,False,0.5316455696202531,False,False,False,True
7339_01,False,0.4177215189873418,False,False,True,False
7340_01,False,0.7594936708860759,False,False,True,False
7341_01,True,0.20253164556962025,True,True,False,False
7342_01,False,0.6329113924050633,True,True,False,False
7343_01,False,0.27848101265822783,False,True,False,False
7344_01,False,0.18987341772151897,False,True,False,False
7346_01,False,0.34177215189873417,False,False,False,True
7347_01,False,0.7341772151898734,False,True,False,False
7350_01,True,0.6075949367088608,True,True,False,False
7351_01,True,0.45569620253164556,True,False,True,False
7353_01,False,0.7594936708860759,False,False,True,False
7353_02,True,0.5822784810126582,True,False,True,False
7353_03,False,0.7341772151898734,True,False,True,False
7356_01,True,0.5063291139240507,False,True,False,False
7356_02,True,0.0379746835443038,True,True,False,False
7358_01,False,0.2911392405063291,False,True,False,False
7359_01,False,0.26582278481012656,True,True,False,False
7360_01,True,0.3670886075949367,True,True,False,False
7361_01,True,0.2911392405063291,True,False,True,False
7361_02,True,0.5189873417721519,True,False,True,False
7365_01,False,0.25316455696202533,False,True,False,False
7366_01,False,0.3037974683544304,False,True,False,False
7367_01,False,0.26582278481012656,False,False,False,True
7367_02,False,0.6962025316455696,False,False,False,True
7370_01,False,0.26582278481012656,False,True,False,False
7371_01,True,0.5316455696202531,True,True,False,False
7372_01,False,0.5063291139240507,False,True,False,False
7374_01,True,0.37974683544303794,True,False,False,True
7376_01,True,0.3291139240506329,True,False,True,False
7377_01,True,0.5443037974683544,False,True,False,False
7379_01,False,0.25316455696202533,False,True,False,False
7385_01,False,0.24050632911392406,False,True,False,False
7387_01,False,0.5063291139240507,True,False,True,False
7388_01,True,0.21518987341772153,True,True,False,False
7390_01,False,0.7848101265822784,False,True,False,False
7391_01,True,0.4050632911392405,False,True,False,False
7392_01,True,0.46835443037974683,False,True,False,False
7393_01,False,0.5063291139240507,False,True,False,False
7394_01,False,0.31645569620253167,False,True,False,False
7395_01,True,0.21518987341772153,True,False,True,False
7395_02,True,0.5822784810126582,True,False,True,False
7395_03,False,0.4810126582278481,False,False,True,False
7395_04,False,0.5443037974683544,False,False,True,False
7396_01,False,0.35443037974683544,True,False,True,False
7396_02,True,0.3924050632911392,True,False,True,False
7396_03,True,0.4430379746835443,True,False,True,False
7398_01,False,0.24050632911392406,True,True,False,False
7399_01,False,0.3037974683544304,False,True,False,False
7401_01,False,0.25316455696202533,False,False,False,True
7402_01,False,0.20253164556962025,True,False,True,False
7402_02,True,0.569620253164557,True,False,True,False
7403_01,False,0.24050632911392406,False,True,False,False
7405_01,False,0.2911392405063291,True,True,False,False
7406_01,False,0.24050632911392406,False,True,False,False
7408_01,False,0.4050632911392405,False,False,False,True
7410_01,False,0.5189873417721519,True,True,False,False
7411_01,False,0.37974683544303794,False,True,False,False
7416_01,False,0.5189873417721519,False,False,True,False
7418_01,False,0.08860759493670886,True,False,False,True
7419_01,False,0.49367088607594933,True,True,False,False
7419_02,False,0.5949367088607594,True,True,False,False
7422_01,False,0.26582278481012656,False,True,False,False
7425_01,True,0.3670886075949367,True,True,False,False
7425_02,False,0.24050632911392406,False,True,False,False
7427_01,False,0.6329113924050633,True,False,False,True
7428_01,False,0.35443037974683544,False,False,True,False
7429_01,False,0.4810126582278481,False,False,False,True
7430_01,False,0.3037974683544304,False,True,False,False
7431_01,False,0.3924050632911392,False,False,True,False
7432_01,True,0.4810126582278481,True,False,True,False
7435_01,True,0.3291139240506329,True,False,True,False
7436_01,False,0.35443037974683544,False,True,False,False
7437_01,True,0.569620253164557,True,False,True,False
7437_02,True,0.5949367088607594,True,False,True,False
7437_03,True,0.7594936708860759,True,False,True,False
7438_01,False,0.5316455696202531,True,True,False,False
7442_01,False,0.5443037974683544,False,True,False,False
7442_02,True,0.21518987341772153,False,True,False,False
7444_01,True,0.21518987341772153,False,True,False,False
7445_01,True,0.25316455696202533,False,True,False,False
7446_01,False,0.22784810126582278,False,True,False,False
7447_01,False,0.3037974683544304,False,False,False,True
7448_01,False,0.31645569620253167,False,True,False,False
7449_01,False,0.25316455696202533,False,True,False,False
7450_01,False,0.2911392405063291,False,True,False,False
7452_01,True,0.6075949367088608,True,False,True,False
7452_02,False,0.3291139240506329,True,False,True,False
7452_03,True,0.45569620253164556,True,False,True,False
7453_01,True,0.34177215189873417,True,False,True,False
7455_01,False,0.5189873417721519,True,False,True,False
7456_01,True,0.26582278481012656,True,True,False,False
7457_01,False,0.8987341772151899,False,False,False,True
7458_01,True,0.810126582278481,False,True,False,False
7459_01,False,0.4177215189873418,False,False,True,False
7460_01,False,0.3037974683544304,True,True,False,False
7461_01,True,0.4430379746835443,True,False,True,False
7462_01,True,0.16455696202531644,True,True,False,False
7464_01,True,0.13924050632911392,True,True,False,False
7472_01,True,0.3649105122463968,True,False,False,True
7475_01,True,0.5443037974683544,True,False,False,True
7475_02,True,0.45569620253164556,True,False,False,True
7477_01,False,0.27848101265822783,False,True,False,False
7478_01,False,0.7088607594936709,True,False,True,False
7479_01,True,0.43037974683544306,True,False,False,True
7481_01,False,0.5822784810126582,False,True,False,False
7483_01,False,0.5443037974683544,True,False,False,True
7484_01,False,0.31645569620253167,True,True,False,False
7485_01,False,0.3291139240506329,False,False,True,False
7486_01,False,0.17721518987341772,False,True,False,False
7487_01,False,0.7974683544303798,True,True,False,False
7488_01,False,0.3670886075949367,False,False,False,True
7488_02,True,0.569620253164557,True,False,False,True
7490_01,True,0.18987341772151897,True,True,False,False
7492_01,False,0.24050632911392406,True,False,False,True
7494_01,False,0.6708860759493671,False,True,False,False
7495_01,False,0.569620253164557,False,False,False,True
7496_01,False,0.5189873417721519,True,False,True,False
7498_01,False,0.8607594936708861,False,False,False,True
7498_02,True,0.06329113924050633,True,False,False,True
7498_03,False,0.34177215189873417,True,False,False,True
7499_01,False,0.25316455696202533,True,True,False,False
7500_01,False,0.6835443037974683,False,True,False,False
7501_01,False,0.22784810126582278,False,True,False,False
7502_01,False,0.569620253164557,True,False,True,False
7503_01,True,0.3291139240506329,True,False,True,False
7503_02,False,0.46835443037974683,True,False,True,False
7504_01,False,0.37974683544303794,False,True,False,False
7505_01,False,0.6455696202531646,False,False,False,True
7505_02,True,0.0379746835443038,True,False,False,True
7505_03,True,0.0379746835443038,True,False,False,True
7506_01,False,0.24050632911392406,False,True,False,False
7507_01,False,0.24050632911392406,False,True,False,False
7507_02,False,0.0759493670886076,True,True,False,False
7507_03,False,0.05063291139240506,True,True,False,False
7508_01,False,0.2911392405063291,False,False,True,False
7509_01,False,0.46835443037974683,False,True,False,False
7510_01,False,0.22784810126582278,False,False,False,True
7512_01,False,0.3670886075949367,False,True,False,False
7513_01,False,0.31645569620253167,False,True,False,False
7514_01,False,0.6582278481012658,False,True,False,False
7515_01,True,0.3037974683544304,False,False,False,True
7515_02,False,0.0,True,False,False,True
7517_01,False,0.31645569620253167,False,True,False,False
7518_01,True,0.3291139240506329,True,False,True,False
7518_02,False,0.4050632911392405,False,False,True,False
7520_01,False,0.7341772151898734,False,True,False,False
7521_01,False,0.5569620253164557,False,True,False,False
7522_01,False,0.5189873417721519,False,True,False,False
7523_01,False,0.3037974683544304,True,True,False,False
7524_01,True,0.5189873417721519,True,True,False,False
7524_02,True,0.2911392405063291,True,True,False,False
7525_01,False,0.34177215189873417,False,False,True,False
7525_02,True,0.7721518987341772,True,False,True,False
7527_01,False,0.22784810126582278,True,True,False,False
7529_01,True,0.22784810126582278,True,True,False,False
7531_01,True,0.3649105122463968,True,False,True,False
7531_02,True,0.18987341772151897,True,False,True,False
7533_01,False,0.1518987341772152,True,True,False,False
7534_01,False,0.5063291139240507,False,True,False,False
7535_01,False,0.24050632911392406,True,True,False,False
7536_01,True,0.22784810126582278,True,False,False,True
7538_01,False,0.6075949367088608,False,False,True,False
7538_02,False,0.46835443037974683,False,False,True,False
7542_01,False,0.4430379746835443,False,True,False,False
7543_01,False,0.3670886075949367,False,True,False,False
7544_01,False,0.6835443037974683,False,True,False,False
7545_01,True,0.3649105122463968,False,True,False,False
7549_01,False,0.27848101265822783,True,True,False,False
7550_01,True,0.22784810126582278,True,True,False,False
7552_01,False,0.3291139240506329,True,True,False,False
7553_01,False,0.24050632911392406,False,True,False,False
7559_01,False,0.27848101265822783,False,True,False,False
7560_01,False,0.21518987341772153,True,False,True,False
7561_01,False,0.22784810126582278,False,True,False,False
7563_01,True,0.49367088607594933,True,False,False,True
7565_01,False,0.46835443037974683,True,False,True,False
7565_02,True,0.21518987341772153,True,False,True,False
7565_03,False,0.31645569620253167,False,False,True,False
7565_04,False,0.11392405063291139,True,False,True,False
7567_01,True,0.18987341772151897,False,True,False,False
7568_01,False,0.24050632911392406,False,True,False,False
7569_01,False,0.22784810126582278,False,False,False,True
7569_02,False,0.6329113924050633,False,False,False,True
7572_01,True,0.17721518987341772,False,True,False,False
7573_01,True,0.24050632911392406,False,True,False,False
7574_01,True,0.4177215189873418,True,False,True,False
7576_01,False,0.2911392405063291,True,False,True,False
7576_02,False,0.49367088607594933,False,False,True,False
7577_01,False,0.17721518987341772,False,True,False,False
7578_01,False,0.17721518987341772,False,True,False,False
7579_01,False,0.569620253164557,True,True,False,False
7580_01,True,0.27848101265822783,True,True,False,False
7583_01,False,0.45569620253164556,True,False,False,True
7584_01,False,0.24050632911392406,True,False,True,False
7584_02,True,0.7468354430379747,True,False,True,False
7584_03,False,0.3924050632911392,False,True,False,False
7585_01,True,0.3924050632911392,True,False,True,False
7585_02,False,0.49367088607594933,False,False,True,False
7585_03,False,0.35443037974683544,True,False,True,False
7585_04,True,0.24050632911392406,True,False,True,False
7586_01,False,0.3670886075949367,True,False,True,False
7588_01,True,0.0,True,True,False,False
7588_02,False,0.18987341772151897,True,True,False,False
7592_01,False,0.22784810126582278,False,True,False,False
7594_01,True,0.620253164556962,True,False,True,False
7595_01,False,0.45569620253164556,True,True,False,False
7596_01,True,0.5063291139240507,True,False,True,False
7596_02,True,0.7088607594936709,True,False,True,False
7598_01,True,0.8481012658227848,True,True,False,False
7599_01,False,0.5569620253164557,False,True,False,False
7601_01,False,0.21518987341772153,False,True,False,False
7604_01,True,0.34177215189873417,True,False,False,True
7604_02,False,0.2911392405063291,False,False,False,True
7605_01,False,0.35443037974683544,False,False,False,True
7606_01,True,0.6835443037974683,True,False,False,True
7608_01,True,0.3291139240506329,True,False,False,True
7609_01,False,0.5063291139240507,False,False,True,False
7609_02,True,0.49367088607594933,True,False,True,False
7614_01,True,0.5063291139240507,True,False,True,False
7616_01,False,0.25316455696202533,True,True,False,False
7618_01,False,0.22784810126582278,True,True,False,False
7620_01,False,0.21518987341772153,False,False,False,True
7621_01,True,0.4430379746835443,True,False,True,False
7622_01,False,0.3924050632911392,False,True,False,False
7623_01,False,0.5063291139240507,False,True,False,False
7624_01,True,0.6329113924050633,True,False,True,False
7625_01,False,0.26582278481012656,False,True,False,False
7626_01,False,0.3670886075949367,False,True,False,False
7627_01,False,0.7974683544303798,True,False,True,False
7628_01,False,0.24050632911392406,True,False,False,True
7628_02,False,0.45569620253164556,False,False,False,True
7630_01,False,0.6075949367088608,False,True,False,False
7631_01,False,0.4177215189873418,False,False,True,False
7632_01,False,0.35443037974683544,False,False,False,True
7633_01,False,0.49367088607594933,False,True,False,False
7634_01,True,0.34177215189873417,True,True,False,False
7635_01,True,0.7341772151898734,True,False,True,False
7639_01,True,0.5569620253164557,True,False,True,False
7640_01,True,0.2911392405063291,True,True,False,False
7641_01,False,0.26582278481012656,True,True,False,False
7643_01,False,0.6708860759493671,False,False,True,False
7643_02,True,0.17721518987341772,True,False,True,False
7644_01,True,0.21518987341772153,True,True,False,False
7646_01,False,0.31645569620253167,True,False,True,False
7646_02,False,0.5569620253164557,False,False,True,False
7646_03,False,0.3037974683544304,True,False,True,False
7647_01,False,0.3037974683544304,False,True,False,False
7649_01,True,0.3037974683544304,True,True,False,False
7650_01,True,0.0,True,True,False,False
7650_02,True,0.08860759493670886,False,True,False,False
7650_03,True,0.0379746835443038,True,True,False,False
7650_04,False,0.22784810126582278,True,True,False,False
7650_05,True,0.05063291139240506,False,True,False,False
7652_01,True,0.5063291139240507,True,False,True,False
7656_01,True,0.20253164556962025,False,True,False,False
7660_01,True,0.31645569620253167,True,False,True,False
7661_01,True,0.12658227848101267,True,True,False,False
7665_01,True,0.5063291139240507,True,True,False,False
7666_01,True,0.24050632911392406,True,False,False,True
7667_01,True,0.18987341772151897,True,False,True,False
7669_01,False,0.3037974683544304,False,True,False,False
7670_01,True,0.26582278481012656,True,False,False,True
7671_01,False,0.3670886075949367,False,True,False,False
7676_01,False,0.46835443037974683,False,False,False,True
7677_01,True,0.620253164556962,False,True,False,False
7678_01,False,0.5316455696202531,False,True,False,False
7678_02,True,0.6835443037974683,True,True,False,False
7679_01,True,0.4177215189873418,False,True,False,False
7680_01,False,0.34177215189873417,False,False,True,False
7682_01,True,0.6708860759493671,False,True,False,False
7683_01,False,0.35443037974683544,True,True,False,False
7684_01,False,0.3037974683544304,True,False,True,False
7687_01,False,0.25316455696202533,False,True,False,False
7688_01,False,0.0,False,True,False,False
7689_01,False,0.3037974683544304,False,True,False,False
7690_01,False,0.35443037974683544,True,True,False,False
7691_01,True,0.5316455696202531,True,False,False,True
7692_01,False,0.4050632911392405,False,False,True,False
7693_01,False,0.45569620253164556,True,False,True,False
7693_02,False,0.5063291139240507,True,False,True,False
7694_01,False,0.37974683544303794,False,True,False,False
7696_01,False,0.43037974683544306,False,False,False,True
7696_02,False,0.46835443037974683,False,False,False,True
7697_01,False,0.5189873417721519,True,False,True,False
7697_02,True,0.31645569620253167,True,False,True,False
7698_01,False,0.49367088607594933,True,False,False,True
7699_01,False,0.0,True,True,False,False
7700_01,False,0.6835443037974683,False,False,False,True
7702_01,True,0.20253164556962025,False,True,False,False
7703_01,False,0.0,True,True,False,False
7703_02,True,0.16455696202531644,True,True,False,False
7705_01,False,0.5822784810126582,False,False,False,True
7707_01,False,0.2911392405063291,False,True,False,False
7708_01,False,0.22784810126582278,False,True,False,False
7709_01,False,0.34177215189873417,False,True,False,False
7709_02,True,0.3037974683544304,False,True,False,False
7710_01,False,0.34177215189873417,True,False,True,False
7711_01,False,0.3037974683544304,False,True,False,False
7712_01,False,0.31645569620253167,True,False,True,False
7713_01,True,0.37974683544303794,True,False,True,False
7714_01,False,0.24050632911392406,False,True,False,False
7715_01,False,0.22784810126582278,False,True,False,False
7716_01,True,0.620253164556962,True,False,True,False
7717_01,False,0.810126582278481,False,True,False,False
7719_01,True,0.3291139240506329,True,False,False,True
7720_01,False,0.6708860759493671,False,True,False,False
7721_01,False,0.34177215189873417,True,False,False,True
7723_01,True,0.34177215189873417,True,False,True,False
7724_01,False,0.31645569620253167,False,False,False,True
7727_01,False,0.4177215189873418,True,True,False,False
7728_01,False,0.34177215189873417,False,False,True,False
7729_01,True,0.25316455696202533,True,False,True,False
7731_01,True,0.49367088607594933,True,False,True,False
7736_01,False,0.34177215189873417,False,False,False,True
7738_01,True,0.24050632911392406,True,False,False,True
7739_01,False,0.27848101265822783,False,True,False,False
7741_01,False,0.0379746835443038,False,True,False,False
7741_02,False,0.3037974683544304,False,True,False,False
7742_01,True,0.5189873417721519,True,False,False,True
7742_02,True,0.22784810126582278,True,False,False,True
7743_01,False,0.7974683544303798,False,True,False,False
7744_01,False,0.24050632911392406,False,False,True,False
7744_02,True,0.49367088607594933,True,False,True,False
7746_01,True,0.3649105122463968,True,False,True,False
7747_01,False,0.5189873417721519,False,False,False,True
7748_01,False,0.5569620253164557,False,False,True,False
7748_02,False,0.49367088607594933,False,False,True,False
7749_01,True,0.3670886075949367,True,False,False,True
7749_02,False,0.46835443037974683,False,False,False,True
7751_01,True,0.5189873417721519,True,False,True,False
7752_01,False,0.22784810126582278,False,True,False,False
7753_01,True,0.3649105122463968,False,True,False,False
7754_01,False,0.6962025316455696,True,False,True,False
7755_01,True,0.26582278481012656,True,True,False,False
7757_01,True,0.35443037974683544,True,False,True,False
7757_02,False,0.5443037974683544,True,False,True,False
7760_01,False,0.4050632911392405,False,True,False,False
7761_01,False,0.2911392405063291,True,True,False,False
7761_02,True,0.06329113924050633,True,True,False,False
7763_01,False,0.17721518987341772,False,True,False,False
7764_01,False,0.3037974683544304,False,True,False,False
7767_01,True,0.27848101265822783,True,True,False,False
7768_01,False,0.17721518987341772,True,True,False,False
7769_01,False,0.25316455696202533,False,True,False,False
7770_01,False,0.21518987341772153,False,True,False,False
7770_02,False,0.25316455696202533,False,True,False,False
7771_01,False,0.27848101265822783,True,True,False,False
7773_01,True,0.18987341772151897,True,True,False,False
7774_01,False,0.8481012658227848,True,False,False,True
7775_01,False,0.35443037974683544,False,False,True,False
7776_01,False,0.7215189873417721,False,False,True,False
7777_01,True,0.26582278481012656,True,True,False,False
7778_01,False,0.43037974683544306,False,False,False,True
7778_02,True,0.21518987341772153,False,False,False,True
7780_01,False,0.4177215189873418,True,True,False,False
7782_01,False,0.4177215189873418,False,False,True,False
7782_02,False,0.35443037974683544,False,False,True,False
7783_01,True,0.22784810126582278,True,False,False,True
7784_01,True,0.35443037974683544,True,False,False,True
7785_01,False,0.16455696202531644,False,True,False,False
7786_01,False,0.4810126582278481,False,True,False,False
7787_01,False,0.49367088607594933,False,False,True,False
7787_02,True,0.22784810126582278,True,False,True,False
7788_01,False,0.5443037974683544,False,True,False,False
7789_01,False,0.4050632911392405,False,True,False,False
7790_01,True,0.3670886075949367,False,True,False,False
7790_02,False,0.569620253164557,False,False,False,True
7790_03,True,0.31645569620253167,True,False,False,True
7791_01,False,0.810126582278481,False,True,False,False
7793_01,False,0.22784810126582278,False,True,False,False
7797_01,False,0.5569620253164557,False,True,False,False
7800_01,True,0.18987341772151897,True,True,False,False
7801_01,False,0.26582278481012656,False,True,False,False
7802_01,False,0.4177215189873418,False,False,False,True
7803_01,False,0.0379746835443038,False,True,False,False
7803_02,True,0.24050632911392406,True,True,False,False
7805_01,False,0.46835443037974683,False,True,False,False
7806_01,False,0.3037974683544304,False,True,False,False
7808_01,False,0.3291139240506329,False,True,False,False
7809_01,True,0.3291139240506329,True,False,False,True
7809_02,True,0.3291139240506329,True,False,False,True
7810_01,False,0.27848101265822783,False,True,False,False
7812_01,False,0.3291139240506329,False,False,False,True
7813_01,False,0.34177215189873417,False,True,False,False
7815_01,False,0.34177215189873417,True,True,False,False
7816_01,False,0.46835443037974683,True,True,False,False
7818_01,True,0.27848101265822783,False,True,False,False
7820_01,False,0.3037974683544304,True,True,False,False
7821_01,False,0.2911392405063291,False,True,False,False
7824_01,False,0.22784810126582278,False,True,False,False
7828_01,True,0.35443037974683544,False,True,False,False
7829_01,True,0.05063291139240506,True,True,False,False
7830_01,True,0.2911392405063291,True,True,False,False
7830_02,True,0.02531645569620253,True,True,False,False
7830_03,False,0.5822784810126582,False,True,False,False
7830_04,False,0.0,False,True,False,False
7831_01,False,0.20253164556962025,False,False,False,True
7832_01,False,0.24050632911392406,False,False,False,True
7833_01,False,0.43037974683544306,False,False,True,False
7833_02,False,0.43037974683544306,True,False,True,False
7834_01,False,0.3037974683544304,False,True,False,False
7835_01,True,0.35443037974683544,False,True,False,False
7837_01,True,0.5569620253164557,True,False,True,False
7837_02,True,0.4430379746835443,True,False,True,False
7839_01,False,0.25316455696202533,False,True,False,False
7840_01,False,0.22784810126582278,False,True,False,False
7841_01,False,0.5443037974683544,False,True,False,False
7841_02,False,0.6075949367088608,False,True,False,False
7842_01,False,0.5822784810126582,True,False,False,True
7843_01,True,0.9493670886075949,True,False,False,True
7845_01,True,0.3037974683544304,True,False,True,False
7847_01,False,0.43037974683544306,False,True,False,False
7848_01,False,0.3670886075949367,False,False,False,True
7848_02,True,0.5822784810126582,True,False,False,True
7849_01,False,0.27848101265822783,False,True,False,False
7850_01,True,0.5316455696202531,False,False,False,True
7851_01,True,0.5822784810126582,True,False,False,True
7852_01,False,0.18987341772151897,False,True,False,False
7853_01,False,0.5316455696202531,False,True,False,False
7853_02,False,0.3924050632911392,False,False,False,True
7853_03,True,0.11392405063291139,True,False,False,True
7856_01,False,0.43037974683544306,False,True,False,False
7858_01,False,0.26582278481012656,False,True,False,False
7858_02,False,0.20253164556962025,False,True,False,False
7858_03,False,0.5063291139240507,False,True,False,False
7859_01,False,0.2911392405063291,True,True,False,False
7861_01,True,0.0759493670886076,False,True,False,False
7863_01,False,0.21518987341772153,True,True,False,False
7864_01,False,0.46835443037974683,True,True,False,False
7865_01,True,0.37974683544303794,True,False,True,False
7865_02,True,0.4050632911392405,True,False,True,False
7865_03,True,0.5189873417721519,True,False,True,False
7866_01,False,0.5443037974683544,False,False,True,False
7868_01,False,0.21518987341772153,False,True,False,False
7870_01,True,0.46835443037974683,True,False,True,False
7871_01,True,0.22784810126582278,True,True,False,False
7872_01,False,0.012658227848101266,False,True,False,False
7872_02,False,0.4810126582278481,False,True,False,False
7872_03,False,0.31645569620253167,False,True,False,False
7872_04,False,0.0759493670886076,False,True,False,False
7872_05,True,0.012658227848101266,True,True,False,False
7872_06,False,0.08860759493670886,True,True,False,False
7873_01,False,0.3037974683544304,False,True,False,False
7873_02,False,0.24050632911392406,True,True,False,False
7875_01,True,0.3291139240506329,True,False,True,False
7877_01,False,0.620253164556962,False,True,False,False
7878_01,False,0.22784810126582278,False,True,False,False
7879_01,False,0.31645569620253167,False,True,False,False
7881_01,False,0.5822784810126582,False,True,False,False
7882_01,True,0.4177215189873418,False,True,False,False
7882_02,False,0.12658227848101267,True,True,False,False
7883_01,True,0.4810126582278481,True,True,False,False
7884_01,False,0.2911392405063291,False,False,False,True
7885_01,True,0.3291139240506329,True,True,False,False
7886_01,False,0.20253164556962025,False,True,False,False
7888_01,False,0.3670886075949367,True,True,False,False
7889_01,True,0.4430379746835443,True,False,True,False
7890_01,False,0.7341772151898734,False,True,False,False
7890_02,True,0.21518987341772153,True,True,False,False
7890_03,True,0.20253164556962025,True,True,False,False
7891_01,True,0.02531645569620253,True,True,False,False
7891_02,False,0.16455696202531644,False,True,False,False
7892_01,False,0.22784810126582278,True,False,False,True
7894_01,False,0.3670886075949367,True,True,False,False
7895_01,False,0.26582278481012656,False,True,False,False
7897_01,True,0.5443037974683544,True,False,True,False
7899_01,True,0.8734177215189873,False,True,False,False
7899_02,False,0.5063291139240507,False,True,False,False
7899_03,True,0.012658227848101266,True,True,False,False
7901_01,True,0.45569620253164556,True,False,False,True
7902_01,False,0.7594936708860759,False,True,False,False
7902_02,True,0.21518987341772153,True,True,False,False
7902_03,True,0.620253164556962,False,True,False,False
7902_04,False,0.2911392405063291,False,True,False,False
7903_01,False,0.49367088607594933,False,True,False,False
7904_01,True,0.6708860759493671,True,True,False,False
7904_02,False,0.3291139240506329,True,True,False,False
7905_01,False,0.3924050632911392,False,False,True,False
7905_02,True,0.6075949367088608,True,False,True,False
7905_03,False,0.3291139240506329,False,False,True,False
7907_01,True,0.31645569620253167,True,False,False,True
7908_01,True,0.31645569620253167,True,False,True,False
7910_01,False,0.37974683544303794,False,True,False,False
7913_01,True,0.3649105122463968,True,True,False,False
7914_01,True,0.2911392405063291,False,True,False,False
7914_02,False,0.3037974683544304,False,True,False,False
7914_03,False,0.5949367088607594,True,True,False,False
7916_01,True,0.46835443037974683,False,True,False,False
7918_01,True,0.3037974683544304,True,False,False,True
7919_01,False,0.26582278481012656,False,True,False,False
7920_01,True,0.5316455696202531,True,False,False,True
7922_01,False,0.49367088607594933,False,True,False,False
7924_01,False,0.35443037974683544,False,True,False,False
7926_01,False,0.4050632911392405,False,True,False,False
7929_01,False,0.3924050632911392,False,False,True,False
7930_01,True,0.16455696202531644,True,True,False,False
7935_01,False,0.5189873417721519,True,True,False,False
7936_01,False,0.26582278481012656,False,True,False,False
7936_02,False,0.3649105122463968,False,True,False,False
7936_03,False,0.11392405063291139,True,True,False,False
7937_01,False,0.45569620253164556,False,False,True,False
7937_02,True,0.37974683544303794,True,False,True,False
7939_01,False,0.34177215189873417,False,True,False,False
7940_01,False,0.5063291139240507,False,True,False,False
7941_01,False,0.5189873417721519,False,False,True,False
7943_01,True,0.20253164556962025,True,False,True,False
7943_02,False,0.45569620253164556,True,False,True,False
7944_01,False,0.18987341772151897,False,False,True,False
7944_02,True,0.49367088607594933,True,False,True,False
7945_01,True,0.26582278481012656,True,False,False,True
7946_01,False,0.3037974683544304,True,True,False,False
7947_01,False,0.35443037974683544,False,False,False,True
7949_01,False,0.5949367088607594,False,True,False,False
7950_01,False,0.6962025316455696,False,True,False,False
7950_02,True,0.3649105122463968,True,True,False,False
7950_03,False,0.27848101265822783,True,True,False,False
7950_04,True,0.3291139240506329,True,True,False,False
7952_01,False,0.7848101265822784,False,False,False,True
7952_02,False,0.6708860759493671,False,False,False,True
7954_01,False,0.3670886075949367,False,True,False,False
7955_01,False,0.26582278481012656,False,True,False,False
7957_01,True,0.22784810126582278,True,True,False,False
7958_01,True,0.43037974683544306,True,False,False,True
7960_01,False,0.24050632911392406,False,True,False,False
7962_01,False,0.17721518987341772,False,True,False,False
7967_01,False,0.26582278481012656,False,True,False,False
7968_01,False,0.6962025316455696,True,False,False,True
7970_01,False,0.22784810126582278,True,False,True,False
7972_01,True,0.4177215189873418,True,False,True,False
7972_02,False,0.4430379746835443,False,False,True,False
7973_01,True,0.3924050632911392,True,True,False,False
7974_01,False,0.34177215189873417,False,False,True,False
7974_02,False,0.3649105122463968,False,False,True,False
7976_01,True,0.16455696202531644,True,True,False,False
7981_01,False,0.3037974683544304,False,True,False,False
7981_02,False,0.27848101265822783,False,True,False,False
7982_01,True,0.4050632911392405,False,False,True,False
7982_02,True,0.22784810126582278,True,False,True,False
7983_01,True,0.6708860759493671,True,False,True,False
7984_01,False,0.05063291139240506,True,False,False,True
7984_02,True,0.3037974683544304,True,False,False,True
7984_03,False,0.2911392405063291,True,False,False,True
7984_04,False,0.012658227848101266,True,False,False,True
7985_01,False,0.22784810126582278,True,True,False,False
7986_01,False,0.26582278481012656,False,False,False,True
7987_01,False,0.5063291139240507,False,False,False,True
7988_01,True,0.620253164556962,True,False,True,False
7989_01,True,0.31645569620253167,False,True,False,False
7990_01,True,0.26582278481012656,True,True,False,False
7993_01,True,0.5063291139240507,True,False,True,False
7993_02,True,0.5949367088607594,True,False,True,False
7994_01,False,0.31645569620253167,False,True,False,False
7995_01,True,0.45569620253164556,True,False,True,False
7996_01,False,0.49367088607594933,False,True,False,False
7999_01,True,0.3291139240506329,True,False,True,False
8000_01,False,0.0,True,True,False,False
8000_02,True,0.17721518987341772,True,True,False,False
8003_01,False,0.08860759493670886,True,False,False,True
8004_01,True,0.6329113924050633,True,False,False,True
8005_01,False,0.27848101265822783,False,True,False,False
8005_02,True,0.21518987341772153,True,True,False,False
8005_03,False,0.4430379746835443,False,True,False,False
8006_01,False,0.27848101265822783,False,True,False,False
8007_01,False,0.3291139240506329,False,True,False,False
8007_02,False,0.3037974683544304,True,True,False,False
8010_01,False,0.7468354430379747,True,False,True,False
8012_01,True,0.3037974683544304,True,False,False,True
8012_02,False,0.21518987341772153,False,False,False,True
8012_03,True,0.35443037974683544,True,False,False,True
8014_01,True,0.4810126582278481,True,True,False,False
8015_01,False,0.02531645569620253,True,False,True,False
8015_02,False,0.45569620253164556,False,False,True,False
8015_03,True,0.4050632911392405,True,False,True,False
8016_01,False,0.18987341772151897,False,True,False,False
8018_01,False,0.6835443037974683,False,True,False,False
8019_01,True,0.22784810126582278,True,False,False,True
8020_01,False,0.27848101265822783,False,True,False,False
8021_01,True,0.2911392405063291,False,True,False,False
8023_01,False,0.17721518987341772,True,False,True,False
8023_02,True,0.3291139240506329,True,False,True,False
8024_01,False,0.9240506329113924,False,True,False,False
8025_01,False,0.3670886075949367,True,False,True,False
8026_01,True,0.3670886075949367,True,False,False,True
8027_01,False,0.1518987341772152,False,True,False,False
8027_02,False,0.34177215189873417,False,True,False,False
8029_01,False,0.3924050632911392,False,True,False,False
8030_01,True,0.3291139240506329,False,True,False,False
8031_01,True,0.4430379746835443,True,False,True,False
8032_01,True,0.31645569620253167,True,False,True,False
8032_02,True,0.5063291139240507,True,False,True,False
8034_01,True,0.22784810126582278,False,False,False,True
8034_02,False,0.6582278481012658,False,False,False,True
8035_01,True,0.4430379746835443,True,False,False,True
8036_01,False,0.6455696202531646,False,True,False,False
8036_02,False,0.4430379746835443,False,True,False,False
8037_01,False,0.17721518987341772,False,True,False,False
8038_01,True,0.3649105122463968,True,False,True,False
8038_02,True,0.3291139240506329,True,False,True,False
8042_01,True,0.26582278481012656,False,True,False,False
8043_01,False,0.569620253164557,True,False,True,False
8043_02,False,0.3670886075949367,True,False,True,False
8043_03,False,0.49367088607594933,True,False,True,False
8043_04,True,0.46835443037974683,True,False,True,False
8046_01,True,0.27848101265822783,True,True,False,False
8049_01,False,0.27848101265822783,False,True,False,False
8050_01,False,0.37974683544303794,False,True,False,False
8050_02,True,0.012658227848101266,True,True,False,False
8050_03,True,0.0,True,True,False,False
8052_01,False,0.11392405063291139,False,True,False,False
8052_02,False,0.22784810126582278,False,True,False,False
8053_01,False,0.3670886075949367,False,False,False,True
8054_01,False,0.6582278481012658,False,False,False,True
8055_01,False,0.34177215189873417,False,True,False,False
8056_01,False,0.6835443037974683,False,False,True,False
8056_02,False,0.35443037974683544,True,False,True,False
8057_01,True,0.8227848101265822,True,False,True,False
8057_02,True,0.3291139240506329,True,False,True,False
8058_01,False,0.3670886075949367,False,True,False,False
8059_01,False,0.25316455696202533,False,True,False,False
8060_01,False,0.49367088607594933,False,False,False,True
8060_02,True,0.46835443037974683,True,False,False,True
8063_01,False,0.25316455696202533,False,True,False,False
8064_01,True,0.5063291139240507,True,False,False,True
8064_02,False,0.0,True,False,False,True
8064_03,True,0.4177215189873418,False,False,False,True
8066_01,True,0.2911392405063291,True,False,False,True
8067_01,False,0.4050632911392405,False,True,False,False
8068_01,False,0.25316455696202533,False,True,False,False
8069_01,True,0.7594936708860759,True,False,True,False
8071_01,False,0.6708860759493671,True,True,False,False
8072_01,True,0.3291139240506329,True,False,True,False
8072_02,False,0.4430379746835443,False,False,True,False
8075_01,False,0.24050632911392406,False,True,False,False
8076_01,False,0.5443037974683544,False,False,True,False
8076_02,False,0.3670886075949367,False,False,True,False
8077_01,False,0.25316455696202533,False,True,False,False
8078_01,False,0.24050632911392406,False,True,False,False
8079_01,False,0.26582278481012656,True,True,False,False
8081_01,False,0.49367088607594933,True,False,True,False
8082_01,True,0.1518987341772152,False,True,False,False
8082_02,False,0.25316455696202533,True,True,False,False
8083_01,False,0.22784810126582278,False,True,False,False
8084_01,False,0.3924050632911392,False,False,True,False
8085_01,False,0.4430379746835443,False,True,False,False
8086_01,True,0.5569620253164557,True,True,False,False
8087_01,False,0.7848101265822784,True,False,True,False
8088_01,False,0.2911392405063291,False,False,False,True
8088_02,False,0.2911392405063291,False,False,False,True
8089_01,False,0.24050632911392406,True,True,False,False
8091_01,False,0.3670886075949367,False,True,False,False
8092_01,False,0.3924050632911392,True,False,True,False
8092_02,True,0.4177215189873418,True,False,True,False
8092_03,False,0.5189873417721519,False,False,True,False
8094_01,False,0.7594936708860759,True,False,True,False
8097_01,True,0.5189873417721519,True,False,True,False
8098_01,False,0.8734177215189873,False,False,True,False
8098_02,False,0.5569620253164557,True,False,True,False
8098_03,True,0.22784810126582278,True,False,True,False
8098_04,False,0.3291139240506329,True,False,True,False
8102_01,False,0.37974683544303794,False,True,False,False
8103_01,False,0.43037974683544306,False,False,False,True
8105_01,False,0.22784810126582278,False,True,False,False
8106_01,True,0.620253164556962,True,True,False,False
8107_01,False,0.8987341772151899,False,True,False,False
8108_01,False,0.24050632911392406,False,True,False,False
8112_01,False,0.2911392405063291,False,True,False,False
8115_01,True,0.3924050632911392,True,False,True,False
8115_02,True,0.5063291139240507,True,False,True,False
8116_01,False,0.35443037974683544,False,False,False,True
8117_01,True,0.21518987341772153,True,False,True,False
8117_02,False,0.3037974683544304,False,False,True,False
8117_03,True,0.6835443037974683,True,False,True,False
8118_01,True,0.26582278481012656,False,True,False,False
8119_01,True,0.02531645569620253,False,True,False,False
8119_02,False,0.25316455696202533,True,True,False,False
8119_03,False,0.25316455696202533,False,True,False,False
8120_01,False,0.45569620253164556,True,False,True,False
8121_01,True,0.31645569620253167,True,True,False,False
8122_01,False,0.7341772151898734,False,False,True,False
8122_02,False,0.46835443037974683,True,False,True,False
8122_03,False,0.3291139240506329,False,False,True,False
8123_01,True,0.569620253164557,False,True,False,False
8124_01,False,0.5569620253164557,False,True,False,False
8128_01,True,0.3037974683544304,True,False,False,True
8129_01,True,0.16455696202531644,True,True,False,False
8129_02,False,0.05063291139240506,True,True,False,False
8129_03,False,0.3037974683544304,False,True,False,False
8129_04,False,0.34177215189873417,False,True,False,False
8129_05,False,0.49367088607594933,False,True,False,False
8130_01,True,0.2911392405063291,False,True,False,False
8130_02,False,0.05063291139240506,False,True,False,False
8130_03,True,0.0,False,True,False,False
8131_01,True,0.27848101265822783,True,False,False,True
8133_01,False,0.34177215189873417,False,False,False,True
8135_01,True,0.27848101265822783,True,False,True,False
8136_01,True,0.3291139240506329,True,False,True,False
8136_02,False,0.7594936708860759,False,False,True,False
8137_01,False,0.22784810126582278,False,True,False,False
8138_01,True,0.25316455696202533,False,True,False,False
8139_01,False,0.31645569620253167,True,True,False,False
8140_01,True,0.3037974683544304,True,True,False,False
8141_01,True,0.4810126582278481,True,True,False,False
8143_01,False,0.22784810126582278,True,True,False,False
8144_01,True,0.569620253164557,True,False,True,False
8144_02,False,0.16455696202531644,False,False,True,False
8144_03,False,0.35443037974683544,True,False,True,False
8144_04,False,0.06329113924050633,True,False,True,False
8147_01,False,0.25316455696202533,False,True,False,False
8147_02,True,0.02531645569620253,True,True,False,False
8147_03,False,0.5316455696202531,False,True,False,False
8147_04,False,0.0,True,True,False,False
8148_01,False,0.22784810126582278,False,True,False,False
8149_01,True,0.3291139240506329,False,True,False,False
8150_01,True,0.0379746835443038,True,False,False,True
8150_02,True,0.620253164556962,True,False,False,True
8150_03,False,0.24050632911392406,False,False,False,True
8152_01,True,0.24050632911392406,False,True,False,False
8153_01,True,0.18987341772151897,False,True,False,False
8156_01,False,0.6708860759493671,False,True,False,False
8157_01,False,0.0,True,True,False,False
8157_02,False,0.49367088607594933,False,True,False,False
8157_03,False,0.569620253164557,False,True,False,False
8157_04,True,0.12658227848101267,True,True,False,False
8157_05,False,0.012658227848101266,True,True,False,False
8157_06,False,0.11392405063291139,True,True,False,False
8158_01,False,0.5063291139240507,False,False,False,True
8159_01,False,0.3291139240506329,False,True,False,False
8161_01,False,0.22784810126582278,False,True,False,False
8162_01,False,0.5949367088607594,False,False,True,False
8164_01,False,0.3924050632911392,False,True,False,False
8165_01,False,0.3649105122463968,False,False,False,True
8167_01,True,0.2911392405063291,True,True,False,False
8168_01,False,0.4050632911392405,False,True,False,False
8168_02,False,0.4050632911392405,False,True,False,False
8168_03,False,0.26582278481012656,False,True,False,False
8168_04,False,0.3649105122463968,False,True,False,False
8168_05,False,0.27848101265822783,False,True,False,False
8168_06,False,0.22784810126582278,True,True,False,False
8168_07,True,0.35443037974683544,True,True,False,False
8168_08,True,0.4810126582278481,True,True,False,False
8171_01,False,0.5822784810126582,False,True,False,False
8173_01,False,0.5569620253164557,True,False,True,False
8175_01,True,0.4810126582278481,True,False,True,False
8176_01,False,0.35443037974683544,False,False,True,False
8177_01,False,0.3924050632911392,False,True,False,False
8178_01,True,0.22784810126582278,True,True,False,False
8182_01,False,0.22784810126582278,False,True,False,False
8186_01,False,0.05063291139240506,True,True,False,False
8186_02,True,0.0,True,True,False,False
8186_03,False,0.0,False,True,False,False
8186_04,True,0.2911392405063291,False,True,False,False
8189_01,False,0.4430379746835443,False,False,True,False
8190_01,True,0.5443037974683544,True,False,True,False
8191_01,False,0.22784810126582278,False,True,False,False
8192_01,False,0.22784810126582278,False,True,False,False
8194_01,False,0.22784810126582278,True,True,False,False
8197_01,False,0.620253164556962,False,True,False,False
8199_01,False,0.24050632911392406,False,True,False,False
8200_01,True,0.27848101265822783,True,True,False,False
8202_01,False,0.05063291139240506,True,False,True,False
8202_02,False,0.0,True,False,True,False
8202_03,True,0.3649105122463968,True,True,False,False
8202_04,False,0.49367088607594933,True,False,True,False
8202_05,False,0.45569620253164556,False,False,True,False
8202_06,True,0.6708860759493671,True,False,True,False
8203_01,False,0.2911392405063291,False,False,True,False
8203_02,True,0.3037974683544304,True,False,True,False
8204_01,False,0.31645569620253167,False,False,True,False
8204_02,False,0.37974683544303794,False,False,True,False
8205_01,False,0.25316455696202533,False,True,False,False
8207_01,True,0.5063291139240507,True,False,False,True
8208_01,True,0.22784810126582278,True,True,False,False
8209_01,False,0.7215189873417721,True,True,False,False
8210_01,False,0.5949367088607594,False,False,False,True
8211_01,True,0.3291139240506329,True,True,False,False
8212_01,False,0.3670886075949367,False,True,False,False
8213_01,False,0.4050632911392405,False,True,False,False
8214_01,True,0.37974683544303794,True,False,True,False
8216_01,False,0.22784810126582278,True,True,False,False
8217_01,False,0.620253164556962,False,True,False,False
8218_01,True,0.4177215189873418,True,False,True,False
8219_01,False,0.22784810126582278,False,True,False,False
8220_01,False,0.3670886075949367,True,False,True,False
8221_01,True,0.43037974683544306,True,False,False,True
8222_01,False,0.5443037974683544,False,False,False,True
8222_02,False,0.22784810126582278,True,False,False,True
8224_01,True,0.3924050632911392,False,True,False,False
8225_01,False,0.18987341772151897,False,False,False,True
8226_01,True,0.0379746835443038,True,False,False,True
8226_02,True,0.46835443037974683,True,False,False,True
8226_03,True,0.012658227848101266,True,False,False,True
8227_01,False,0.34177215189873417,True,True,False,False
8229_01,True,0.18987341772151897,True,True,False,False
8231_01,False,0.4177215189873418,True,True,False,False
8231_02,False,0.8227848101265822,False,True,False,False
8232_01,False,0.24050632911392406,False,True,False,False
8233_01,False,0.37974683544303794,False,True,False,False
8233_02,False,0.46835443037974683,False,True,False,False
8235_01,False,0.18987341772151897,False,True,False,False
8237_01,False,0.24050632911392406,False,True,False,False
8238_01,False,0.25316455696202533,False,True,False,False
8238_02,True,0.24050632911392406,False,True,False,False
8239_01,False,0.26582278481012656,False,True,False,False
8242_01,False,0.25316455696202533,True,True,False,False
8243_01,False,0.22784810126582278,False,True,False,False
8244_01,False,0.34177215189873417,False,True,False,False
8247_01,False,0.2911392405063291,True,False,True,False
8248_01,True,0.31645569620253167,False,True,False,False
8248_02,False,0.9113924050632911,False,True,False,False
8251_01,True,0.4430379746835443,True,True,False,False
8252_01,False,0.3670886075949367,False,True,False,False
8252_02,False,0.13924050632911392,False,True,False,False
8252_03,True,0.08860759493670886,False,True,False,False
8254_01,True,0.3649105122463968,True,False,False,True
8255_01,False,0.35443037974683544,False,True,False,False
8257_01,False,0.5189873417721519,False,False,False,True
8259_01,False,0.3649105122463968,False,True,False,False
8260_01,False,0.24050632911392406,False,True,False,False
8260_02,False,0.10126582278481013,True,True,False,False
8260_03,True,0.05063291139240506,True,True,False,False
8261_01,True,0.4810126582278481,False,True,False,False
8264_01,False,0.26582278481012656,True,False,False,True
8265_01,True,0.22784810126582278,False,True,False,False
8266_01,True,0.12658227848101267,True,True,False,False
8267_01,False,0.3670886075949367,False,False,False,True
8267_02,True,0.31645569620253167,True,False,False,True
8268_01,True,0.5063291139240507,True,False,True,False
8268_02,False,0.24050632911392406,False,False,True,False
8270_01,False,0.4810126582278481,True,False,False,True
8271_01,False,0.24050632911392406,True,True,False,False
8272_01,False,0.0,True,False,False,True
8272_02,True,0.05063291139240506,True,False,False,True
8272_03,True,0.3670886075949367,True,False,False,True
8273_01,False,0.5822784810126582,False,True,False,False
8275_01,True,0.4050632911392405,True,False,False,True
8276_01,False,0.3291139240506329,True,False,True,False
8276_02,True,0.2911392405063291,True,False,True,False
8277_01,True,0.4050632911392405,True,True,False,False
8279_01,False,0.3924050632911392,True,True,False,False
8280_01,False,0.43037974683544306,True,True,False,False
8281_01,False,0.569620253164557,False,True,False,False
8282_01,False,0.7721518987341772,False,True,False,False
8287_01,False,0.26582278481012656,False,False,False,True
8288_01,False,0.3649105122463968,False,False,False,True
8288_02,False,0.18987341772151897,False,False,False,True
8289_01,True,0.17721518987341772,False,True,False,False
8291_01,True,0.22784810126582278,True,True,False,False
8292_01,True,0.49367088607594933,True,False,True,False
8294_01,True,0.7848101265822784,True,False,False,True
8295_01,False,0.5063291139240507,False,False,False,True
8297_01,False,0.26582278481012656,False,True,False,False
8298_01,True,0.1518987341772152,True,False,False,True
8300_01,False,0.34177215189873417,True,False,True,False
8301_01,False,0.35443037974683544,False,False,True,False
8302_01,False,0.0,True,True,False,False
8302_02,False,0.21518987341772153,False,True,False,False
8303_01,False,0.2911392405063291,False,False,False,True
8306_01,False,0.0759493670886076,True,True,False,False
8306_02,True,0.3670886075949367,True,True,False,False
8306_03,False,0.5189873417721519,False,True,False,False
8307_01,False,0.34177215189873417,True,False,True,False
8307_02,True,0.43037974683544306,True,False,True,False
8310_01,True,0.45569620253164556,True,False,True,False
8313_01,False,0.37974683544303794,False,True,False,False
8314_01,False,0.37974683544303794,False,False,True,False
8314_02,False,0.3670886075949367,True,True,False,False
8315_01,False,0.26582278481012656,False,True,False,False
8316_01,False,0.26582278481012656,False,True,False,False
8317_01,False,0.22784810126582278,False,True,False,False
8318_01,True,0.13924050632911392,True,False,False,True
8318_02,False,0.8227848101265822,False,False,False,True
8318_03,False,0.31645569620253167,False,False,False,True
8318_04,True,0.0,True,False,False,True
8319_01,False,0.3037974683544304,False,True,False,False
8320_01,True,0.24050632911392406,True,True,False,False
8321_01,False,0.2911392405063291,False,True,False,False
8322_01,False,0.569620253164557,False,False,True,False
8322_02,True,0.6582278481012658,True,True,False,False
8323_01,False,0.6962025316455696,True,True,False,False
8324_01,True,0.3037974683544304,False,True,False,False
8326_01,False,0.3924050632911392,False,True,False,False
8328_01,True,0.22784810126582278,False,True,False,False
8329_01,True,0.27848101265822783,False,True,False,False
8330_01,False,0.49367088607594933,False,True,False,False
8332_01,True,0.24050632911392406,True,True,False,False
8333_01,False,0.4177215189873418,False,False,True,False
8334_01,True,0.17721518987341772,True,True,False,False
8335_01,False,0.37974683544303794,False,False,False,True
8336_01,True,0.37974683544303794,True,False,False,True
8338_01,True,0.26582278481012656,True,False,False,True
8338_02,False,0.569620253164557,False,False,False,True
8338_03,True,0.21518987341772153,True,False,False,True
8339_01,False,0.49367088607594933,False,False,True,False
8339_02,False,0.27848101265822783,False,False,True,False
8341_01,False,0.46835443037974683,False,True,False,False
8342_01,False,0.6075949367088608,True,False,True,False
8342_02,True,0.4177215189873418,True,False,True,False
8342_03,False,0.46835443037974683,False,False,True,False
8343_01,False,0.34177215189873417,False,True,False,False
8344_01,True,0.3670886075949367,True,False,False,True
8344_02,False,0.4810126582278481,True,False,False,True
8344_03,True,0.20253164556962025,True,False,False,True
8345_01,False,0.22784810126582278,False,True,False,False
8346_01,False,0.3649105122463968,False,True,False,False
8348_01,True,0.5949367088607594,True,False,False,True
8354_01,True,0.18987341772151897,True,False,True,False
8354_02,True,0.16455696202531644,True,False,True,False
8356_01,True,0.24050632911392406,False,True,False,False
8360_01,True,0.21518987341772153,True,False,True,False
8360_02,True,0.3924050632911392,True,False,True,False
8362_01,False,0.24050632911392406,True,True,False,False
8363_01,False,0.31645569620253167,False,False,True,False
8363_02,False,0.3291139240506329,False,False,True,False
8365_01,True,0.31645569620253167,True,True,False,False
8366_01,False,0.02531645569620253,False,True,False,False
8366_02,False,0.08860759493670886,False,True,False,False
8366_03,True,0.02531645569620253,True,True,False,False
8366_04,False,0.24050632911392406,False,True,False,False
8366_05,False,0.012658227848101266,False,True,False,False
8368_01,True,0.05063291139240506,True,True,False,False
8368_02,False,0.620253164556962,True,True,False,False
8369_01,True,0.7721518987341772,True,False,False,True
8369_02,False,0.7215189873417721,True,False,False,True
8371_01,False,0.6582278481012658,True,True,False,False
8373_01,False,0.27848101265822783,False,True,False,False
8374_01,True,0.46835443037974683,True,False,True,False
8375_01,False,0.18987341772151897,True,True,False,False
8376_01,True,0.35443037974683544,True,False,False,True
8377_01,False,0.5063291139240507,False,False,False,True
8378_01,False,0.16455696202531644,False,True,False,False
8379_01,False,0.3037974683544304,False,True,False,False
8380_01,True,0.31645569620253167,True,True,False,False
8381_01,False,0.31645569620253167,False,True,False,False
8382_01,False,0.5443037974683544,False,False,True,False
8383_01,True,0.5822784810126582,False,True,False,False
8383_02,True,0.0379746835443038,False,True,False,False
8383_03,False,0.0379746835443038,True,True,False,False
8383_04,True,0.0379746835443038,True,True,False,False
8383_05,False,0.10126582278481013,False,True,False,False
8383_06,False,0.7215189873417721,True,True,False,False
8383_07,False,0.13924050632911392,False,True,False,False
8384_01,False,0.25316455696202533,False,True,False,False
8386_01,False,0.34177215189873417,False,True,False,False
8388_01,False,0.25316455696202533,True,True,False,False
8390_01,True,0.17721518987341772,True,True,False,False
8392_01,False,0.3037974683544304,False,True,False,False
8393_01,False,0.26582278481012656,False,True,False,False
8394_01,False,0.4177215189873418,False,False,True,False
8395_01,False,0.4050632911392405,False,False,True,False
8397_01,False,0.27848101265822783,True,True,False,False
8398_01,True,0.18987341772151897,True,False,True,False
8398_02,True,0.5189873417721519,True,False,True,False
8401_01,True,0.3924050632911392,True,False,True,False
8403_01,True,0.4430379746835443,True,False,True,False
8404_01,True,0.6075949367088608,True,True,False,False
8404_02,True,0.18987341772151897,True,True,False,False
8405_01,False,0.46835443037974683,True,True,False,False
8406_01,False,0.26582278481012656,False,False,False,True
8407_01,False,0.43037974683544306,False,True,False,False
8409_01,True,0.24050632911392406,False,True,False,False
8410_01,False,0.6582278481012658,False,True,False,False
8411_01,False,0.18987341772151897,True,True,False,False
8414_01,False,0.3037974683544304,False,True,False,False
8416_01,False,0.569620253164557,True,True,False,False
8418_01,True,0.16455696202531644,True,False,True,False
8418_02,False,0.22784810126582278,False,False,True,False
8419_01,False,0.24050632911392406,True,True,False,False
8419_02,True,0.25316455696202533,True,True,False,False
8420_01,False,0.25316455696202533,False,True,False,False
8421_01,False,0.34177215189873417,True,True,False,False
8423_01,False,0.27848101265822783,False,True,False,False
8427_01,True,0.21518987341772153,False,True,False,False
8429_01,True,0.2911392405063291,True,True,False,False
8430_01,False,0.3670886075949367,False,True,False,False
8431_01,True,0.3037974683544304,True,False,True,False
8431_02,False,0.3291139240506329,False,False,True,False
8432_01,True,0.45569620253164556,False,True,False,False
8433_01,False,0.31645569620253167,True,True,False,False
8437_01,False,0.45569620253164556,False,True,False,False
8438_01,False,0.4050632911392405,False,False,False,True
8441_01,True,0.20253164556962025,True,True,False,False
8442_01,False,0.4050632911392405,False,False,False,True
8444_01,False,0.6075949367088608,False,True,False,False
8447_01,False,0.31645569620253167,False,True,False,False
8448_01,True,0.5822784810126582,True,False,True,False
8449_01,False,0.4050632911392405,False,False,True,False
8449_02,False,0.6329113924050633,True,False,True,False
8451_01,False,0.3924050632911392,False,False,False,True
8451_02,True,0.34177215189873417,True,False,False,True
8452_01,False,0.6582278481012658,False,False,True,False
8452_02,True,0.43037974683544306,True,False,True,False
8452_03,True,0.5063291139240507,True,False,True,False
8452_04,False,0.45569620253164556,True,False,True,False
8454_01,False,0.24050632911392406,False,True,False,False
8456_01,True,0.4177215189873418,True,False,True,False
8457_01,False,0.2911392405063291,False,True,False,False
8458_01,False,0.7215189873417721,False,False,True,False
8458_02,True,0.3037974683544304,True,False,True,False
8458_03,True,0.24050632911392406,True,False,True,False
8458_04,True,0.6835443037974683,True,False,True,False
8458_05,False,0.35443037974683544,True,False,True,False
8458_06,False,0.3291139240506329,True,False,True,False
8459_01,True,0.5443037974683544,False,True,False,False
8460_01,False,0.49367088607594933,False,True,False,False
8462_01,False,0.26582278481012656,True,True,False,False
8463_01,False,0.3037974683544304,False,True,False,False
8465_01,False,0.4430379746835443,False,False,False,True
8465_02,True,0.7721518987341772,True,False,False,True
8466_01,False,0.26582278481012656,False,True,False,False
8467_01,True,0.17721518987341772,True,True,False,False
8468_01,False,0.4810126582278481,False,False,False,True
8469_01,True,0.2911392405063291,True,True,False,False
8470_01,False,0.3924050632911392,False,False,True,False
8471_01,False,0.8354430379746836,False,False,True,False
8472_01,True,0.7088607594936709,False,True,False,False
8474_01,False,0.26582278481012656,False,True,False,False
8475_01,False,0.620253164556962,False,False,True,False
8475_02,False,0.26582278481012656,False,False,True,False
8476_01,False,0.34177215189873417,True,False,False,True
8477_01,False,0.2911392405063291,False,True,False,False
8479_01,False,0.34177215189873417,False,True,False,False
8480_01,False,0.620253164556962,False,True,False,False
8480_02,False,0.4810126582278481,False,True,False,False
8481_01,True,0.7594936708860759,True,False,True,False
8482_01,True,0.5949367088607594,False,True,False,False
8483_01,True,0.3670886075949367,True,False,True,False
8486_01,True,0.24050632911392406,True,True,False,False
8487_01,False,0.4050632911392405,False,False,True,False
8489_01,True,0.27848101265822783,True,True,False,False
8491_01,False,0.4430379746835443,True,False,False,True
8492_01,False,0.35443037974683544,True,True,False,False
8493_01,True,0.27848101265822783,False,True,False,False
8494_01,False,0.5316455696202531,True,False,False,True
8495_01,False,0.46835443037974683,True,False,True,False
8500_01,False,0.3924050632911392,True,False,False,True
8502_01,False,0.4177215189873418,False,False,False,True
8503_01,False,0.6075949367088608,False,False,True,False
8503_02,False,0.3924050632911392,False,False,True,False
8503_03,True,0.22784810126582278,True,False,True,False
8504_01,False,0.5569620253164557,True,True,False,False
8504_02,True,0.27848101265822783,True,True,False,False
8506_01,False,0.22784810126582278,False,True,False,False
8508_01,True,0.6075949367088608,True,False,False,True
8508_02,True,0.02531645569620253,True,False,False,True
8508_03,False,0.0,True,False,False,True
8509_01,False,0.5443037974683544,False,True,False,False
8511_01,False,0.6455696202531646,False,True,False,False
8512_01,False,0.6075949367088608,True,True,False,False
8514_01,False,0.6455696202531646,False,False,False,True
8516_01,False,0.25316455696202533,True,True,False,False
8521_01,False,0.5189873417721519,False,False,True,False
8522_01,False,0.34177215189873417,True,True,False,False
8523_01,False,0.7088607594936709,False,False,True,False
8524_01,True,0.3291139240506329,True,False,True,False
8528_01,False,0.26582278481012656,False,True,False,False
8530_01,False,0.3649105122463968,False,False,False,True
8535_01,False,0.2911392405063291,False,True,False,False
8536_01,False,0.35443037974683544,False,False,True,False
8537_01,True,0.5063291139240507,True,False,False,True
8537_02,False,0.49367088607594933,False,False,False,True
8537_03,True,0.20253164556962025,True,False,False,True
8539_01,False,0.25316455696202533,False,True,False,False
8540_01,False,0.3037974683544304,False,True,False,False
8541_01,False,0.569620253164557,False,False,False,True
8541_02,False,0.4177215189873418,True,False,False,True
8542_01,True,0.24050632911392406,False,False,False,True
8544_01,False,0.18987341772151897,False,True,False,False
8545_01,False,0.22784810126582278,False,True,False,False
8548_01,False,0.26582278481012656,False,True,False,False
8549_01,True,0.46835443037974683,True,False,False,True
8551_01,False,0.6708860759493671,False,False,True,False
8552_01,False,0.24050632911392406,False,False,False,True
8552_02,False,0.21518987341772153,False,False,False,True
8554_01,False,0.7341772151898734,True,True,False,False
8556_01,False,0.22784810126582278,False,False,True,False
8556_02,False,0.31645569620253167,True,False,True,False
8557_01,True,0.49367088607594933,True,False,True,False
8557_02,True,0.5063291139240507,True,False,True,False
8559_01,False,0.34177215189873417,False,False,False,True
8559_02,False,0.0379746835443038,True,False,False,True
8559_03,True,0.22784810126582278,True,False,False,True
8560_01,True,0.22784810126582278,True,True,False,False
8561_01,True,0.3670886075949367,False,True,False,False
8566_01,False,0.27848101265822783,False,True,False,False
8569_01,False,0.43037974683544306,True,False,True,False
8570_01,True,0.24050632911392406,False,True,False,False
8571_01,False,0.3291139240506329,False,False,False,True
8572_01,False,0.4177215189873418,False,False,True,False
8573_01,False,0.43037974683544306,True,True,False,False
8573_02,True,0.22784810126582278,True,True,False,False
8574_01,True,0.5063291139240507,True,False,False,True
8574_02,False,0.6708860759493671,False,False,False,True
8574_03,True,0.10126582278481013,True,False,False,True
8574_04,False,0.6835443037974683,False,False,False,True
8574_05,True,0.3670886075949367,True,False,False,True
8577_01,True,0.7088607594936709,True,False,False,True
8580_01,False,0.26582278481012656,False,True,False,False
8581_01,True,0.31645569620253167,True,False,True,False
8581_02,True,0.4177215189873418,True,False,True,False
8584_01,False,0.27848101265822783,False,True,False,False
8585_01,False,0.6329113924050633,False,False,False,True
8586_01,False,0.3037974683544304,False,False,False,True
8587_01,False,0.31645569620253167,False,True,False,False
8588_01,True,0.7468354430379747,True,False,False,True
8589_01,False,0.3291139240506329,False,False,True,False
8592_01,False,0.24050632911392406,False,False,True,False
8594_01,False,0.46835443037974683,False,True,False,False
8595_01,True,0.27848101265822783,True,False,False,True
8596_01,True,0.5569620253164557,True,False,True,False
8596_02,True,0.31645569620253167,True,False,True,False
8597_01,True,0.2911392405063291,True,True,False,False
8598_01,False,0.0759493670886076,True,True,False,False
8598_02,True,0.49367088607594933,True,True,False,False
8598_03,False,0.3291139240506329,False,True,False,False
8599_01,False,0.17721518987341772,False,True,False,False
8602_01,True,0.0379746835443038,False,True,False,False
8602_02,False,0.26582278481012656,False,True,False,False
8602_03,True,0.3037974683544304,False,True,False,False
8603_01,True,0.22784810126582278,False,True,False,False
8604_01,False,0.46835443037974683,False,False,False,True
8604_02,True,0.26582278481012656,True,False,False,True
8605_01,False,0.8481012658227848,False,False,True,False
8605_02,True,0.35443037974683544,True,False,True,False
8605_03,True,0.16455696202531644,True,False,True,False
8605_04,False,0.3291139240506329,False,False,True,False
8605_05,True,0.4177215189873418,True,False,True,False
8606_01,True,0.22784810126582278,False,True,False,False
8606_02,False,0.3037974683544304,False,True,False,False
8606_03,False,0.3291139240506329,False,True,False,False
8607_01,False,0.26582278481012656,True,True,False,False
8609_01,False,0.34177215189873417,False,True,False,False
8610_01,True,0.18987341772151897,True,True,False,False
8611_01,False,0.3037974683544304,False,True,False,False
8612_01,False,0.3924050632911392,False,True,False,False
8613_01,False,0.12658227848101267,True,True,False,False
8614_01,False,0.2911392405063291,True,True,False,False
8615_01,False,0.6329113924050633,True,True,False,False
8615_02,True,0.16455696202531644,True,True,False,False
8616_01,False,0.5443037974683544,False,False,False,True
8616_02,True,0.25316455696202533,True,False,False,True
8617_01,False,0.26582278481012656,True,True,False,False
8618_01,False,0.22784810126582278,False,False,True,False
8618_02,True,0.20253164556962025,True,False,True,False
8619_01,False,0.5949367088607594,False,False,True,False
8620_01,False,0.4430379746835443,False,False,False,True
8623_01,False,0.18987341772151897,False,True,False,False
8624_01,False,0.5822784810126582,False,True,False,False
8624_02,True,0.0759493670886076,False,True,False,False
8626_01,False,0.3291139240506329,False,True,False,False
8628_01,False,0.620253164556962,False,True,False,False
8629_01,True,0.35443037974683544,True,True,False,False
8631_01,True,0.46835443037974683,False,False,False,True
8633_01,False,0.21518987341772153,False,True,False,False
8634_01,False,0.4810126582278481,False,True,False,False
8635_01,False,0.22784810126582278,False,True,False,False
8636_01,True,0.6962025316455696,True,False,False,True
8637_01,True,0.35443037974683544,True,True,False,False
8637_02,False,0.31645569620253167,True,False,False,True
8637_03,False,0.21518987341772153,False,False,False,True
8638_01,True,0.27848101265822783,False,True,False,False
8638_02,False,0.05063291139240506,True,True,False,False
8638_03,False,0.0379746835443038,True,True,False,False
8639_01,True,0.26582278481012656,False,False,False,True
8639_02,False,0.3037974683544304,False,False,False,True
8640_01,False,0.6329113924050633,False,True,False,False
8641_01,False,0.0379746835443038,True,False,False,True
8641_02,False,0.24050632911392406,False,False,False,True
8641_03,True,0.27848101265822783,True,False,False,True
8642_01,False,0.25316455696202533,False,True,False,False
8643_01,False,0.22784810126582278,False,False,False,True
8644_01,False,0.34177215189873417,False,True,False,False
8644_02,False,0.3670886075949367,False,True,False,False
8645_01,False,0.2911392405063291,True,True,False,False
8646_01,True,0.6075949367088608,True,False,True,False
8646_02,False,0.4050632911392405,False,False,True,False
8646_03,True,0.6962025316455696,True,False,True,False
8646_04,False,0.620253164556962,False,False,True,False
8650_01,True,0.18987341772151897,True,True,False,False
8653_01,True,0.6329113924050633,True,True,False,False
8654_01,False,0.4430379746835443,False,True,False,False
8656_01,False,0.3670886075949367,False,False,True,False
8656_02,False,0.4810126582278481,False,False,True,False
8656_03,True,0.3670886075949367,True,False,True,False
8657_01,False,0.49367088607594933,True,False,False,True
8658_01,False,0.620253164556962,True,False,False,True
8658_02,False,0.49367088607594933,False,False,False,True
8659_01,False,0.24050632911392406,True,True,False,False
8661_01,False,0.24050632911392406,False,True,False,False
8663_01,False,0.17721518987341772,True,True,False,False
8663_02,True,0.5063291139240507,True,True,False,False
8664_01,False,0.5063291139240507,False,True,False,False
8667_01,False,0.25316455696202533,False,False,False,True
8668_01,True,0.0759493670886076,True,False,False,True
8668_02,False,0.5189873417721519,False,False,False,True
8668_03,False,0.46835443037974683,False,False,False,True
8669_01,False,0.3924050632911392,False,True,False,False
8669_02,False,0.10126582278481013,False,True,False,False
8669_03,False,0.6962025316455696,False,True,False,False
8670_01,True,0.20253164556962025,True,True,False,False
8671_01,False,0.3670886075949367,True,False,True,False
8672_01,False,0.5063291139240507,False,True,False,False
8673_01,True,0.34177215189873417,True,False,True,False
8674_01,False,0.26582278481012656,False,False,False,True
8675_01,True,0.31645569620253167,True,False,True,False
8680_01,False,0.5569620253164557,False,False,False,True
8681_01,False,0.43037974683544306,False,False,False,True
8681_02,False,0.012658227848101266,True,False,False,True
8681_03,False,0.012658227848101266,True,False,False,True
8683_01,False,0.5316455696202531,False,True,False,False
8684_01,False,0.22784810126582278,False,True,False,False
8685_01,True,0.26582278481012656,True,True,False,False
8687_01,False,0.3037974683544304,True,True,False,False
8688_01,False,0.3649105122463968,False,True,False,False
8691_01,True,0.22784810126582278,False,True,False,False
8693_01,True,0.34177215189873417,True,True,False,False
8694_01,True,0.16455696202531644,True,True,False,False
8694_02,False,0.12658227848101267,False,True,False,False
8694_03,True,0.10126582278481013,False,True,False,False
8695_01,False,0.5063291139240507,True,False,False,True
8696_01,True,0.4430379746835443,True,False,True,False
8700_01,False,0.16455696202531644,False,False,False,True
8701_01,False,0.24050632911392406,False,False,False,True
8703_01,False,0.5569620253164557,False,True,False,False
8704_01,True,0.45569620253164556,True,False,False,True
8704_02,False,0.3670886075949367,False,False,False,True
8708_01,False,0.35443037974683544,False,True,False,False
8709_01,False,0.45569620253164556,False,True,False,False
8710_01,False,0.3037974683544304,False,True,False,False
8712_01,True,0.17721518987341772,True,False,False,True
8714_01,False,0.6329113924050633,True,False,False,True
8716_01,False,0.25316455696202533,False,True,False,False
8717_01,False,0.4810126582278481,False,True,False,False
8719_01,False,0.4177215189873418,False,False,True,False
8719_02,False,0.6835443037974683,False,False,True,False
8719_03,False,0.25316455696202533,True,False,True,False
8720_01,False,0.2911392405063291,True,True,False,False
8721_01,True,0.8227848101265822,True,False,True,False
8722_01,True,0.6455696202531646,False,False,False,True
8722_02,False,0.45569620253164556,False,False,False,True
8723_01,False,0.4810126582278481,False,True,False,False
8727_01,False,0.35443037974683544,False,True,False,False
8728_01,False,0.4050632911392405,True,True,False,False
8728_02,False,0.6962025316455696,False,True,False,False
8728_03,False,0.2911392405063291,False,True,False,False
8728_04,False,0.4810126582278481,False,True,False,False
8728_05,True,0.22784810126582278,True,True,False,False
8728_06,True,0.4050632911392405,False,True,False,False
8728_07,False,0.5569620253164557,False,True,False,False
8728_08,False,0.7848101265822784,True,True,False,False
8729_01,False,0.8354430379746836,False,False,True,False
8729_02,False,0.25316455696202533,False,False,True,False
8732_01,False,0.24050632911392406,False,True,False,False
8733_01,False,0.3649105122463968,False,True,False,False
8734_01,False,0.31645569620253167,True,True,False,False
8735_01,False,0.25316455696202533,False,True,False,False
8736_01,True,0.22784810126582278,True,False,False,True
8736_02,False,0.25316455696202533,True,False,False,True
8741_01,True,0.17721518987341772,True,False,True,False
8741_02,False,0.620253164556962,True,False,True,False
8741_03,False,0.620253164556962,False,False,True,False
8743_01,False,0.24050632911392406,False,True,False,False
8744_01,False,0.6708860759493671,False,True,False,False
8749_01,False,0.3924050632911392,False,False,False,True
8750_01,False,0.22784810126582278,False,True,False,False
8751_01,False,0.3037974683544304,False,True,False,False
8752_01,False,0.4430379746835443,False,False,False,True
8753_01,False,0.34177215189873417,False,True,False,False
8753_02,False,0.4810126582278481,False,True,False,False
8753_03,False,0.2911392405063291,False,True,False,False
8754_01,False,0.27848101265822783,False,True,False,False
8755_01,True,0.4810126582278481,True,False,True,False
8757_01,False,0.35443037974683544,True,True,False,False
8759_01,False,0.31645569620253167,False,False,False,True
8759_02,False,0.569620253164557,False,False,False,True
8760_01,False,0.27848101265822783,False,True,False,False
8762_01,False,0.37974683544303794,True,True,False,False
8764_01,True,0.31645569620253167,True,False,False,True
8766_01,True,0.3037974683544304,True,False,False,True
8769_01,False,0.5569620253164557,True,False,False,True
8770_01,False,0.0759493670886076,False,True,False,False
8770_02,True,0.0,True,True,False,False
8770_03,False,0.17721518987341772,False,True,False,False
8770_04,False,0.46835443037974683,False,True,False,False
8770_05,False,0.18987341772151897,False,True,False,False
8770_06,False,0.0,True,True,False,False
8770_07,False,0.21518987341772153,True,True,False,False
8771_01,False,0.7341772151898734,False,True,False,False
8772_01,True,0.18987341772151897,True,False,True,False
8772_02,False,0.6708860759493671,False,False,True,False
8773_01,False,0.3670886075949367,False,False,False,True
8774_01,True,0.3037974683544304,True,True,False,False
8776_01,False,0.5063291139240507,True,True,False,False
8779_01,False,0.26582278481012656,False,True,False,False
8780_01,False,0.37974683544303794,False,True,False,False
8781_01,False,0.25316455696202533,False,True,False,False
8782_01,True,0.25316455696202533,True,False,False,True
8783_01,False,0.22784810126582278,False,False,False,True
8783_02,True,0.45569620253164556,True,False,False,True
8785_01,False,0.25316455696202533,False,True,False,False
8785_02,False,0.05063291139240506,True,True,False,False
8786_01,True,0.7468354430379747,True,False,True,False
8787_01,False,0.25316455696202533,False,True,False,False
8789_01,False,0.05063291139240506,False,True,False,False
8789_02,False,0.2911392405063291,True,True,False,False
8790_01,False,0.31645569620253167,True,False,True,False
8791_01,False,0.25316455696202533,False,True,False,False
8794_01,False,0.27848101265822783,True,True,False,False
8796_01,False,0.0759493670886076,True,True,False,False
8796_02,False,0.17721518987341772,False,True,False,False
8796_03,True,0.0,False,True,False,False
8796_04,True,0.05063291139240506,False,True,False,False
8796_05,False,0.46835443037974683,False,True,False,False
8796_06,False,0.17721518987341772,True,True,False,False
8796_07,False,0.43037974683544306,True,True,False,False
8796_08,True,0.0379746835443038,True,True,False,False
8797_01,False,0.22784810126582278,False,True,False,False
8798_01,False,0.34177215189873417,False,True,False,False
8799_01,False,0.24050632911392406,True,True,False,False
8801_01,False,0.46835443037974683,False,True,False,False
8802_01,True,0.3670886075949367,True,False,True,False
8805_01,False,0.46835443037974683,False,True,False,False
8806_01,False,0.4050632911392405,True,False,False,True
8807_01,False,0.27848101265822783,False,True,False,False
8808_01,False,0.4810126582278481,True,True,False,False
8809_01,False,0.3037974683544304,False,True,False,False
8811_01,False,0.7974683544303798,False,True,False,False
8812_01,True,0.2911392405063291,False,False,False,True
8813_01,False,0.5189873417721519,False,True,False,False
8815_01,False,0.25316455696202533,False,True,False,False
8816_01,True,0.6075949367088608,True,False,True,False
8816_02,True,0.5569620253164557,True,True,False,False
8816_03,True,0.18987341772151897,True,False,True,False
8816_04,True,0.3670886075949367,True,False,True,False
8816_05,False,0.810126582278481,False,False,True,False
8817_01,False,0.24050632911392406,False,True,False,False
8818_01,True,0.35443037974683544,True,True,False,False
8819_01,False,0.5569620253164557,False,True,False,False
8820_01,True,0.16455696202531644,True,True,False,False
8821_01,False,0.569620253164557,True,True,False,False
8822_01,False,0.31645569620253167,False,False,True,False
8823_01,True,0.24050632911392406,True,False,False,True
8824_01,False,0.3670886075949367,False,True,False,False
8825_01,True,0.26582278481012656,True,True,False,False
8826_01,False,0.16455696202531644,False,False,True,False
8826_02,False,0.31645569620253167,False,False,True,False
8826_03,False,0.5822784810126582,False,False,True,False
8827_01,False,0.46835443037974683,True,True,False,False
8828_01,False,0.24050632911392406,True,True,False,False
8830_01,False,0.3670886075949367,False,False,False,True
8830_02,True,0.26582278481012656,True,False,False,True
8831_01,True,0.16455696202531644,True,False,False,True
8833_01,True,0.18987341772151897,True,True,False,False
8834_01,False,0.5316455696202531,False,True,False,False
8835_01,True,0.3649105122463968,False,True,False,False
8836_01,False,0.3291139240506329,False,True,False,False
8836_02,True,0.24050632911392406,False,True,False,False
8838_01,False,0.22784810126582278,True,True,False,False
8840_01,False,0.6329113924050633,False,True,False,False
8841_01,True,0.35443037974683544,True,False,False,True
8842_01,False,0.3037974683544304,True,False,True,False
8843_01,False,0.3924050632911392,False,False,True,False
8844_01,False,0.24050632911392406,True,True,False,False
8845_01,False,0.25316455696202533,False,True,False,False
8845_02,False,0.2911392405063291,False,True,False,False
8848_01,False,0.24050632911392406,True,True,False,False
8849_01,True,0.34177215189873417,True,True,False,False
8850_01,False,0.20253164556962025,False,False,False,True
8852_01,True,0.9620253164556962,True,False,False,True
8852_02,False,0.5189873417721519,False,False,False,True
8853_01,False,0.3037974683544304,False,True,False,False
8854_01,True,0.1518987341772152,False,True,False,False
8856_01,True,0.35443037974683544,True,True,False,False
8858_01,False,0.45569620253164556,False,False,True,False
8860_01,True,0.25316455696202533,True,False,False,True
8860_02,True,0.08860759493670886,True,True,False,False
8860_03,True,0.26582278481012656,True,False,False,True
8860_04,False,0.4177215189873418,False,False,False,True
8861_01,False,0.4050632911392405,True,False,True,False
8862_01,False,0.43037974683544306,True,False,True,False
8862_02,False,0.4810126582278481,False,False,True,False
8862_03,True,0.3649105122463968,True,False,True,False
8862_04,True,0.35443037974683544,True,False,True,False
8862_05,True,0.31645569620253167,True,False,True,False
8863_01,False,0.3037974683544304,True,True,False,False
8864_01,True,0.22784810126582278,True,False,False,True
8865_01,False,0.3037974683544304,False,True,False,False
8867_01,True,0.37974683544303794,True,False,True,False
8867_02,True,0.4810126582278481,True,False,True,False
8868_01,False,0.49367088607594933,True,True,False,False
8869_01,True,0.3924050632911392,True,True,False,False
8871_01,False,0.4177215189873418,True,True,False,False
8871_02,True,0.18987341772151897,True,True,False,False
8872_01,True,0.2911392405063291,True,False,False,True
8874_01,True,0.3037974683544304,False,True,False,False
8876_01,False,0.5569620253164557,True,False,True,False
8878_01,False,0.27848101265822783,False,True,False,False
8880_01,True,0.35443037974683544,True,False,False,True
8881_01,False,0.43037974683544306,True,True,False,False
8883_01,False,0.10126582278481013,False,True,False,False
8884_01,False,0.3291139240506329,True,True,False,False
8885_01,False,0.3670886075949367,False,False,False,True
8886_01,False,0.7341772151898734,False,True,False,False
8886_02,True,0.05063291139240506,False,True,False,False
8886_03,False,0.012658227848101266,True,True,False,False
8889_01,False,0.21518987341772153,False,True,False,False
8890_01,False,0.34177215189873417,False,True,False,False
8891_01,False,0.3037974683544304,True,True,False,False
8891_02,False,0.20253164556962025,True,True,False,False
8892_01,False,0.35443037974683544,False,True,False,False
8894_01,True,0.2911392405063291,True,False,False,True
8896_01,True,0.4177215189873418,True,False,False,True
8897_01,True,0.3037974683544304,True,True,False,False
8899_01,False,0.0759493670886076,True,True,False,False
8900_01,False,0.24050632911392406,False,True,False,False
8901_01,True,0.3924050632911392,True,False,True,False
8902_01,False,0.24050632911392406,True,True,False,False
8903_01,False,0.22784810126582278,False,True,False,False
8904_01,False,0.4430379746835443,False,True,False,False
8905_01,False,0.4050632911392405,True,False,False,True
8906_01,False,0.24050632911392406,False,True,False,False
8907_01,True,0.3037974683544304,True,True,False,False
8910_01,False,0.4177215189873418,False,True,False,False
8918_01,False,0.25316455696202533,False,True,False,False
8919_01,False,0.34177215189873417,False,False,True,False
8920_01,False,0.3291139240506329,False,False,True,False
8922_01,True,0.35443037974683544,True,True,False,False
8923_01,False,0.24050632911392406,True,True,False,False
8926_01,False,0.3037974683544304,True,True,False,False
8928_01,True,0.6582278481012658,True,False,True,False
8930_01,False,0.2911392405063291,True,True,False,False
8932_01,False,0.2911392405063291,False,True,False,False
8937_01,True,0.31645569620253167,True,False,True,False
8938_01,True,0.27848101265822783,True,True,False,False
8938_02,True,0.4430379746835443,True,False,False,True
8939_01,True,0.3037974683544304,True,True,False,False
8940_01,False,0.3037974683544304,False,True,False,False
8941_01,False,0.3291139240506329,False,False,False,True
8941_02,False,0.46835443037974683,True,False,False,True
8941_03,False,0.17721518987341772,False,False,False,True
8942_01,False,0.45569620253164556,True,False,True,False
8944_01,True,0.0,True,True,False,False
8944_02,False,0.21518987341772153,True,True,False,False
8944_03,False,0.22784810126582278,False,True,False,False
8945_01,False,0.5443037974683544,False,False,True,False
8945_02,False,0.26582278481012656,False,False,True,False
8947_01,True,0.43037974683544306,True,False,False,True
8948_01,False,0.7215189873417721,False,False,True,False
8948_02,False,0.22784810126582278,True,False,True,False
8954_01,False,0.9240506329113924,False,True,False,False
8955_01,False,0.3924050632911392,False,True,False,False
8956_01,False,0.31645569620253167,False,True,False,False
8956_02,True,0.25316455696202533,True,True,False,False
8956_03,False,0.3037974683544304,False,True,False,False
8956_04,False,0.3649105122463968,False,True,False,False
8956_05,True,0.26582278481012656,False,True,False,False
8956_06,False,0.27848101265822783,False,True,False,False
8956_07,False,0.49367088607594933,False,True,False,False
8956_08,False,0.3291139240506329,False,True,False,False
8959_01,True,0.4050632911392405,True,False,True,False
8961_01,True,0.012658227848101266,True,True,False,False
8961_02,False,0.08860759493670886,False,True,False,False
8961_03,False,0.05063291139240506,False,True,False,False
8961_04,False,0.26582278481012656,False,True,False,False
8961_05,True,0.1518987341772152,False,True,False,False
8964_01,False,0.35443037974683544,False,False,False,True
8964_02,False,0.0,True,False,False,True
8964_03,True,0.22784810126582278,True,False,False,True
8966_01,False,0.6582278481012658,False,False,False,True
8967_01,False,0.22784810126582278,False,True,False,False
8968_01,True,0.6455696202531646,True,False,True,False
8969_01,False,0.26582278481012656,True,False,True,False
8970_01,False,0.35443037974683544,False,False,True,False
8972_01,True,0.43037974683544306,True,False,False,True
8973_01,True,0.16455696202531644,True,True,False,False
8975_01,False,0.4430379746835443,False,True,False,False
8975_02,False,0.34177215189873417,False,True,False,False
8976_01,False,0.4430379746835443,False,True,False,False
8977_01,False,0.6455696202531646,False,False,False,True
8978_01,False,0.6708860759493671,False,False,False,True
8981_01,False,0.3670886075949367,False,True,False,False
8982_01,False,0.5189873417721519,False,True,False,False
8983_01,False,0.5949367088607594,False,True,False,False
8985_01,False,0.27848101265822783,False,True,False,False
8986_01,False,0.24050632911392406,False,True,False,False
8986_02,False,0.27848101265822783,False,True,False,False
8987_01,True,0.31645569620253167,True,False,True,False
8988_01,True,0.3649105122463968,True,True,False,False
8988_02,True,0.21518987341772153,True,True,False,False
8988_03,True,0.0,True,True,False,False
8988_04,True,0.06329113924050633,False,True,False,False
8988_05,False,0.37974683544303794,False,True,False,False
8988_06,True,0.21518987341772153,True,True,False,False
8988_07,False,0.6708860759493671,False,True,False,False
8988_08,True,0.11392405063291139,False,True,False,False
8989_01,False,0.21518987341772153,True,False,True,False
8989_02,True,0.20253164556962025,True,False,True,False
8989_03,True,0.3670886075949367,True,False,True,False
8989_04,False,0.3670886075949367,False,False,True,False
8992_01,False,0.5822784810126582,False,False,False,True
8993_01,False,0.34177215189873417,False,True,False,False
8996_01,False,0.49367088607594933,False,False,True,False
8997_01,True,0.18987341772151897,True,True,False,False
8997_02,False,0.37974683544303794,False,True,False,False
8998_01,True,0.5189873417721519,False,True,False,False
8998_02,False,0.5949367088607594,False,True,False,False
8999_01,False,0.4050632911392405,False,False,False,True
9001_01,False,0.18987341772151897,False,True,False,False
9003_01,False,0.2911392405063291,True,True,False,False
9004_01,True,0.25316455696202533,True,False,True,False
9006_01,True,0.4177215189873418,True,False,True,False
9007_01,True,0.22784810126582278,False,True,False,False
9008_01,False,0.3924050632911392,False,True,False,False
9008_02,True,0.31645569620253167,False,True,False,False
9009_01,True,0.24050632911392406,True,True,False,False
9010_01,True,0.4050632911392405,True,False,False,True
9011_01,False,0.569620253164557,False,True,False,False
9012_01,False,0.5443037974683544,False,True,False,False
9013_01,False,0.26582278481012656,False,True,False,False
9013_02,False,0.6075949367088608,False,True,False,False
9013_03,False,0.0,True,True,False,False
9014_01,True,0.3670886075949367,True,False,True,False
9015_01,False,0.5189873417721519,False,False,True,False
9018_01,False,0.2911392405063291,False,True,False,False
9019_01,False,0.6075949367088608,False,True,False,False
9020_01,False,0.22784810126582278,True,True,False,False
9021_01,False,0.37974683544303794,True,False,False,True
9021_02,False,0.3291139240506329,False,False,False,True
9023_01,False,0.22784810126582278,True,True,False,False
9024_01,False,0.34177215189873417,True,False,False,True
9026_01,True,0.7341772151898734,True,True,False,False
9028_01,False,0.27848101265822783,False,True,False,False
9029_01,False,0.21518987341772153,False,False,False,True
9030_01,False,0.35443037974683544,False,True,False,False
9030_02,False,0.34177215189873417,False,True,False,False
9031_01,False,0.6455696202531646,False,True,False,False
9032_01,True,0.46835443037974683,False,False,False,True
9034_01,True,0.17721518987341772,True,False,True,False
9034_02,True,0.5443037974683544,True,False,True,False
9034_03,False,0.34177215189873417,False,False,True,False
9034_04,False,0.7594936708860759,True,False,True,False
9034_05,False,0.4177215189873418,False,False,True,False
9035_01,False,0.49367088607594933,False,True,False,False
9036_01,True,0.26582278481012656,True,True,False,False
9037_01,False,0.26582278481012656,False,False,False,True
9038_01,True,0.35443037974683544,True,False,True,False
9041_01,True,0.37974683544303794,True,True,False,False
9042_01,False,0.5316455696202531,True,False,True,False
9043_01,True,0.31645569620253167,True,True,False,False
9046_01,True,0.31645569620253167,True,False,True,False
9046_02,False,0.31645569620253167,False,False,True,False
9048_01,True,0.6835443037974683,False,True,False,False
9049_01,True,0.5189873417721519,True,False,True,False
9052_01,False,0.45569620253164556,False,True,False,False
9052_02,False,0.4177215189873418,False,True,False,False
9057_01,False,0.45569620253164556,False,False,True,False
9057_02,True,0.6962025316455696,True,False,True,False
9059_01,False,0.20253164556962025,False,True,False,False
9060_01,False,0.35443037974683544,False,True,False,False
9061_01,False,0.3291139240506329,False,False,False,True
9064_01,False,0.5316455696202531,False,True,False,False
9066_01,False,0.37974683544303794,False,True,False,False
9068_01,False,0.3924050632911392,False,False,True,False
9069_01,True,0.27848101265822783,True,False,True,False
9069_02,True,0.3291139240506329,True,False,True,False
9069_03,True,0.31645569620253167,True,False,True,False
9069_04,False,0.5569620253164557,True,False,True,False
9069_05,False,0.3670886075949367,False,False,True,False
9071_01,False,0.27848101265822783,False,True,False,False
9072_01,True,0.2911392405063291,True,True,False,False
9072_02,False,0.37974683544303794,False,False,False,True
9072_03,False,0.2911392405063291,False,False,False,True
9073_01,False,0.16455696202531644,False,False,True,False
9073_02,True,0.6708860759493671,True,False,True,False
9074_01,True,0.0,True,True,False,False
9074_02,False,0.34177215189873417,False,True,False,False
9074_03,True,0.34177215189873417,False,True,False,False
9074_04,True,0.12658227848101267,True,True,False,False
9074_05,True,0.02531645569620253,True,True,False,False
9074_06,False,0.06329113924050633,True,True,False,False
9075_01,False,0.3037974683544304,False,True,False,False
9076_01,False,0.4050632911392405,False,True,False,False
9077_01,False,0.27848101265822783,True,True,False,False
9077_02,True,0.27848101265822783,False,True,False,False
9078_01,False,0.5569620253164557,False,True,False,False
9079_01,False,0.6962025316455696,True,True,False,False
9080_01,False,0.27848101265822783,False,True,False,False
9081_01,False,0.10126582278481013,False,True,False,False
9081_02,False,0.18987341772151897,False,True,False,False
9081_03,True,0.012658227848101266,False,True,False,False
9081_04,False,0.11392405063291139,True,True,False,False
9081_05,False,0.6075949367088608,True,True,False,False
9081_06,False,0.20253164556962025,False,True,False,False
9081_07,True,0.34177215189873417,True,True,False,False
9081_08,True,0.0379746835443038,True,True,False,False
9084_01,False,0.31645569620253167,False,True,False,False
9085_01,False,0.8860759493670886,False,False,True,False
9085_02,False,0.37974683544303794,False,False,True,False
9085_03,True,0.7215189873417721,True,False,True,False
9089_01,False,0.5316455696202531,False,True,False,False
9094_01,True,0.17721518987341772,False,True,False,False
9094_02,False,0.5443037974683544,True,True,False,False
9097_01,True,0.43037974683544306,True,False,False,True
9098_01,False,0.26582278481012656,True,True,False,False
9099_01,False,0.4050632911392405,False,True,False,False
9101_01,False,0.26582278481012656,False,True,False,False
9103_01,False,0.31645569620253167,False,True,False,False
9104_01,True,0.31645569620253167,True,False,True,False
9106_01,False,0.4810126582278481,False,True,False,False
9107_01,True,0.45569620253164556,False,True,False,False
9108_01,True,0.5569620253164557,True,True,False,False
9108_02,False,0.46835443037974683,False,True,False,False
9110_01,False,0.5949367088607594,False,True,False,False
9111_01,False,0.4810126582278481,False,False,False,True
9112_01,False,0.35443037974683544,False,False,False,True
9114_01,True,0.4810126582278481,True,False,True,False
9115_01,False,0.6708860759493671,False,True,False,False
9116_01,False,0.3291139240506329,True,True,False,False
9118_01,False,0.16455696202531644,True,True,False,False
9118_02,False,0.810126582278481,True,True,False,False
9119_01,True,0.20253164556962025,False,True,False,False
9120_01,False,0.16455696202531644,False,True,False,False
9122_01,True,0.6962025316455696,False,True,False,False
9124_01,False,0.3291139240506329,False,False,False,True
9125_01,True,0.2911392405063291,True,False,False,True
9125_02,True,0.6962025316455696,True,False,False,True
9126_01,True,0.6329113924050633,True,False,False,True
9127_01,False,0.3291139240506329,False,True,False,False
9128_01,False,0.45569620253164556,False,True,False,False
9128_02,True,0.4177215189873418,False,True,False,False
9129_01,False,0.26582278481012656,False,True,False,False
9130_01,True,0.5189873417721519,True,False,False,True
9131_01,False,0.4177215189873418,False,False,True,False
9131_02,True,0.2911392405063291,True,False,True,False
9132_01,False,0.3924050632911392,False,False,False,True
9132_02,False,0.35443037974683544,False,False,False,True
9134_01,False,0.16455696202531644,False,True,False,False
9136_01,False,0.3649105122463968,False,True,False,False
9137_01,False,0.4430379746835443,False,False,False,True
9139_01,False,0.31645569620253167,False,False,False,True
9140_01,True,0.24050632911392406,True,True,False,False
9141_01,True,0.7088607594936709,True,False,True,False
9142_01,False,0.22784810126582278,False,True,False,False
9144_01,False,0.27848101265822783,False,True,False,False
9145_01,True,0.43037974683544306,False,True,False,False
9148_01,False,0.13924050632911392,False,True,False,False
9149_01,True,0.46835443037974683,True,False,True,False
9149_02,False,0.27848101265822783,False,False,True,False
9150_01,False,0.569620253164557,False,True,False,False
9151_01,True,0.24050632911392406,True,False,False,True
9152_01,True,0.49367088607594933,True,True,False,False
9156_01,True,0.35443037974683544,True,False,True,False
9157_01,False,0.45569620253164556,False,True,False,False
9157_02,True,0.012658227848101266,True,True,False,False
9157_03,False,0.12658227848101267,True,True,False,False
9157_04,False,0.1518987341772152,True,True,False,False
9157_05,False,0.3924050632911392,False,True,False,False
9157_06,False,0.1518987341772152,False,True,False,False
9157_07,True,0.0379746835443038,True,True,False,False
9158_01,True,0.37974683544303794,True,False,True,False
9159_01,False,0.5189873417721519,True,True,False,False
9160_01,False,0.24050632911392406,False,True,False,False
9161_01,True,0.4810126582278481,False,True,False,False
9161_02,True,0.45569620253164556,True,True,False,False
9163_01,True,0.0,True,True,False,False
9164_01,False,0.25316455696202533,False,False,False,True
9165_01,False,0.2911392405063291,False,True,False,False
9167_01,False,0.4430379746835443,False,True,False,False
9168_01,False,0.45569620253164556,False,False,True,False
9168_02,True,0.5189873417721519,True,False,True,False
9169_01,False,0.4810126582278481,True,False,False,True
9170_01,False,0.4177215189873418,False,True,False,False
9172_01,False,0.6835443037974683,False,True,False,False
9173_01,False,0.4177215189873418,False,True,False,False
9174_01,False,0.6835443037974683,True,True,False,False
9175_01,False,0.4050632911392405,True,False,True,False
9176_01,False,0.3037974683544304,True,True,False,False
9178_01,False,0.6708860759493671,False,True,False,False
9179_01,True,0.3291139240506329,True,True,False,False
9179_02,False,0.3924050632911392,False,True,False,False
9179_03,True,0.22784810126582278,False,True,False,False
9179_04,True,0.49367088607594933,True,True,False,False
9180_01,False,0.46835443037974683,False,False,False,True
9181_01,False,0.4430379746835443,True,True,False,False
9183_01,False,0.43037974683544306,False,False,True,False
9184_01,False,0.35443037974683544,False,True,False,False
9185_01,False,0.5443037974683544,True,True,False,False
9186_01,True,0.02531645569620253,True,False,False,True
9188_01,False,0.3037974683544304,False,True,False,False
9189_01,False,0.22784810126582278,False,True,False,False
9190_01,False,0.26582278481012656,True,True,False,False
9192_01,False,0.3037974683544304,True,True,False,False
9193_01,False,0.4430379746835443,False,True,False,False
9194_01,False,0.6708860759493671,False,True,False,False
9194_02,False,0.4050632911392405,False,False,True,False
9195_01,True,0.5569620253164557,True,False,False,True
9195_02,True,0.4177215189873418,True,False,False,True
9196_01,False,0.5063291139240507,True,False,True,False
9196_02,False,0.3924050632911392,True,False,True,False
9196_03,False,0.2911392405063291,False,False,True,False
9197_01,False,0.5569620253164557,True,False,True,False
9197_02,False,0.5189873417721519,False,False,True,False
9197_03,False,0.3924050632911392,True,False,True,False
9197_04,False,0.37974683544303794,False,False,True,False
9199_01,True,0.4177215189873418,True,False,True,False
9201_01,False,0.37974683544303794,True,True,False,False
9202_01,False,0.3291139240506329,False,False,True,False
9203_01,True,0.27848101265822783,True,False,False,True
9205_01,True,0.46835443037974683,True,False,True,False
9205_02,True,0.18987341772151897,True,False,True,False
9205_03,True,0.6582278481012658,True,False,True,False
9208_01,True,0.4430379746835443,True,True,False,False
9208_02,False,0.5063291139240507,False,True,False,False
9211_01,False,0.7594936708860759,False,True,False,False
9213_01,False,0.3037974683544304,True,True,False,False
9217_01,False,0.3924050632911392,True,True,False,False
9218_01,True,0.5443037974683544,True,False,True,False
9219_01,False,0.11392405063291139,False,True,False,False
9219_02,False,0.6455696202531646,True,True,False,False
9220_01,False,0.31645569620253167,False,True,False,False
9220_02,True,0.25316455696202533,True,True,False,False
9220_03,False,0.27848101265822783,True,True,False,False
9221_01,True,0.26582278481012656,False,True,False,False
9222_01,True,0.6329113924050633,True,False,False,True
9224_01,False,0.3037974683544304,False,False,False,True
9225_01,False,0.569620253164557,False,True,False,False
9226_01,False,0.27848101265822783,False,True,False,False
9227_01,True,0.08860759493670886,False,True,False,False
9227_02,True,0.13924050632911392,True,True,False,False
9227_03,True,0.012658227848101266,True,True,False,False
9227_04,True,0.0,True,True,False,False
9227_05,False,0.10126582278481013,False,True,False,False
9230_01,False,0.45569620253164556,True,False,True,False
9231_01,True,0.02531645569620253,True,False,False,True
9231_02,False,0.0,True,False,False,True
9231_03,False,0.27848101265822783,False,False,False,True
9233_01,False,0.5189873417721519,True,True,False,False
9234_01,False,0.620253164556962,False,True,False,False
9235_01,False,0.37974683544303794,True,True,False,False
9237_01,True,0.46835443037974683,False,True,False,False
9239_01,False,0.17721518987341772,False,False,False,True
9241_01,False,0.37974683544303794,False,False,False,True
9242_01,False,0.7848101265822784,True,True,False,False
9244_01,True,0.16455696202531644,True,True,False,False
9246_01,False,0.4050632911392405,True,True,False,False
9247_01,True,0.4177215189873418,False,True,False,False
9248_01,False,0.4810126582278481,True,True,False,False
9250_01,False,0.3670886075949367,True,False,True,False
9251_01,True,0.31645569620253167,True,False,False,True
9252_01,False,0.3291139240506329,True,False,True,False
9252_02,True,0.24050632911392406,True,False,True,False
9253_01,True,0.20253164556962025,True,True,False,False
9254_01,True,0.7721518987341772,False,True,False,False
9256_01,True,0.35443037974683544,True,True,False,False
9257_01,False,0.16455696202531644,False,True,False,False
9259_01,False,0.5569620253164557,True,True,False,False
9261_01,True,0.27848101265822783,False,True,False,False
9264_01,True,0.37974683544303794,True,False,True,False
9267_01,True,0.26582278481012656,True,False,True,False
9267_02,True,0.25316455696202533,True,False,True,False
9268_01,True,0.3924050632911392,True,True,False,False
9270_01,True,0.4177215189873418,True,True,False,False
9272_01,False,0.3291139240506329,True,True,False,False
9272_02,False,0.26582278481012656,False,True,False,False
9274_01,True,0.2911392405063291,True,True,False,False
9275_01,False,0.0,True,False,True,False
9275_02,False,0.4050632911392405,False,False,True,False
9275_03,False,0.37974683544303794,True,False,True,False
9276_01,False,0.5189873417721519,False,False,True,False
9278_01,True,0.22784810126582278,False,True,False,False
9279_01,False,0.3291139240506329,True,True,False,False
9280_01,False,0.4050632911392405,False,False,True,False
9280_02,False,0.5569620253164557,True,False,True,False
