Date,Adj Close,Volume
345427200.0,0.0988344699144363,469033600
345686400.0,0.0936782136559486,175884800
345772800.0,0.0868024080991745,105728000
345859200.0,0.0889508724212646,86441600
345945600.0,0.0915297642350196,73449600
346032000.0,0.0971156954765319,48630400
346291200.0,0.1018423289060592,37363200
346377600.0,0.1061399802565574,46950400
346464000.0,0.1117258593440055,48003200
346636800.0,0.1220391914248466,55574400
346896000.0,0.1237579360604286,93161600
346982400.0,0.1207501366734504,68880000
347068800.0,0.1173126175999641,35750400
347241600.0,0.1186016723513603,21660800
347500800.0,0.1160235404968261,35728000
347587200.0,0.1108664572238922,45158400
347673600.0,0.1061399802565574,55686400
347760000.0,0.1039915159344673,39827200
347846400.0,0.1095774844288826,21504000
348105600.0,0.1087180748581886,23699200
348192000.0,0.1048508659005165,23049600
348278400.0,0.1052805632352829,14291200
348364800.0,0.1074290350079536,14067200
348451200.0,0.1065696403384208,13395200
348710400.0,0.1130149289965629,41574400
348796800.0,0.1095774844288826,30083200
348883200.0,0.1117258593440055,15904000
348969600.0,0.1130149289965629,35548800
349056000.0,0.1125852763652801,11222400
349315200.0,0.1108664572238922,24640000
349401600.0,0.110007107257843,23699200
349488000.0,0.1065696403384208,28156800
349574400.0,0.1027024239301681,43904000
349660800.0,0.0971156954765319,46188800
349920000.0,0.0915297642350196,23766400
350006400.0,0.0949673056602478,19152000
350092800.0,0.0984047874808311,27865600
350179200.0,0.0984047874808311,7929600
350265600.0,0.0988344699144363,13865600
350524800.0,0.0936782136559486,16755200
350611200.0,0.0936782136559486,18345600
350697600.0,0.0906703919172287,13843200
350784000.0,0.0898102298378944,14560000
350870400.0,0.0876618102192878,11155200
351216000.0,0.0898102298378944,12275200
351302400.0,0.0936782136559486,19241600
351388800.0,0.0880915075540542,22310400
351475200.0,0.0833649113774299,24371200
351734400.0,0.0846539959311485,14112000
351820800.0,0.0816461816430091,16979200
351907200.0,0.0868024080991745,19488000
351993600.0,0.0880915075540542,10841600
352080000.0,0.0911000669002533,14761600
352339200.0,0.0915297642350196,11760000
352425600.0,0.0902406796813011,16172800
352512000.0,0.089380607008934,13708800
352598400.0,0.0889508724212646,5376000
352684800.0,0.0880915075540542,11603200
352944000.0,0.081216461956501,15321600
353030400.0,0.0773485004901886,28380800
353116800.0,0.0743406936526298,29859200
353203200.0,0.0773485004901886,59248000
353289600.0,0.0764891281723976,231302400
353548800.0,0.0794977098703384,37228800
353635200.0,0.0833649113774299,43747200
353721600.0,0.0885211899876594,36937600
353808000.0,0.0876618102192878,37811200
353894400.0,0.0885211899876594,14604800
354153600.0,0.0919594541192054,22019200
354240000.0,0.0915297642350196,28156800
354326400.0,0.0898102298378944,7056000
354412800.0,0.0880915075540542,12275200
354499200.0,0.0850837081670761,12252800
354758400.0,0.0850837081670761,9900800
354844800.0,0.0842242836952209,15993600
354931200.0,0.0833649113774299,34070400
355017600.0,0.0906703919172287,31404800
355104000.0,0.0911000669002533,16486400
355363200.0,0.089380607008934,22803200
355449600.0,0.0885211899876594,10684800
355536000.0,0.0928188189864158,21952000
355622400.0,0.0945376008749008,12499200
355708800.0,0.0958266705274581,33465600
355968000.0,0.0958266705274581,16060800
356054400.0,0.0958266705274581,6652800
356140800.0,0.0911000669002533,34048000
356227200.0,0.0859430432319641,23878400
356572800.0,0.0885211899876594,35347200
356659200.0,0.0945376008749008,28537600
356745600.0,0.0979750975966453,18995200
356832000.0,0.1005532592535018,58016000
356918400.0,0.0996938794851303,35056000
357177600.0,0.0988344699144363,38528000
357264000.0,0.0971156954765319,32188800
357350400.0,0.0958266705274581,13641600
357436800.0,0.0975453928112983,12611200
357523200.0,0.0975453928112983,16553600
357782400.0,0.0971156954765319,14448000
357868800.0,0.0966860502958297,17539200
357955200.0,0.0941079333424568,18950400
358041600.0,0.09539695084095,9363200
358128000.0,0.0962563455104827,7907200
358387200.0,0.0941079333424568,11939200
358473600.0,0.0941079333424568,4256000
358560000.0,0.0936782136559486,4905600
358646400.0,0.092389166355133,4928000
358732800.0,0.0945376008749008,4905600
358992000.0,0.0962563455104827,4166400
359078400.0,0.0945376008749008,25424000
359164800.0,0.0975453928112983,13283200
359251200.0,0.1031321063637733,32211200
359337600.0,0.1078586801886558,31427200
359683200.0,0.1074290350079536,85344000
359769600.0,0.1134446635842323,149497600
359856000.0,0.1134446635842323,73987200
359942400.0,0.1138743311166763,59382400
360201600.0,0.1138743311166763,51251200
360288000.0,0.1082884073257446,40432000
360374400.0,0.1082884073257446,39446400
360460800.0,0.1104368343949318,56067200
360547200.0,0.1087180748581886,57680000
360806400.0,0.1048508659005165,93497600
360892800.0,0.1069993302226066,119593600
360979200.0,0.1082884073257446,25222400
361065600.0,0.1130149289965629,38976000
361152000.0,0.1117258593440055,25804800
361411200.0,0.1112961992621421,143763200
361497600.0,0.1091477498412132,37251200
361584000.0,0.1074290350079536,27574400
361670400.0,0.1069993302226066,23049600
361756800.0,0.1039915159344673,27507200
362016000.0,0.1001235470175743,10841600
362102400.0,0.1018423289060592,15030400
362188800.0,0.0992641225457191,23027200
362275200.0,0.1014126017689704,24259200
362361600.0,0.1001235470175743,23788800
362620800.0,0.0966860502958297,10595200
362707200.0,0.089380607008934,35907200
362793600.0,0.0885211899876594,170464000
362880000.0,0.0885211899876594,30284800
363225600.0,0.0855133458971977,16531200
363312000.0,0.0863727405667305,15836800
363398400.0,0.0898102298378944,16620800
363484800.0,0.0829352587461471,32883200
363571200.0,0.0764891281723976,55171200
363830400.0,0.0782086700201034,45740800
363916800.0,0.0816461816430091,19779200
364003200.0,0.0837946310639381,10953600
364089600.0,0.0859430432319641,15232000
364176000.0,0.0889508724212646,19824000
364435200.0,0.0829352587461471,23654400
364521600.0,0.0825055539608001,31942400
364608000.0,0.0777781903743743,22668800
364694400.0,0.0799274295568466,34451200
364780800.0,0.0825055539608001,28851200
365040000.0,0.0859430432319641,17337600
365126400.0,0.0829352587461471,22848000
365212800.0,0.0816461816430091,15500800
365299200.0,0.0846539959311485,9900800
365385600.0,0.0859430432319641,10953600
365644800.0,0.0850837081670761,12432000
365731200.0,0.0863727405667305,31673600
365817600.0,0.0889508724212646,17494400
365904000.0,0.0868024080991745,10528000
365990400.0,0.0868024080991745,9206400
366249600.0,0.0868024080991745,0
366336000.0,0.0842242836952209,71456000
366422400.0,0.0825055539608001,26275200
366508800.0,0.0799274295568466,27484800
366595200.0,0.0786383673548698,24192000
366854400.0,0.076059453189373,18905600
366940800.0,0.0743406936526298,17001600
367027200.0,0.0734813138842582,20675200
367113600.0,0.0743406936526298,17113600
367200000.0,0.0691844448447227,41910400
367459200.0,0.0648867860436439,23072000
367545600.0,0.0666063278913497,40700800
367632000.0,0.0653164833784103,33600000
367718400.0,0.0657462030649185,25916800
367804800.0,0.0691844448447227,38035200
368064000.0,0.0691844448447227,40947200
368150400.0,0.0734813138842582,37027200
368236800.0,0.074770376086235,19376000
368323200.0,0.0709031969308853,37475200
368409600.0,0.0700438618659973,15254400
368755200.0,0.0678954049944877,25446400
368841600.0,0.0678954049944877,30531200
368928000.0,0.0683250352740287,34809600
369014400.0,0.0674656853079795,17539200
369273600.0,0.0653164833784103,27686400
369360000.0,0.0635977387428283,19510400
369446400.0,0.0623086430132389,19353600
369532800.0,0.0605898834764957,19376000
369619200.0,0.0610195957124233,26320000
369878400.0,0.0614493004977703,49033600
369964800.0,0.058011770248413,47420800
370051200.0,0.0567227080464363,28201600
370137600.0,0.0562930107116699,18300800
370224000.0,0.0489875487983226,34608000
370483200.0,0.0494172349572181,91728000
370569600.0,0.0519953556358814,94684800
370656000.0,0.0524250604212284,49996800
370742400.0,0.0524250604212284,61129600
370828800.0,0.0567227080464363,45046400
371088000.0,0.05844147503376,43097600
371174400.0,0.058011770248413,28358400
371260800.0,0.0614493004977703,38841600
371347200.0,0.0635977387428283,31091200
371433600.0,0.0640274211764335,54521600
371692800.0,0.0661766305565834,27350400
371779200.0,0.0661766305565834,44195200
371865600.0,0.0623086430132389,30979200
371952000.0,0.0635977387428283,29433600
372038400.0,0.0627383440732956,36467200
372297600.0,0.0640274211764335,20585600
372384000.0,0.0674656853079795,35728000
372470400.0,0.0674656853079795,76899200
372556800.0,0.0670360103249549,32278400
372643200.0,0.0653164833784103,27910400
372902400.0,0.0653164833784103,27283200
372988800.0,0.0666063278913497,85590400
373075200.0,0.0687547847628593,44172800
373161600.0,0.0678954049944877,30486400
373248000.0,0.0687547847628593,52729600
373507200.0,0.0687547847628593,36915200
373593600.0,0.0678954049944877,28380800
373680000.0,0.0661766305565834,23811200
373766400.0,0.0614493004977703,23363200
373852800.0,0.0618789680302143,24595200
374112000.0,0.0627383440732956,20384000
374198400.0,0.0631680265069007,16755200
374284800.0,0.0648867860436439,27440000
374371200.0,0.0670360103249549,39916800
374457600.0,0.0623086430132389,21011200
374716800.0,0.0614493004977703,22556800
374803200.0,0.0627383440732956,35414400
374889600.0,0.0648867860436439,29142400
374976000.0,0.0648867860436439,40006400
375062400.0,0.0653164833784103,38102400
375321600.0,0.0623086430132389,22960000
375408000.0,0.0618789680302143,22153600
375494400.0,0.0631680265069007,52550400
375667200.0,0.0648867860436439,37251200
375926400.0,0.0640274211764335,23968000
376012800.0,0.0640274211764335,23385600
376099200.0,0.0644571185111999,37564800
376185600.0,0.0635977387428283,20428800
376272000.0,0.0653164833784103,137155200
376531200.0,0.0657462030649185,59292800
376617600.0,0.0644571185111999,50624000
376704000.0,0.0648867860436439,34272000
376790400.0,0.0648867860436439,37408000
376876800.0,0.0644571185111999,76092800
377136000.0,0.0623086430132389,25244800
377222400.0,0.0640274211764335,31315200
377308800.0,0.0670360103249549,65452800
377395200.0,0.0726219490170478,51452800
377481600.0,0.0786383673548698,71724800
377740800.0,0.0752000585198402,56403200
377827200.0,0.0764891281723976,53827200
377913600.0,0.074770376086235,28896000
378000000.0,0.0752000585198402,28918400
378345600.0,0.071762591600418,36579200
378432000.0,0.073051631450653,24236800
378518400.0,0.076059453189373,32188800
378604800.0,0.076059453189373,54656000
378950400.0,0.0756297782063484,71254400
379036800.0,0.071762591600418,35840000
379123200.0,0.0709031969308853,66080000
379209600.0,0.0653164833784103,70044800
379296000.0,0.0683250352740287,56604800
379555200.0,0.0640274211764335,33331200
379641600.0,0.0618789680302143,59920000
379728000.0,0.0614493004977703,41753600
379814400.0,0.0644571185111999,25715200
379900800.0,0.0687547847628593,46704000
380160000.0,0.0700438618659973,28000000
380246400.0,0.0683250352740287,55507200
380332800.0,0.0696141570806503,25827200
380419200.0,0.0709031969308853,33331200
380505600.0,0.0713328868150711,24259200
380764800.0,0.0691844448447227,44710400
380851200.0,0.0666063278913497,21212800
380937600.0,0.0670360103249549,31360000
381024000.0,0.0691844448447227,39603200
381110400.0,0.0700438618659973,53155200
381369600.0,0.0691844448447227,38528000
381456000.0,0.0696141570806503,54275200
381542400.0,0.0696141570806503,31472000
381628800.0,0.0678954049944877,22041600
381715200.0,0.0678954049944877,40297600
381974400.0,0.0635977387428283,31696000
382060800.0,0.0635977387428283,57904000
382147200.0,0.0644571185111999,38796800
382233600.0,0.0635977387428283,24528000
382320000.0,0.0644571185111999,19644800
382665600.0,0.0631680265069007,34316800
382752000.0,0.0640274211764335,25580800
382838400.0,0.0648867860436439,28380800
382924800.0,0.0644571185111999,13596800
383184000.0,0.0635977387428283,26633600
383270400.0,0.0627383440732956,34540800
383356800.0,0.0631680265069007,37945600
383443200.0,0.0627383440732956,30800000
383529600.0,0.0627383440732956,17427200
383788800.0,0.0631680265069007,35302400
383875200.0,0.0631680265069007,34809600
383961600.0,0.0631680265069007,23654400
384048000.0,0.0618789680302143,38371200
384134400.0,0.0571524091064929,45315200
384393600.0,0.0562930107116699,35145600
384480000.0,0.0567227080464363,52505600
384566400.0,0.0558633431792259,86934400
384652800.0,0.0558633431792259,22579200
384739200.0,0.0524250604212284,46547200
384998400.0,0.0519953556358814,51363200
385084800.0,0.0511359833180904,47152000
385171200.0,0.0485578477382659,50489600
385257600.0,0.0524250604212284,56336000
385344000.0,0.0571524091064929,65811200
385603200.0,0.0614493004977703,69193600
385689600.0,0.0605898834764957,55955200
385776000.0,0.0571524091064929,51609600
385862400.0,0.0567227080464363,84112000
385948800.0,0.0558633431792259,50780800
386208000.0,0.0571524091064929,67603200
386294400.0,0.058011770248413,77952000
386380800.0,0.058011770248413,50153600
386467200.0,0.0610195957124233,59136000
386553600.0,0.0610195957124233,84806400
386812800.0,0.0610195957124233,86643200
386899200.0,0.0605898834764957,71590400
386985600.0,0.0597305409610271,29097600
387072000.0,0.060160219669342,23990400
387417600.0,0.0597305409610271,44307200
387504000.0,0.0550039559602737,85299200
387590400.0,0.0554336532950401,113590400
387676800.0,0.0562930107116699,164281600
387763200.0,0.058011770248413,104048000
388022400.0,0.0567227080464363,41283200
388108800.0,0.0541445650160312,80550400
388195200.0,0.0537141300737857,73024000
388281600.0,0.0528547242283821,52595200
388368000.0,0.0528547242283821,48294400
388627200.0,0.0541445650160312,57926400
388713600.0,0.0524250604212284,70268800
388800000.0,0.0502766296267509,99232000
388886400.0,0.0502766296267509,82230400
388972800.0,0.0507063008844852,277401600
389232000.0,0.0524250604212284,82700800
389318400.0,0.0541445650160312,73987200
389404800.0,0.0532844364643096,53939200
389491200.0,0.0550039559602737,75465600
389577600.0,0.0558633431792259,84716800
389836800.0,0.0550039559602737,31606400
389923200.0,0.0532844364643096,103017600
390009600.0,0.0519953556358814,71008000
390096000.0,0.0524250604212284,54454400
390182400.0,0.0502766296267509,95737600
390441600.0,0.0494172349572181,76204800
390528000.0,0.0485578477382659,122035200
390614400.0,0.0481281727552413,75286400
390700800.0,0.0485578477382659,27619200
390787200.0,0.0489875487983226,38841600
391046400.0,0.0494172349572181,31987200
391132800.0,0.0494172349572181,51564800
391219200.0,0.0489875487983226,43276800
391305600.0,0.0481281727552413,31248000
391392000.0,0.0481281727552413,19196800
391737600.0,0.0472688004374504,47600000
391824000.0,0.0481281727552413,32905600
391910400.0,0.0464094094932079,39760000
391996800.0,0.0451203398406505,37676800
392256000.0,0.0451203398406505,37161600
392342400.0,0.0446906425058841,31404800
392428800.0,0.0438312850892543,33846400
392515200.0,0.0442609824240207,34406400
392601600.0,0.0459797270596027,54633600
392860800.0,0.0459797270596027,29993600
392947200.0,0.0459797270596027,35212800
393033600.0,0.0459797270596027,41731200
393120000.0,0.0451203398406505,29164800
393206400.0,0.0442609824240207,19868800
393465600.0,0.0442609824240207,28537600
393552000.0,0.0459797270596027,17561600
393638400.0,0.0472688004374504,52752000
393724800.0,0.0472688004374504,44150400
393811200.0,0.0455500334501266,26678400
394070400.0,0.0451203398406505,25155200
394156800.0,0.0438312850892543,35817600
394243200.0,0.0438312850892543,67625600
394329600.0,0.0434016026556491,55731200
394416000.0,0.0412523970007896,58105600
394761600.0,0.0395336486399173,87696000
394848000.0,0.0395336486399173,30374400
394934400.0,0.0378148891031742,164326400
395020800.0,0.0391039513051509,128419200
395280000.0,0.0399633236229419,63392000
395366400.0,0.042542241513729,114374400
395452800.0,0.042971909046173,71120000
395539200.0,0.0438312850892543,65788800
395625600.0,0.0455500334501266,77011200
395884800.0,0.0459797270596027,83776000
395971200.0,0.0489875487983226,49705600
396057600.0,0.0489875487983226,71702400
396144000.0,0.0494172349572181,35212800
396230400.0,0.0485578477382659,18300800
396489600.0,0.0464094094932079,56851200
396576000.0,0.0464094094932079,32323200
396662400.0,0.0442609824240207,53513600
396748800.0,0.0459797270596027,61868800
396835200.0,0.0464094094932079,38617600
397094400.0,0.047698475420475,94393600
397180800.0,0.0446906425058841,89868800
397267200.0,0.0442609824240207,83865600
397353600.0,0.042542241513729,69753600
397440000.0,0.0421125404536724,96835200
397699200.0,0.042542241513729,56112000
397785600.0,0.0451203398406505,112246400
397872000.0,0.0455500334501266,69888000
397958400.0,0.0451203398406505,30620800
398044800.0,0.0451203398406505,25961600
398304000.0,0.0459797270596027,38416000
398390400.0,0.0489875487983226,47734400
398476800.0,0.0489875487983226,125059200
398563200.0,0.0494172349572181,47622400
398649600.0,0.0507063008844852,54857600
398908800.0,0.0528547242283821,69686400
398995200.0,0.0554336532950401,155769600
399081600.0,0.0593008361756801,357078400
399168000.0,0.0610195957124233,210582400
399254400.0,0.058011770248413,98649600
399513600.0,0.058871142566204,80438400
399600000.0,0.0618789680302143,140560000
399686400.0,0.060160219669342,82566400
399772800.0,0.0627383440732956,75420800
399859200.0,0.0631680265069007,104540800
400204800.0,0.0597305409610271,81379200
400291200.0,0.0618789680302143,72329600
400377600.0,0.0605898834764957,63593600
400464000.0,0.0623086430132389,56067200
400723200.0,0.0627383440732956,58889600
400809600.0,0.0648867860436439,101494400
400896000.0,0.0644571185111999,71747200
400982400.0,0.0623086430132389,80371200
401068800.0,0.0610195957124233,54051200
401328000.0,0.0614493004977703,39132800
401414400.0,0.0627383440732956,36668800
401500800.0,0.0644571185111999,103376000
401587200.0,0.0644571185111999,139820800
401673600.0,0.0623086430132389,178192000
401932800.0,0.0623086430132389,38147200
402019200.0,0.0631680265069007,85523200
402105600.0,0.0631680265069007,65564800
402192000.0,0.0627383440732956,74681600
402278400.0,0.0635977387428283,46256000
402537600.0,0.0644571185111999,69328000
402624000.0,0.0648867860436439,80236800
402710400.0,0.0696141570806503,173532800
402796800.0,0.0752000585198402,311673600
402883200.0,0.0807867869734764,275542400
403142400.0,0.0825055539608001,313734400
403228800.0,0.0799274295568466,258944000
403315200.0,0.0807867869734764,198844800
403401600.0,0.081216461956501,178662400
403488000.0,0.079068049788475,144614400
403747200.0,0.0807867869734764,94348800
403833600.0,0.0825055539608001,122841600
403920000.0,0.0872320905327797,242099200
404006400.0,0.089380607008934,227516800
404092800.0,0.0889508724212646,161683200
404352000.0,0.0837946310639381,184934400
404438400.0,0.0842242836952209,167753600
404524800.0,0.0863727405667305,191161600
404611200.0,0.0863727405667305,217683200
404697600.0,0.0872320905327797,118115200
404956800.0,0.0919594541192054,104361600
405043200.0,0.0984047874808311,310844800
405129600.0,0.1057102605700492,235132800
405216000.0,0.1065696403384208,329078400
405302400.0,0.1035618484020233,141500800
405561600.0,0.0992641225457191,119190400
405648000.0,0.1027024239301681,179782400
405734400.0,0.1065696403384208,202787200
405820800.0,0.1134446635842323,123155200
405907200.0,0.1112961992621421,131107200
406166400.0,0.1087180748581886,124588800
406252800.0,0.1031321063637733,182022400
406339200.0,0.1078586801886558,144144000
406425600.0,0.1078586801886558,152678400
406512000.0,0.1061399802565574,97305600
406771200.0,0.0966860502958297,101248000
406857600.0,0.0992641225457191,88502400
406944000.0,0.1014126017689704,73740800
407116800.0,0.0996938794851303,101987200
407376000.0,0.0992641225457191,49952000
407462400.0,0.1095774844288826,159196800
407548800.0,0.1117258593440055,206841600
407635200.0,0.1117258593440055,164729600
407721600.0,0.1091477498412132,47577600
407980800.0,0.1151642054319381,146585600
408067200.0,0.1164532750844955,167283200
408153600.0,0.1138743311166763,112313600
408240000.0,0.1082884073257446,194656000
408326400.0,0.1005532592535018,167484800
408585600.0,0.0984047874808311,95379200
408672000.0,0.0975453928112983,270054400
408758400.0,0.0971156954765319,130793600
408844800.0,0.0988344699144363,141164800
408931200.0,0.1035618484020233,80729600
409190400.0,0.1031321063637733,69776000
409276800.0,0.1039915159344673,79945600
409363200.0,0.1069993302226066,101225600
409449600.0,0.110007107257843,86979200
409795200.0,0.1125852763652801,61868800
409881600.0,0.1117258593440055,113366400
409968000.0,0.1078586801886558,80707200
410054400.0,0.1031321063637733,156867200
410140800.0,0.1027024239301681,49660800
410400000.0,0.0979750975966453,112828800
410486400.0,0.1035618484020233,223708800
410572800.0,0.1039915159344673,141545600
410659200.0,0.1001235470175743,97798400
410745600.0,0.0945376008749008,172054400
411004800.0,0.0988344699144363,275340800
411091200.0,0.1001235470175743,1388800
411177600.0,0.1057102605700492,176982400
411264000.0,0.1057102605700492,82275200
411350400.0,0.1134446635842323,184643200
411609600.0,0.1173126175999641,234864000
411696000.0,0.1147344782948494,219788800
411782400.0,0.1155938431620597,169657600
411868800.0,0.1284852176904678,707840000
411955200.0,0.1284852176904678,402595200
412214400.0,0.1211797669529914,315414400
412300800.0,0.1259063929319381,167036800
412387200.0,0.1310634315013885,203212800
412473600.0,0.1400877237319946,104316800
412560000.0,0.1409469842910766,397734400
412819200.0,0.1405172795057296,188003200
412905600.0,0.1435251832008361,210963200
412992000.0,0.1473922729492187,267052800
413078400.0,0.1534087657928466,252537600
413164800.0,0.1512602418661117,214345600
413424000.0,0.1452438980340957,142912000
413510400.0,0.1439548283815384,168112000
413596800.0,0.1452438980340957,180812800
413683200.0,0.1546977013349533,236723200
413769600.0,0.1598541140556335,203548800
414028800.0,0.1589946895837783,126179200
414115200.0,0.1559868454933166,115180800
414201600.0,0.1529790759086609,116569600
414288000.0,0.1512602418661117,136169600
414374400.0,0.1559868454933166,114889600
414720000.0,0.1598541140556335,196784000
414806400.0,0.1611431241035461,108035200
414892800.0,0.1654407531023025,115494400
414979200.0,0.1607134491205215,114688000
415238400.0,0.1568461656570434,132294400
415324800.0,0.1594243794679641,140268800
415411200.0,0.1607134491205215,105952000
415497600.0,0.1555571854114532,131532800
415584000.0,0.1534087657928466,151804800
415843200.0,0.1504008919000625,152678400
415929600.0,0.1456736326217651,220640000
416016000.0,0.149970531463623,199337600
416102400.0,0.1478220224380493,112604800
416188800.0,0.1456736326217651,87763200
416448000.0,0.1422360241413116,171875200
416534400.0,0.1443845927715301,75062400
416620800.0,0.1443845927715301,110969600
416707200.0,0.1456736326217651,44150400
416793600.0,0.1478220224380493,86128000
417052800.0,0.1512602418661117,104025600
417139200.0,0.1529790759086609,101001600
417225600.0,0.1456736326217651,140761600
417312000.0,0.1482516974210739,102457600
417398400.0,0.1482516974210739,58060800
417657600.0,0.1461032629013061,74569600
417744000.0,0.1504008919000625,103734400
417830400.0,0.1521197408437729,87808000
417916800.0,0.1452438980340957,85142400
418262400.0,0.1413767039775848,127388800
418348800.0,0.1387986242771148,122102400
418435200.0,0.137508749961853,213987200
418521600.0,0.1362196952104568,145510400
418608000.0,0.1353602260351181,150259200
418867200.0,0.143095389008522,230473600
418953600.0,0.1461032629013061,174048000
419040000.0,0.1512602418661117,189772800
419126400.0,0.1546977013349533,136371200
419212800.0,0.1572759449481964,115001600
419472000.0,0.1615727841854095,155568000
419558400.0,0.1598541140556335,233878400
419644800.0,0.1740345507860183,288332800
419731200.0,0.1787619143724441,230048000
419817600.0,0.1753243952989578,127187200
420076800.0,0.1671595126390457,125708800
420163200.0,0.1718860864639282,99433600
420249600.0,0.1701674163341522,86038400
420336000.0,0.1718860864639282,79408000
420422400.0,0.173604816198349,308313600
420681600.0,0.1684485673904419,97081600
420768000.0,0.1667298227548599,105996800
420854400.0,0.1770430654287338,129113600
420940800.0,0.1886454671621322,140492800
421027200.0,0.1895049214363098,100150400
421286400.0,0.1869267523288726,69171200
421372800.0,0.1882158666849136,51900800
421459200.0,0.1834884881973266,55260800
421545600.0,0.181769773364067,98425600
421632000.0,0.1826290786266327,48966400
421891200.0,0.1779025346040725,69193600
421977600.0,0.1783322244882583,154358400
422064000.0,0.1804806441068649,157001600
422150400.0,0.1860665827989578,70291200
422236800.0,0.1955204755067825,146092800
422496000.0,0.1976689398288726,121744000
422582400.0,0.2079822868108749,107699200
422668800.0,0.2062634527683258,153731200
422755200.0,0.2041150331497192,105571200
422841600.0,0.2041150331497192,56627200
423187200.0,0.1985290497541427,45539200
423273600.0,0.1998181492090225,98089600
423360000.0,0.2011072337627411,79430400
423446400.0,0.2109908461570739,64534400
423705600.0,0.2157173603773117,104092800
423792000.0,0.2084119617938995,98179200
423878400.0,0.2058338224887848,84044800
423964800.0,0.2045447081327438,54790400
424051200.0,0.2036853432655334,37430400
424310400.0,0.1968095749616623,179267200
424396800.0,0.1925126910209655,170531200
424483200.0,0.1869267523288726,193356800
424569600.0,0.1968095749616623,122886400
424656000.0,0.1929423362016677,56044800
424915200.0,0.1834884881973266,139574400
425001600.0,0.1847774386405944,125462400
425088000.0,0.1903642863035202,140963200
425174400.0,0.1843478381633758,133996800
425260800.0,0.1830587387084961,47644800
425520000.0,0.1731752455234527,123043200
425606400.0,0.1611431241035461,349171200
425692800.0,0.1688783466815948,294380800
425779200.0,0.1680189371109008,110566400
425865600.0,0.169307991862297,172256000
426211200.0,0.162432923913002,82051200
426297600.0,0.162862628698349,95916800
426384000.0,0.1607134491205215,89443200
426470400.0,0.1589946895837783,70179200
426729600.0,0.1632923632860183,112918400
426816000.0,0.1594243794679641,75196800
426902400.0,0.1585650146007537,129001600
426988800.0,0.158135324716568,74905600
427075200.0,0.1525494009256363,67961600
427334400.0,0.1521197408437729,81625600
427420800.0,0.1504008919000625,171136000
427507200.0,0.1418063938617706,304886400
427593600.0,0.149111121892929,317385600
427680000.0,0.1504008919000625,116435200
427939200.0,0.1482516974210739,76428800
428025600.0,0.1345009505748748,268979200
428112000.0,0.1246172860264778,300316800
428198400.0,0.1168829500675201,270480000
428284800.0,0.1198906898498535,220326400
428544000.0,0.1186016723513603,232444800
428630400.0,0.1181719899177551,101651200
428716800.0,0.1198906898498535,123827200
428803200.0,0.1143048182129859,292118400
428889600.0,0.1164532750844955,131420800
429148800.0,0.1168829500675201,76809600
429235200.0,0.1181719899177551,150371200
429321600.0,0.1177422851324081,161974400
429408000.0,0.1160235404968261,90182400
429494400.0,0.1151642054319381,74636800
429753600.0,0.1181719899177551,152275200
429840000.0,0.1164532750844955,91369600
429926400.0,0.1138743311166763,94438400
430012800.0,0.1151642054319381,81737600
430099200.0,0.1160235404968261,58598400
430358400.0,0.1155938431620597,85366400
430444800.0,0.1095774844288826,93587200
430531200.0,0.1039915159344673,113299200
430617600.0,0.1048508659005165,189772800
430704000.0,0.1061399802565574,93184000
430963200.0,0.1074290350079536,138297600
431049600.0,0.1130149289965629,233945600
431136000.0,0.1280555874109268,200233600
431222400.0,0.1250469982624054,218131200
431308800.0,0.1306337416172027,129337600
431654400.0,0.1353602260351181,181686400
431740800.0,0.1190313622355461,384854400
431827200.0,0.1091477498412132,307059200
431913600.0,0.1052805632352829,212688000
432172800.0,0.1052805632352829,266313600
432259200.0,0.110007107257843,204176000
432345600.0,0.1087180748581886,181529600
432432000.0,0.1035618484020233,158838400
432518400.0,0.1009829342365264,225747200
432777600.0,0.110007107257843,201980800
432864000.0,0.1104368343949318,226419200
432950400.0,0.1082884073257446,106355200
433036800.0,0.1117258593440055,144121600
433123200.0,0.0833649113774299,2832345600
433382400.0,0.0855133458971977,768768000
433468800.0,0.0807867869734764,417110400
433555200.0,0.0786383673548698,373497600
433641600.0,0.0782086700201034,282777600
433728000.0,0.0794977098703384,117868800
433987200.0,0.0794977098703384,152902400
434073600.0,0.0786383673548698,169612800
434160000.0,0.0773485004901886,190668800
434246400.0,0.0764891281723976,232937600
434332800.0,0.0700438618659973,246332800
434592000.0,0.0678954049944877,517126400
434678400.0,0.0666063278913497,252761600
434764800.0,0.0726219490170478,472617600
434851200.0,0.079068049788475,420515200
434937600.0,0.0782086700201034,279260800
435196800.0,0.072192296385765,219116800
435283200.0,0.0666063278913497,382972800
435369600.0,0.0739110112190246,287392000
435456000.0,0.0700438618659973,131689600
435542400.0,0.0683250352740287,157001600
435801600.0,0.0726219490170478,259392000
435888000.0,0.073051631450653,168448000
435974400.0,0.0691844448447227,128912000
436060800.0,0.0726219490170478,97843200
436147200.0,0.071762591600418,81200000
436406400.0,0.0777781903743743,173174400
436492800.0,0.079068049788475,328384000
436579200.0,0.0807867869734764,202473600
436665600.0,0.0752000585198402,286003200
436752000.0,0.0726219490170478,146742400
437011200.0,0.072192296385765,152118400
437097600.0,0.0614493004977703,1221516800
437184000.0,0.0661766305565834,353472000
437270400.0,0.0674656853079795,222073600
437356800.0,0.0687547847628593,116032000
437616000.0,0.0678954049944877,108281600
437702400.0,0.0678954049944877,118630400
437788800.0,0.0687547847628593,102278400
437875200.0,0.0704734921455383,90384000
437961600.0,0.0709031969308853,79900800
438220800.0,0.0739110112190246,105011200
438307200.0,0.0739110112190246,105190400
438393600.0,0.0700438618659973,114352000
438566400.0,0.0704734921455383,37296000
438825600.0,0.072192296385765,72396800
438912000.0,0.0713328868150711,95289600
438998400.0,0.0700438618659973,64332800
439084800.0,0.0696141570806503,76675200
439171200.0,0.0683250352740287,85366400
439430400.0,0.0700438618659973,45158400
439516800.0,0.0704734921455383,51990400
439603200.0,0.072192296385765,89152000
439689600.0,0.0739110112190246,137625600
439776000.0,0.0743406936526298,82768000
440035200.0,0.0739110112190246,65139200
440121600.0,0.0773485004901886,197545600
440208000.0,0.0803571045398712,201891200
440294400.0,0.0837946310639381,316601600
440380800.0,0.0850837081670761,184867200
440640000.0,0.0825055539608001,173600000
440726400.0,0.0803571045398712,177744000
440812800.0,0.0833649113774299,171785600
440899200.0,0.0850837081670761,130547200
440985600.0,0.0846539959311485,48563200
441331200.0,0.0850837081670761,96432000
441417600.0,0.0859430432319641,128553600
441504000.0,0.0837946310639381,102748800
441590400.0,0.0837946310639381,91862400
441936000.0,0.0880915075540542,150192000
442022400.0,0.0958266705274581,292611200
442108800.0,0.0971156954765319,305715200
442195200.0,0.09539695084095,168492800
442454400.0,0.0902406796813011,215734400
442540800.0,0.0949673056602478,172188800
442627200.0,0.0962563455104827,175952000
442713600.0,0.0958266705274581,110342400
442800000.0,0.0936782136559486,121744000
443059200.0,0.0958266705274581,137580800
443145600.0,0.0984047874808311,149072000
443232000.0,0.0988344699144363,220505600
443318400.0,0.0996938794851303,149721600
443404800.0,0.0984047874808311,141344000
443664000.0,0.0992641225457191,278364800
443750400.0,0.0936782136559486,320230400
443836800.0,0.0928188189864158,263872000
443923200.0,0.0949673056602478,168492800
444009600.0,0.0898102298378944,194096000
444268800.0,0.0850837081670761,277468800
444355200.0,0.0850837081670761,345094400
444441600.0,0.0846539959311485,163116800
444528000.0,0.0855133458971977,134915200
444614400.0,0.0842242836952209,145488000
444873600.0,0.0799274295568466,165558400
444960000.0,0.0829352587461471,217728000
445046400.0,0.0799274295568466,148220800
445132800.0,0.081216461956501,234796800
445219200.0,0.0837946310639381,143964800
445478400.0,0.0833649113774299,105728000
445564800.0,0.0880915075540542,209059200
445651200.0,0.0863727405667305,200838400
445737600.0,0.0872320905327797,105235200
445824000.0,0.0859430432319641,134646400
446169600.0,0.0898102298378944,120288000
446256000.0,0.0941079333424568,223372800
446342400.0,0.092389166355133,155052800
446428800.0,0.0932485461235046,77817600
446688000.0,0.0928188189864158,121564800
446774400.0,0.0876618102192878,169926400
446860800.0,0.0902406796813011,134041600
446947200.0,0.0928188189864158,132361600
447033600.0,0.0936782136559486,191251200
447292800.0,0.0919594541192054,73606400
447379200.0,0.0885211899876594,98985600
447465600.0,0.0911000669002533,96566400
447552000.0,0.092389166355133,129785600
447638400.0,0.0906703919172287,66057600
447897600.0,0.0941079333424568,125036800
447984000.0,0.0928188189864158,152880000
448070400.0,0.0915297642350196,59606400
448156800.0,0.0919594541192054,55283200
448243200.0,0.0915297642350196,124700800
448502400.0,0.0902406796813011,82588800
448588800.0,0.089380607008934,100531200
448675200.0,0.089380607008934,47667200
448761600.0,0.0876618102192878,51184000
448848000.0,0.0876618102192878,61129600
449107200.0,0.0885211899876594,56963200
449193600.0,0.0859430432319641,99299200
449280000.0,0.0876618102192878,75488000
449366400.0,0.0872320905327797,39177600
449452800.0,0.0850837081670761,45740800
449712000.0,0.0855133458971977,54656000
449798400.0,0.0859430432319641,44105600
449884800.0,0.0842242836952209,107676800
449971200.0,0.0829352587461471,82812800
450057600.0,0.0807867869734764,85590400
450316800.0,0.0807867869734764,54252800
450403200.0,0.0850837081670761,57097600
450489600.0,0.0842242836952209,70604800
450576000.0,0.0885211899876594,78400000
450662400.0,0.0885211899876594,103398400
450921600.0,0.0902406796813011,68118400
451008000.0,0.0945376008749008,332953600
451094400.0,0.0962563455104827,199673600
451180800.0,0.0971156954765319,123401600
451526400.0,0.0975453928112983,293865600
451612800.0,0.0958266705274581,281568000
451699200.0,0.0949673056602478,194880000
451785600.0,0.1022727265954017,318505600
451872000.0,0.1035618484020233,371996800
452131200.0,0.1078586801886558,293148800
452217600.0,0.1143048182129859,406515200
452304000.0,0.1134446635842323,317318400
452390400.0,0.1087180748581886,327420800
452476800.0,0.1035618484020233,260444800
452736000.0,0.1069993302226066,160070400
452822400.0,0.1130149289965629,255001600
452908800.0,0.1138743311166763,405014400
452995200.0,0.1138743311166763,238627200
453081600.0,0.1108664572238922,197724800
453340800.0,0.1087180748581886,89286400
453427200.0,0.1095774844288826,102704000
453513600.0,0.1048508659005165,219721600
453600000.0,0.1001235470175743,281948800
453686400.0,0.1022727265954017,193468800
453945600.0,0.1095774844288826,435052800
454032000.0,0.1061399802565574,301257600
454118400.0,0.1039915159344673,168963200
454204800.0,0.1009829342365264,193312000
454291200.0,0.1014126017689704,120108800
454636800.0,0.1009829342365264,156262400
454723200.0,0.0996938794851303,318438400
454809600.0,0.1009829342365264,167014400
454896000.0,0.1044211983680725,242300800
455155200.0,0.1018423289060592,148288000
455241600.0,0.0958266705274581,328428800
455328000.0,0.0996938794851303,161459200
455414400.0,0.0988344699144363,102547200
455500800.0,0.0984047874808311,108976000
455760000.0,0.0984047874808311,84246400
455846400.0,0.1001235470175743,117129600
455932800.0,0.1022727265954017,115718400
456019200.0,0.0992641225457191,100956800
456105600.0,0.0996938794851303,89779200
456364800.0,0.1018423289060592,114598400
456451200.0,0.1009829342365264,160944000
456537600.0,0.1039915159344673,119526400
456624000.0,0.0996938794851303,141904000
456710400.0,0.0984047874808311,84604800
456969600.0,0.0936782136559486,167484800
457056000.0,0.089380607008934,148646400
457142400.0,0.0868024080991745,377283200
457228800.0,0.0906703919172287,118316800
457315200.0,0.0911000669002533,141993600
457574400.0,0.0880915075540542,159667200
457660800.0,0.0868024080991745,179065600
457833600.0,0.0850837081670761,93184000
457920000.0,0.0863727405667305,95648000
458179200.0,0.0902406796813011,190668800
458265600.0,0.092389166355133,172300800
458352000.0,0.0911000669002533,121094400
458438400.0,0.0915297642350196,168694400
458524800.0,0.0906703919172287,135945600
458784000.0,0.0885211899876594,202988800
458870400.0,0.0885211899876594,84851200
458956800.0,0.0872320905327797,104025600
459043200.0,0.0872320905327797,77907200
459129600.0,0.0872320905327797,33174400
459388800.0,0.0863727405667305,94035200
459475200.0,0.0915297642350196,179244800
459561600.0,0.0919594541192054,200457600
459648000.0,0.0936782136559486,143337600
459734400.0,0.0932485461235046,73942400
459993600.0,0.0876618102192878,125036800
460080000.0,0.0876618102192878,199628800
460166400.0,0.0859430432319641,285734400
460252800.0,0.0829352587461471,303676800
460339200.0,0.0941079333424568,618060800
460598400.0,0.1005532592535018,626796800
460684800.0,0.1018423289060592,332483200
460771200.0,0.0979750975966453,294403200
460857600.0,0.1022727265954017,257622400
460944000.0,0.0979750975966453,397376000
461203200.0,0.1031321063637733,241449600
461289600.0,0.0992641225457191,174070400
461376000.0,0.0958266705274581,178886400
461462400.0,0.0966860502958297,144816000
461548800.0,0.0945376008749008,153932800
461808000.0,0.0941079333424568,138454400
461894400.0,0.0979750975966453,179536000
461980800.0,0.0962563455104827,220416000
462067200.0,0.0966860502958297,83417600
462153600.0,0.0966860502958297,70896000
462412800.0,0.0958266705274581,87673600
462499200.0,0.0971156954765319,59158400
462585600.0,0.0945376008749008,74121600
462672000.0,0.0928188189864158,50960000
462758400.0,0.0911000669002533,137849600
463104000.0,0.0902406796813011,119840000
463190400.0,0.0902406796813011,103756800
463276800.0,0.0911000669002533,130972800
463363200.0,0.0911000669002533,83260800
463622400.0,0.0906703919172287,64624000
463708800.0,0.092389166355133,152387200
463795200.0,0.0898102298378944,133123200
463881600.0,0.0945376008749008,207334400
463968000.0,0.0958266705274581,246870400
464227200.0,0.0984047874808311,192752000
464313600.0,0.0949673056602478,97305600
464400000.0,0.0928188189864158,106288000
464486400.0,0.0932485461235046,66169600
464572800.0,0.092389166355133,99836800
464832000.0,0.0915297642350196,79004800
464918400.0,0.0898102298378944,166790400
465004800.0,0.0885211899876594,110969600
465091200.0,0.0885211899876594,105929600
465177600.0,0.0863727405667305,233408000
465436800.0,0.0842242836952209,97776000
465523200.0,0.0850837081670761,118249600
465609600.0,0.0863727405667305,120422400
465696000.0,0.0872320905327797,125484800
465782400.0,0.0855133458971977,97574400
466041600.0,0.0855133458971977,46972800
466128000.0,0.0846539959311485,125260800
466214400.0,0.0820758566260337,364851200
466300800.0,0.0816461816430091,182761600
466387200.0,0.0782086700201034,265798400
466646400.0,0.0825055539608001,243264000
466732800.0,0.0820758566260337,118025600
466819200.0,0.0855133458971977,156643200
466905600.0,0.0880915075540542,247161600
466992000.0,0.0880915075540542,326121600
467251200.0,0.0872320905327797,114755200
467337600.0,0.089380607008934,186435200
467424000.0,0.0902406796813011,167014400
467510400.0,0.0868024080991745,158166400
467596800.0,0.0846539959311485,114844800
467856000.0,0.0850837081670761,50646400
467942400.0,0.0859430432319641,74592000
468028800.0,0.0855133458971977,60233600
468115200.0,0.0859430432319641,47040000
468201600.0,0.0855133458971977,27686400
468460800.0,0.0850837081670761,105369600
468547200.0,0.0902406796813011,225321600
468633600.0,0.0885211899876594,231548800
468720000.0,0.0850837081670761,88121600
468806400.0,0.0799274295568466,294134400
469065600.0,0.0829352587461471,113254400
469152000.0,0.0807867869734764,126672000
469238400.0,0.0816461816430091,104339200
469324800.0,0.0816461816430091,106601600
469411200.0,0.0799274295568466,165760000
469670400.0,0.0752000585198402,232982400
469756800.0,0.0777781903743743,263244800
469843200.0,0.0794977098703384,178729600
470016000.0,0.0816461816430091,137088000
470275200.0,0.0825055539608001,100643200
470361600.0,0.0846539959311485,127411200
470448000.0,0.0889508724212646,410524800
470534400.0,0.0872320905327797,174876800
470620800.0,0.0850837081670761,108707200
470880000.0,0.0837946310639381,98000000
470966400.0,0.0855133458971977,120377600
471052800.0,0.0898102298378944,262908800
471139200.0,0.0941079333424568,317273600
471225600.0,0.0936782136559486,494524800
471484800.0,0.0919594541192054,111484800
471571200.0,0.0906703919172287,123782400
471657600.0,0.0876618102192878,110073600
471744000.0,0.0885211899876594,66841600
471830400.0,0.0906703919172287,96140800
472089600.0,0.0928188189864158,125238400
472176000.0,0.0984047874808311,340569600
472262400.0,0.0945376008749008,317497600
472348800.0,0.0941079333424568,139843200
472435200.0,0.0928188189864158,123894400
472694400.0,0.0945376008749008,67536000
472867200.0,0.0949673056602478,67177600
472953600.0,0.09539695084095,98761600
473040000.0,0.0988344699144363,165334400
473299200.0,0.1001235470175743,207760000
473472000.0,0.0958266705274581,175302400
473558400.0,0.0975453928112983,166611200
473644800.0,0.0975453928112983,137267200
473904000.0,0.0971156954765319,170912000
473990400.0,0.0962563455104827,141120000
474076800.0,0.0988344699144363,166723200
474163200.0,0.1031321063637733,277065600
474249600.0,0.1022727265954017,205049600
474508800.0,0.1052805632352829,270435200
474595200.0,0.1031321063637733,264969600
474681600.0,0.1039915159344673,189884800
474768000.0,0.0966860502958297,547523200
474854400.0,0.0984047874808311,352665600
475113600.0,0.1005532592535018,325427200
475200000.0,0.1035618484020233,424838400
475286400.0,0.1018423289060592,430505600
475372800.0,0.0996938794851303,397062400
475459200.0,0.1018423289060592,318460800
475718400.0,0.1039915159344673,412182400
475804800.0,0.1027024239301681,223731200
475891200.0,0.1027024239301681,492441600
475977600.0,0.0996938794851303,276236800
476064000.0,0.0984047874808311,137737600
476323200.0,0.1005532592535018,218019200
476409600.0,0.1014126017689704,190041600
476496000.0,0.1031321063637733,194432000
476582400.0,0.1027024239301681,245481600
476668800.0,0.1027024239301681,132025600
476928000.0,0.1048508659005165,346953600
477014400.0,0.1022727265954017,226508800
477100800.0,0.0975453928112983,527027200
477187200.0,0.0949673056602478,426832000
477273600.0,0.0962563455104827,173622400
477619200.0,0.0949673056602478,149833600
477705600.0,0.0906703919172287,219968000
477792000.0,0.092389166355133,308224000
477878400.0,0.0949673056602478,226531200
478137600.0,0.0936782136559486,98537600
478224000.0,0.0919594541192054,188966400
478310400.0,0.0863727405667305,403580800
478396800.0,0.0850837081670761,319065600
478483200.0,0.0855133458971977,247430400
478742400.0,0.0868024080991745,153104000
478828800.0,0.0889508724212646,130771200
478915200.0,0.0846539959311485,193603200
479001600.0,0.076059453189373,733980800
479088000.0,0.0739110112190246,473558400
479347200.0,0.0764891281723976,286003200
479433600.0,0.079068049788475,219430400
479520000.0,0.074770376086235,251126400
479606400.0,0.074770376086235,241606400
479692800.0,0.0777781903743743,181417600
479952000.0,0.0786383673548698,124768000
480038400.0,0.0756297782063484,171449600
480124800.0,0.0764891281723976,404969600
480211200.0,0.0777781903743743,162467200
480297600.0,0.0764891281723976,80371200
480556800.0,0.0743406936526298,109961600
480643200.0,0.0773485004901886,121430400
480729600.0,0.0752000585198402,111350400
480816000.0,0.0752000585198402,129606400
480902400.0,0.076059453189373,87180800
481161600.0,0.0743406936526298,114060800
481248000.0,0.072192296385765,227427200
481334400.0,0.072192296385765,242659200
481420800.0,0.071762591600418,161862400
481766400.0,0.0674656853079795,198732800
481852800.0,0.0674656853079795,263894400
481939200.0,0.072192296385765,226912000
482025600.0,0.0734813138842582,146675200
482112000.0,0.071762591600418,72531200
482371200.0,0.0734813138842582,59830400
482457600.0,0.0743406936526298,67648000
482544000.0,0.0777781903743743,123244800
482630400.0,0.0786383673548698,202428800
482716800.0,0.0773485004901886,96028800
482976000.0,0.0743406936526298,102592000
483062400.0,0.076059453189373,118294400
483148800.0,0.0756297782063484,78937600
483235200.0,0.0756297782063484,87628800
483321600.0,0.0752000585198402,119705600
483580800.0,0.0726219490170478,62204800
483667200.0,0.073051631450653,94729600
483753600.0,0.071762591600418,57344000
483840000.0,0.0661766305565834,329772800
483926400.0,0.0687547847628593,158121600
484185600.0,0.0678954049944877,56134400
484272000.0,0.0687547847628593,107609600
484358400.0,0.0683250352740287,144390400
484444800.0,0.0687547847628593,127075200
484531200.0,0.0696141570806503,136080000
484790400.0,0.0687547847628593,87225600
484876800.0,0.0678954049944877,121744000
484963200.0,0.0687547847628593,130435200
485049600.0,0.0734813138842582,230540800
485136000.0,0.074770376086235,211859200
485395200.0,0.0734813138842582,197187200
485481600.0,0.0713328868150711,152544000
485568000.0,0.0709031969308853,120556800
485654400.0,0.0678954049944877,239164800
485740800.0,0.0623086430132389,589478400
486086400.0,0.058011770248413,510966400
486172800.0,0.058871142566204,246556800
486259200.0,0.0605898834764957,314921600
486345600.0,0.0597305409610271,369420800
486604800.0,0.0550039559602737,576016000
486691200.0,0.0593008361756801,401923200
486777600.0,0.058011770248413,286406400
486864000.0,0.05844147503376,271196800
486950400.0,0.0562930107116699,475238400
487209600.0,0.0554336532950401,316131200
487296000.0,0.0554336532950401,300720000
487382400.0,0.0541445650160312,247990400
487468800.0,0.0511359833180904,379523200
487555200.0,0.0507063008844852,565667200
487814400.0,0.0511359833180904,236342400
487900800.0,0.0524250604212284,265216000
487987200.0,0.0537141300737857,171987200
488073600.0,0.0541445650160312,190803200
488160000.0,0.0554336532950401,166140800
488419200.0,0.0593008361756801,205766400
488505600.0,0.060160219669342,293910400
488592000.0,0.0623086430132389,132204800
488678400.0,0.0631680265069007,192460800
488764800.0,0.0618789680302143,135744000
489024000.0,0.0623086430132389,103443200
489110400.0,0.0593008361756801,77728000
489196800.0,0.060160219669342,68499200
489369600.0,0.0605898834764957,36579200
489628800.0,0.0605898834764957,92220800
489715200.0,0.0605898834764957,147907200
489801600.0,0.0618789680302143,106041600
489888000.0,0.0618789680302143,64892800
489974400.0,0.0614493004977703,47040000
490233600.0,0.0610195957124233,77683200
490320000.0,0.060160219669342,143360000
490406400.0,0.0605898834764957,118182400
490492800.0,0.0593008361756801,179065600
490579200.0,0.0597305409610271,114912000
490838400.0,0.058011770248413,192304000
490924800.0,0.0567227080464363,168694400
491011200.0,0.0558633431792259,168716800
491097600.0,0.0571524091064929,315078400
491184000.0,0.0571524091064929,130524800
491443200.0,0.0550039559602737,77750400
491529600.0,0.0558633431792259,89465600
491616000.0,0.0545742698013782,80505600
491702400.0,0.0545742698013782,51564800
491788800.0,0.0541445650160312,97417600
492048000.0,0.0528547242283821,92332800
492134400.0,0.0524250604212284,63078400
492220800.0,0.0511359833180904,151737600
492307200.0,0.0519953556358814,147772800
492393600.0,0.0524250604212284,60950400
492652800.0,0.051565695554018,54992000
492739200.0,0.0524250604212284,42380800
492825600.0,0.0502766296267509,289900800
492912000.0,0.0498469397425651,105190400
492998400.0,0.0502766296267509,83753600
493257600.0,0.051565695554018,47868800
493344000.0,0.0524250604212284,66953600
493430400.0,0.0524250604212284,77011200
493516800.0,0.0511359833180904,123312000
493603200.0,0.0507063008844852,44016000
493862400.0,0.0519953556358814,35660800
493948800.0,0.0524250604212284,42918400
494035200.0,0.0524250604212284,40947200
494121600.0,0.0511359833180904,56112000
494208000.0,0.051565695554018,42873600
494553600.0,0.0507063008844852,37452800
494640000.0,0.0511359833180904,47555200
494726400.0,0.0511359833180904,32816000
494812800.0,0.051565695554018,92803200
495072000.0,0.0524250604212284,132316800
495158400.0,0.0528547242283821,121766400
495244800.0,0.0532844364643096,87091200
495331200.0,0.0554336532950401,111171200
495417600.0,0.0541445650160312,70537600
495676800.0,0.0524250604212284,36982400
495763200.0,0.0524250604212284,183747200
495849600.0,0.0558633431792259,120086400
495936000.0,0.05844147503376,186323200
496022400.0,0.057582102715969,135228800
496281600.0,0.058011770248413,118585600
496368000.0,0.0567227080464363,88099200
496454400.0,0.0545742698013782,104496000
496540800.0,0.0545742698013782,53491200
496886400.0,0.0541445650160312,36646400
496972800.0,0.0541445650160312,88345600
497059200.0,0.0537141300737857,21504000
497145600.0,0.0532844364643096,48921600
497232000.0,0.051565695554018,69529600
497491200.0,0.051565695554018,91929600
497577600.0,0.0519953556358814,86979200
497664000.0,0.051565695554018,82812800
497750400.0,0.0545742698013782,261744000
497836800.0,0.0550039559602737,118294400
498096000.0,0.0571524091064929,155187200
498182400.0,0.05844147503376,293888000
498268800.0,0.0618789680302143,288444800
498355200.0,0.0627383440732956,348185600
498441600.0,0.0610195957124233,230428800
498700800.0,0.0593008361756801,118876800
498787200.0,0.0618789680302143,424547200
498873600.0,0.0618789680302143,148377600
498960000.0,0.0631680265069007,272630400
499046400.0,0.0618789680302143,63280000
499305600.0,0.0618789680302143,59472000
499392000.0,0.0614493004977703,130883200
499478400.0,0.0653164833784103,226576000
499564800.0,0.0640274211764335,155075200
499651200.0,0.0640274211764335,92556800
499910400.0,0.0644571185111999,155724800
499996800.0,0.0640274211764335,107542400
500083200.0,0.0661766305565834,200457600
500169600.0,0.0674656853079795,317139200
500256000.0,0.0704734921455383,294112000
500515200.0,0.0687547847628593,178774400
500601600.0,0.0683250352740287,173644800
500688000.0,0.0666063278913497,101561600
500774400.0,0.0687547847628593,139507200
500860800.0,0.0683250352740287,81580800
501120000.0,0.0683250352740287,64556800
501206400.0,0.0661766305565834,94326400
501292800.0,0.0653164833784103,99075200
501379200.0,0.0653164833784103,102950400
501465600.0,0.0653164833784103,128755200
501724800.0,0.0657462030649185,97193600
501811200.0,0.0666063278913497,164460800
501897600.0,0.0687547847628593,191721600
502070400.0,0.0691844448447227,99030400
502329600.0,0.0696141570806503,100195200
502416000.0,0.0691844448447227,155075200
502502400.0,0.0704734921455383,165110400
502588800.0,0.0691844448447227,125148800
502675200.0,0.0678954049944877,65452800
502934400.0,0.0666063278913497,139865600
503020800.0,0.0670360103249549,200905600
503107200.0,0.0678954049944877,237619200
503193600.0,0.0687547847628593,125260800
503280000.0,0.0687547847628593,251148800
503539200.0,0.071762591600418,288915200
503625600.0,0.0709031969308853,109065600
503712000.0,0.0764891281723976,559798400
503798400.0,0.0773485004901886,270121600
503884800.0,0.0769188031554222,206035200
504144000.0,0.0752000585198402,143225600
504230400.0,0.074770376086235,64601600
504403200.0,0.074770376086235,45852800
504489600.0,0.0769188031554222,122886400
504748800.0,0.0764891281723976,107676800
504835200.0,0.0756297782063484,87248000
505008000.0,0.0764891281723976,117420800
505094400.0,0.0769188031554222,242166400
505353600.0,0.0764891281723976,185046400
505440000.0,0.079068049788475,470534400
505526400.0,0.0786383673548698,607600000
505612800.0,0.0777781903743743,447238400
505699200.0,0.0782086700201034,153238400
505958400.0,0.079068049788475,215420800
506044800.0,0.0799274295568466,272697600
506131200.0,0.0820758566260337,423472000
506217600.0,0.0842242836952209,534777600
506304000.0,0.0825055539608001,345385600
506563200.0,0.0820758566260337,127411200
506649600.0,0.0825055539608001,151961600
506736000.0,0.0803571045398712,143001600
506822400.0,0.079068049788475,156419200
506908800.0,0.0777781903743743,111977600
507168000.0,0.076059453189373,389580800
507254400.0,0.0764891281723976,222297600
507340800.0,0.081216461956501,589568000
507427200.0,0.079068049788475,236880000
507513600.0,0.0794977098703384,147705600
507772800.0,0.0820758566260337,350022400
507859200.0,0.0816461816430091,260176000
507945600.0,0.0816461816430091,197164800
508032000.0,0.0829352587461471,134220800
508118400.0,0.0825055539608001,129404800
508377600.0,0.0820758566260337,111843200
508464000.0,0.0820758566260337,153462400
508550400.0,0.0825055539608001,133056000
508636800.0,0.0820758566260337,109379200
508723200.0,0.0816461816430091,137513600
509068800.0,0.0820758566260337,148108800
509155200.0,0.0859430432319641,359676800
509241600.0,0.0863727405667305,137916800
509328000.0,0.0868024080991745,189078400
509587200.0,0.0885211899876594,247116800
509673600.0,0.0906703919172287,224739200
509760000.0,0.089380607008934,164729600
509846400.0,0.0880915075540542,108124800
509932800.0,0.0859430432319641,125126400
510192000.0,0.0846539959311485,108819200
510278400.0,0.0846539959311485,89107200
510364800.0,0.0868024080991745,177027200
510451200.0,0.0872320905327797,101337600
510537600.0,0.0850837081670761,96185600
510796800.0,0.0846539959311485,75488000
510883200.0,0.0855133458971977,103062400
510969600.0,0.0850837081670761,85680000
511056000.0,0.0850837081670761,115964800
511142400.0,0.0898102298378944,384854400
511401600.0,0.089380607008934,118720000
511488000.0,0.092389166355133,249356800
511574400.0,0.0911000669002533,189884800
511660800.0,0.0971156954765319,904131200
511747200.0,0.0949673056602478,260377600
512006400.0,0.0919594541192054,294313600
512092800.0,0.0958266705274581,281075200
512179200.0,0.0971156954765319,222140800
512265600.0,0.0971156954765319,219004800
512611200.0,0.0971156954765319,187801600
512697600.0,0.0936782136559486,222723200
512784000.0,0.0936782136559486,325292800
512870400.0,0.0928188189864158,211075200
512956800.0,0.0919594541192054,125955200
513216000.0,0.0936782136559486,120131200
513302400.0,0.0949673056602478,193222400
513388800.0,0.0932485461235046,135318400
513475200.0,0.0936782136559486,109984000
513561600.0,0.0928188189864158,75667200
513820800.0,0.092389166355133,84963200
513907200.0,0.0941079333424568,131398400
513993600.0,0.0971156954765319,210828800
514080000.0,0.0996938794851303,270099200
514166400.0,0.1022727265954017,247676800
514425600.0,0.1044211983680725,273548800
514512000.0,0.1027024239301681,327868800
514598400.0,0.1018423289060592,261475200
514684800.0,0.1078586801886558,458371200
514771200.0,0.1108664572238922,261072000
515030400.0,0.110007107257843,145532800
515116800.0,0.1074290350079536,132697600
515203200.0,0.1039915159344673,137782400
515289600.0,0.1039915159344673,257936000
515376000.0,0.1048508659005165,93587200
515635200.0,0.1104368343949318,149340800
515721600.0,0.1121555939316749,218534400
515808000.0,0.1082884073257446,198800000
515894400.0,0.1134446635842323,233363200
515980800.0,0.1147344782948494,222499200
516240000.0,0.1250469982624054,400422400
516326400.0,0.1237579360604286,471766400
516412800.0,0.1267664581537246,482988800
516499200.0,0.1237579360604286,222544000
516585600.0,0.1237579360604286,319244800
516844800.0,0.122468888759613,209507200
516931200.0,0.121609479188919,245795200
517017600.0,0.1271962225437164,346729600
517104000.0,0.1263368427753448,220505600
517190400.0,0.1271962225437164,139843200
517536000.0,0.1267664581537246,84649600
517622400.0,0.1280555874109268,207132800
517708800.0,0.1271962225437164,101427200
517795200.0,0.1271962225437164,127433600
518054400.0,0.127625972032547,199248000
518140800.0,0.1302040815353393,325897600
518227200.0,0.1332118362188339,300652800
518313600.0,0.1336415708065033,147884800
518400000.0,0.1297743171453476,177363200
518659200.0,0.1237579360604286,247027200
518745600.0,0.1237579360604286,246892800
518832000.0,0.1241876408457756,186860800
518918400.0,0.1237579360604286,129091200
519004800.0,0.1250469982624054,143001600
519264000.0,0.123328261077404,173600000
519350400.0,0.1177422851324081,222051200
519436800.0,0.1177422851324081,429654400
519523200.0,0.120320439338684,344646400
519609600.0,0.1237579360604286,161302400
519868800.0,0.1194610819220542,116323200
519955200.0,0.1198906898498535,141993600
520041600.0,0.123328261077404,131980800
520128000.0,0.1246172860264778,116928000
520214400.0,0.123328261077404,50198400
520473600.0,0.123328261077404,70761600
520560000.0,0.121609479188919,87718400
520646400.0,0.1241876408457756,144838400
520732800.0,0.129344642162323,181171200
521078400.0,0.122468888759613,181820800
521164800.0,0.1177422851324081,273683200
521251200.0,0.1190313622355461,365120000
521337600.0,0.121609479188919,208566400
521424000.0,0.127625972032547,224000000
521683200.0,0.1246172860264778,237440000
521769600.0,0.1198906898498535,297920000
521856000.0,0.1151642054319381,539840000
521942400.0,0.1108664572238922,250880000
522028800.0,0.1091477498412132,309120000
522288000.0,0.1151642054319381,228480000
522374400.0,0.1190313622355461,239680000
522460800.0,0.1173126175999641,179491200
522547200.0,0.1138743311166763,144569600
522633600.0,0.1168829500675201,217459200
522892800.0,0.1112961992621421,246400000
522979200.0,0.1074290350079536,595840000
523065600.0,0.1048508659005165,255360000
523152000.0,0.1074290350079536,282240000
523238400.0,0.1078586801886558,150080000
523497600.0,0.1082884073257446,130166400
523584000.0,0.1104368343949318,117891200
523670400.0,0.1069993302226066,185203200
523756800.0,0.1091477498412132,173398400
523843200.0,0.1087180748581886,110140800
524102400.0,0.1151642054319381,183433600
524188800.0,0.1177422851324081,244160000
524275200.0,0.1237579360604286,454720000
524361600.0,0.1237579360604286,230720000
524448000.0,0.1228986009955406,137177600
524707200.0,0.121609479188919,147347200
524793600.0,0.121609479188919,137782400
524880000.0,0.1246172860264778,171315200
524966400.0,0.1228986009955406,194656000
525052800.0,0.1246172860264778,115718400
525312000.0,0.1250469982624054,126403200
525398400.0,0.1259063929319381,131241600
525484800.0,0.1271962225437164,147033600
525571200.0,0.1297743171453476,219699200
525657600.0,0.1271962225437164,135228800
526003200.0,0.1194610819220542,232960000
526089600.0,0.1194610819220542,117488000
526176000.0,0.1220391914248466,198800000
526262400.0,0.1207501366734504,98492800
526521600.0,0.1194610819220542,126201600
526608000.0,0.1228986009955406,150774400
526694400.0,0.120320439338684,75667200
526780800.0,0.1121555939316749,134355200
526867200.0,0.1091477498412132,228480000
527126400.0,0.1138743311166763,222723200
527212800.0,0.1198906898498535,246400000
527299200.0,0.1177422851324081,116860800
527385600.0,0.1168829500675201,99030400
527472000.0,0.1155938431620597,127612800
527731200.0,0.1211797669529914,239680000
527817600.0,0.1241876408457756,338240000
527904000.0,0.1207501366734504,176870400
527990400.0,0.1186016723513603,187801600
528076800.0,0.1177422851324081,70022400
528336000.0,0.1117258593440055,208947200
528422400.0,0.1151642054319381,180790400
528508800.0,0.1173126175999641,138588800
528595200.0,0.1173126175999641,94819200
528681600.0,0.1160235404968261,138745600
528940800.0,0.1173126175999641,94505600
529027200.0,0.1134446635842323,127993600
529113600.0,0.1125852763652801,111574400
529200000.0,0.1134446635842323,77952000
529286400.0,0.1143048182129859,58531200
529545600.0,0.1190313622355461,99680000
529632000.0,0.1168829500675201,199337600
529718400.0,0.1147344782948494,205408000
529804800.0,0.1155938431620597,135766400
529891200.0,0.1155938431620597,151872000
530150400.0,0.1130149289965629,148982400
530236800.0,0.1125852763652801,113724800
530323200.0,0.1117258593440055,94483200
530409600.0,0.1138743311166763,123132800
530496000.0,0.1134446635842323,75331200
530755200.0,0.1168829500675201,151200000
530841600.0,0.1147344782948494,142240000
530928000.0,0.1147344782948494,85433600
531014400.0,0.1177422851324081,293440000
531100800.0,0.1190313622355461,121296000
531360000.0,0.120320439338684,151827200
531446400.0,0.1228986009955406,246400000
531532800.0,0.1271962225437164,624960000
531619200.0,0.1241876408457756,331520000
531705600.0,0.1228986009955406,143158400
531964800.0,0.121609479188919,105884800
532051200.0,0.1220391914248466,50176000
532137600.0,0.1259063929319381,130995200
532224000.0,0.1220391914248466,137513600
532310400.0,0.1211797669529914,135116800
532569600.0,0.1250469982624054,141680000
532656000.0,0.121609479188919,170060800
532742400.0,0.120320439338684,302400000
532828800.0,0.1211797669529914,295680000
532915200.0,0.1237579360604286,286720000
533174400.0,0.1306337416172027,376320000
533260800.0,0.1383688896894455,848960000
533347200.0,0.1392283141613006,506240000
533520000.0,0.137508749961853,220550400
533779200.0,0.137938380241394,347200000
533865600.0,0.1426657736301422,369600000
533952000.0,0.1469626277685165,336000000
534038400.0,0.1461032629013061,268800000
534124800.0,0.1504008919000625,262080000
534384000.0,0.1461032629013061,347200000
534470400.0,0.1456736326217651,302400000
534556800.0,0.1495407521724701,244160000
534643200.0,0.1473922729492187,226240000
534729600.0,0.1418063938617706,180118400
534988800.0,0.1435251832008361,209059200
535075200.0,0.1461032629013061,151939200
535161600.0,0.1418063938617706,151110400
535248000.0,0.1422360241413116,175056000
535334400.0,0.1448142230510711,199091200
535593600.0,0.1448142230510711,164371200
535680000.0,0.1448142230510711,244160000
535766400.0,0.1439548283815384,95760000
535939200.0,0.1409469842910766,89868800
536198400.0,0.1392283141613006,117644800
536284800.0,0.1409469842910766,148153600
536371200.0,0.1392283141613006,132563200
536544000.0,0.1405172795057296,120870400
536803200.0,0.1478220224380493,239680000
536889600.0,0.1504008919000625,324800000
536976000.0,0.15383842587471,434560000
537062400.0,0.15383842587471,291200000
537148800.0,0.1559868454933166,239680000
537408000.0,0.1564166098833084,232960000
537494400.0,0.1534087657928466,211724800
537580800.0,0.1654407531023025,504000000
537667200.0,0.1714564561843872,546560000
537753600.0,0.1675892621278762,407680000
538012800.0,0.1826290786266327,362880000
538099200.0,0.1774728149175644,775040000
538185600.0,0.1684485673904419,533120000
538272000.0,0.1804806441068649,472640000
538358400.0,0.172745481133461,459200000
538617600.0,0.1710266917943954,351680000
538704000.0,0.1813400685787201,378560000
538790400.0,0.1903642863035202,414400000
538876800.0,0.1860665827989578,557760000
538963200.0,0.1907939016819,409920000
539222400.0,0.1920829266309738,246400000
539308800.0,0.1907939016819,178617600
539395200.0,0.1890752017498016,217840000
539481600.0,0.1852072179317474,340480000
539568000.0,0.1856369525194168,293440000
539827200.0,0.1809103637933731,157001600
539913600.0,0.1813400685787201,166790400
540000000.0,0.1942313909530639,342720000
540086400.0,0.2015368789434433,710080000
540172800.0,0.2135690301656723,510720000
540518400.0,0.2281790673732757,409920000
540604800.0,0.2182954996824264,470400000
540691200.0,0.2144282609224319,313600000
540777600.0,0.2105611264705658,190646400
541036800.0,0.2170065194368362,351680000
541123200.0,0.2251712828874588,356160000
541209600.0,0.2376331239938736,454720000
541296000.0,0.2376331239938736,499520000
541382400.0,0.2406408786773681,405440000
541641600.0,0.2320463359355926,396480000
541728000.0,0.2234525233507156,436800000
541814400.0,0.2324759811162948,448000000
541900800.0,0.2354845702648162,338240000
541987200.0,0.2311869114637375,176377600
542246400.0,0.222162663936615,255360000
542332800.0,0.2294681221246719,244160000
542419200.0,0.2277494817972183,218467200
542505600.0,0.2243119329214096,302400000
542592000.0,0.2182954996824264,197612800
542851200.0,0.2243119329214096,246400000
542937600.0,0.2303275465965271,244160000
543024000.0,0.2268901616334915,302400000
543110400.0,0.2350549101829528,206729600
543196800.0,0.2346252351999282,347200000
543456000.0,0.2320463359355926,246400000
543542400.0,0.2277494817972183,268800000
543628800.0,0.2294681221246719,273280000
543715200.0,0.2311869114637375,143024000
543801600.0,0.2234525233507156,133907200
544060800.0,0.2148580700159073,259840000
544147200.0,0.2217329144477844,273280000
544233600.0,0.2294681221246719,217862400
544320000.0,0.2466572374105453,777280000
544406400.0,0.2466572374105453,539840000
544665600.0,0.2406408786773681,288960000
544752000.0,0.232905775308609,259840000
544838400.0,0.2372033447027206,230720000
544924800.0,0.2440783828496933,237440000
545011200.0,0.2415002733469009,217840000
545270400.0,0.2320463359355926,142217600
545356800.0,0.2337650805711746,407680000
545443200.0,0.2440783828496933,349440000
545529600.0,0.2457972019910812,347200000
545875200.0,0.2445080429315567,149161600
545961600.0,0.256969690322876,432320000
546048000.0,0.2552510797977447,403200000
546134400.0,0.2612674832344055,304640000
546220800.0,0.256969690322876,255360000
546480000.0,0.2578293085098266,383040000
546566400.0,0.2647050619125366,324800000
546652800.0,0.2672831416130066,291200000
546739200.0,0.2724401950836181,253120000
546825600.0,0.2750182747840881,132720000
547084800.0,0.2741588652133941,142105600
547171200.0,0.2758776247501373,230720000
547257600.0,0.2750182747840881,286720000
547344000.0,0.2758776247501373,180790400
547430400.0,0.2715808749198913,184732800
547689600.0,0.2651078701019287,197276800
547776000.0,0.2599437832832336,259840000
547862400.0,0.270271897315979,311360000
547948800.0,0.2728548347949981,148489600
548035200.0,0.2694112658500671,145958400
548294400.0,0.2608044147491455,241920000
548380800.0,0.2521967887878418,239680000
548467200.0,0.2565001547336578,288960000
548553600.0,0.2565001547336578,173801600
548640000.0,0.2552092373371124,97104000
548985600.0,0.2685505151748657,152252800
549072000.0,0.2737153768539428,180700800
549158400.0,0.2754369080066681,151222400
549244800.0,0.2719942331314087,92601600
549504000.0,0.267689973115921,83305600
549590400.0,0.2659685015678406,137491200
549676800.0,0.267689973115921,171315200
549763200.0,0.270271897315979,153596800
549849600.0,0.267689973115921,130928000
550108800.0,0.267689973115921,201846400
550195200.0,0.270271897315979,127052800
550281600.0,0.270271897315979,146227200
550368000.0,0.2719942331314087,125372800
550454400.0,0.2719942331314087,101763200
550713600.0,0.270271897315979,259840000
550800000.0,0.2857658267021179,342720000
550886400.0,0.2788795530796051,297920000
550972800.0,0.2857658267021179,229600000
551059200.0,0.2823222577571869,125440000
551318400.0,0.2892085909843445,169120000
551404800.0,0.284044474363327,80852800
551491200.0,0.2892085909843445,118720000
551577600.0,0.2788795530796051,120960000
551664000.0,0.2788795530796051,127680000
551923200.0,0.2806010246276855,101304000
552009600.0,0.2788795530796051,144480000
552096000.0,0.2754369080066681,94830400
552182400.0,0.2797402441501617,81558400
552528000.0,0.2806010246276855,85489600
552614400.0,0.270271897315979,203840000
552700800.0,0.2565001547336578,341600000
552787200.0,0.2599437832832336,239680000
552873600.0,0.2616650760173797,156800000
553132800.0,0.2788795530796051,255360000
553219200.0,0.2960948944091797,257600000
553305600.0,0.3029802441596985,271040000
553392000.0,0.3029802441596985,94584000
553478400.0,0.2978161871433258,92198400
553737600.0,0.2874872982501983,124320000
553824000.0,0.2849051654338836,110992000
553910400.0,0.2926512658596039,60928000
553996800.0,0.2874872982501983,74737600
554083200.0,0.2926512658596039,117600000
554342400.0,0.2909300327301025,56638400
554428800.0,0.2883478105068207,74289600
554515200.0,0.2823222577571869,98828800
554601600.0,0.2857658267021179,104294400
554688000.0,0.284044474363327,73046400
554947200.0,0.2771582305431366,63358400
555033600.0,0.2909300327301025,120960000
555120000.0,0.2978161871433258,129920000
555206400.0,0.3184734284877777,252000000
555292800.0,0.3201955258846283,152320000
555552000.0,0.3326754868030548,77996800
555638400.0,0.3412934243679046,271040000
555724800.0,0.3361226320266723,161280000
555811200.0,0.3378462493419647,196000000
555897600.0,0.3378462493419647,104854400
556156800.0,0.3412934243679046,145600000
556243200.0,0.3361226320266723,237440000
556329600.0,0.3447413146495819,66875200
556416000.0,0.3568072915077209,175840000
556502400.0,0.3654252290725708,140000000
556761600.0,0.360254555940628,120960000
556848000.0,0.3585309088230133,136640000
556934400.0,0.3585309088230133,196000000
557020800.0,0.3585309088230133,124320000
557107200.0,0.3585309088230133,95816000
557366400.0,0.3723204731941223,150080000
557452800.0,0.3619780838489532,138880000
557539200.0,0.3585309088230133,229600000
557625600.0,0.3533593118190765,184800000
557712000.0,0.3481884896755218,108438400
558057600.0,0.3438795804977417,175840000
558144000.0,0.3637017011642456,157920000
558230400.0,0.3705968856811523,140000000
558316800.0,0.3757675886154175,124320000
558576000.0,0.3654252290725708,81905600
558662400.0,0.3568072915077209,104608000
558748800.0,0.3568072915077209,168000000
558835200.0,0.3585309088230133,66796800
558921600.0,0.3568072915077209,71198400
559180800.0,0.3464648127555847,128800000
559267200.0,0.3731822073459625,153440000
559353600.0,0.380939245223999,254576000
559440000.0,0.3895570933818817,182560000
559526400.0,0.3964523375034332,106523200
559785600.0,0.3843863308429718,203840000
559872000.0,0.3757675886154175,171360000
559958400.0,0.3895570933818817,122080000
560044800.0,0.4016229212284088,116480000
560131200.0,0.4033466875553131,96499200
560390400.0,0.4085182547569275,134400000
560476800.0,0.3843863308429718,201600000
560563200.0,0.3826627135276794,224000000
560649600.0,0.3740439116954803,164640000
560736000.0,0.3731822073459625,145600000
560995200.0,0.3671487867832184,199360000
561081600.0,0.3757675886154175,162400000
561168000.0,0.3671487867832184,258720000
561254400.0,0.3585309088230133,348320000
561340800.0,0.3326754868030548,420000000
561600000.0,0.251661092042923,476000000
561686400.0,0.2378715723752975,568960000
561772800.0,0.2792401909828186,534240000
561859200.0,0.2533846199512481,385280000
561945600.0,0.2447659373283386,198240000
562204800.0,0.193054974079132,313600000
562291200.0,0.2085680961608886,455840000
562377600.0,0.230976328253746,418880000
562464000.0,0.2723457515239715,331520000
562550400.0,0.2663122415542602,421120000
562809600.0,0.2671740651130676,188160000
562896000.0,0.2499374151229858,313600000
562982400.0,0.2482137978076934,234080000
563068800.0,0.2620033025741577,255360000
563155200.0,0.2602797448635101,187040000
563414400.0,0.2568317651748657,210560000
563500800.0,0.2499374151229858,231840000
563587200.0,0.2568317651748657,185920000
563673600.0,0.2671740651130676,246400000
563760000.0,0.2568317651748657,154560000
564019200.0,0.2533846199512481,184800000
564105600.0,0.2418449372053146,268800000
564192000.0,0.2504825294017792,265440000
564278400.0,0.238390251994133,182560000
564364800.0,0.2452997267246246,250880000
564624000.0,0.2504825294017792,97395200
564710400.0,0.2556644678115845,197120000
564796800.0,0.2522098422050476,92400000
564969600.0,0.2418449372053146,70683200
565228800.0,0.2280253618955612,416640000
565315200.0,0.2297527939081192,181440000
565401600.0,0.2245705872774124,142240000
565488000.0,0.2107502222061157,319200000
565574400.0,0.212478369474411,244160000
565833600.0,0.2280253618955612,203840000
565920000.0,0.238390251994133,254240000
566006400.0,0.2418449372053146,179200000
566092800.0,0.240117609500885,276640000
566179200.0,0.2349346727132797,122080000
566438400.0,0.2573918998241424,341600000
566524800.0,0.259119302034378,299040000
566611200.0,0.271211564540863,330400000
566697600.0,0.271211564540863,325920000
566784000.0,0.279849112033844,302400000
567043200.0,0.2884865701198578,188160000
567129600.0,0.2867592573165893,128800000
567216000.0,0.2919413447380066,171360000
567302400.0,0.294532299041748,69944000
567648000.0,0.2781218290328979,229600000
567734400.0,0.2910776436328888,118720000
567820800.0,0.2997151911258697,155680000
567907200.0,0.2902140617370605,117600000
568252800.0,0.3092163503170013,330400000
568339200.0,0.3083526790142059,309120000
568425600.0,0.3023061454296112,268800000
568512000.0,0.3074882328510284,212800000
568598400.0,0.2763943374156952,486080000
568857600.0,0.2936686277389526,404320000
568944000.0,0.2902140617370605,400960000
569030400.0,0.2919413447380066,211680000
569116800.0,0.2919413447380066,132160000
569203200.0,0.2962605059146881,343840000
569462400.0,0.2953959703445434,125440000
569548800.0,0.2953959703445434,274400000
569635200.0,0.2746670246124267,680960000
569721600.0,0.2772580981254577,493920000
569808000.0,0.271211564540863,445760000
570067200.0,0.2824399471282959,200480000
570153600.0,0.2746670246124267,143360000
570240000.0,0.2746670246124267,258720000
570326400.0,0.2850318849086761,232960000
570412800.0,0.2867592573165893,265440000
570672000.0,0.2884865701198578,199360000
570758400.0,0.2850318849086761,191520000
570844800.0,0.2729395925998688,226240000
570931200.0,0.2746670246124267,199360000
571017600.0,0.266893059015274,132160000
571276800.0,0.2677567303180694,203840000
571363200.0,0.2746670246124267,116480000
571449600.0,0.2833037972450256,228480000
571536000.0,0.2807126343250274,147840000
571622400.0,0.2838624715805053,137760000
571968000.0,0.2855940461158752,154560000
572054400.0,0.2899209260940552,256480000
572140800.0,0.2890556454658508,143360000
572227200.0,0.2890556454658508,90764800
572486400.0,0.2994410097599029,200480000
572572800.0,0.2959785759449005,220640000
572659200.0,0.292517215013504,145600000
572745600.0,0.2890556454658508,179200000
572832000.0,0.2890556454658508,82342400
573091200.0,0.297710120677948,112000000
573177600.0,0.2994410097599029,171360000
573264000.0,0.3098263144493103,292320000
573350400.0,0.3219424784183502,473760000
573436800.0,0.3245384395122528,209440000
573696000.0,0.3245384395122528,207200000
573782400.0,0.3202108442783355,144480000
573868800.0,0.3236730694770813,134400000
573955200.0,0.3132878541946411,176960000
574041600.0,0.3167493343353271,157920000
574300800.0,0.3202108442783355,98123200
574387200.0,0.3115569055080414,181440000
574473600.0,0.3193456530570984,118720000
574560000.0,0.3115569055080414,260960000
574646400.0,0.3098263144493103,272160000
574905600.0,0.3037678003311157,227360000
574992000.0,0.3046332001686096,119179200
575078400.0,0.2942478954792022,209440000
575164800.0,0.2829970717430115,320320000
575251200.0,0.2778049111366272,131040000
575510400.0,0.2873247265815735,172480000
575596800.0,0.2838624715805053,213920000
575683200.0,0.2734780013561249,371840000
575769600.0,0.2769394814968109,217280000
576115200.0,0.2682848572731018,181440000
576201600.0,0.2717465162277221,147840000
576288000.0,0.2890556454658508,190400000
576374400.0,0.2821318209171295,163520000
576460800.0,0.2838624715805053,202720000
576720000.0,0.2873247265815735,148960000
576806400.0,0.2890556454658508,173600000
576892800.0,0.2855940461158752,143360000
576979200.0,0.2734780013561249,188160000
577065600.0,0.2734780013561249,232960000
577324800.0,0.2769394814968109,170240000
577411200.0,0.2786702811717987,212329600
577497600.0,0.2752087414264679,215040000
577584000.0,0.2734780013561249,178080000
577670400.0,0.2778049111366272,107643200
577929600.0,0.2829970717430115,150080000
578016000.0,0.2873247265815735,175840000
578102400.0,0.2890556454658508,126560000
578188800.0,0.2864593863487243,99164800
578275200.0,0.2838624715805053,89992000
578534400.0,0.2838624715805053,82196800
578620800.0,0.2890556454658508,124320000
578707200.0,0.2907864153385162,224000000
578793600.0,0.2890556454658508,70459200
578880000.0,0.2855940461158752,107038400
579139200.0,0.2821318209171295,76372800
579225600.0,0.2829970717430115,95905600
579312000.0,0.2734780013561249,174720000
579398400.0,0.2752087414264679,82980800
579484800.0,0.2804009616374969,71400000
579744000.0,0.2861591279506683,74760000
579830400.0,0.2809557616710663,193760000
579916800.0,0.2757531106472015,174720000
580003200.0,0.270549863576889,249760000
580089600.0,0.2688156962394714,81737600
580348800.0,0.2636130750179291,183680000
580435200.0,0.2696827352046966,142240000
580521600.0,0.2670815885066986,135520000
580608000.0,0.2731519043445587,85780800
580694400.0,0.2757531106472015,83955200
581040000.0,0.2878932952880859,123200000
581126400.0,0.2948299050331116,229600000
581212800.0,0.2896274030208587,133280000
581299200.0,0.2982992231845855,175840000
581558400.0,0.305235892534256,164640000
581644800.0,0.305235892534256,311360000
581731200.0,0.3121732771396637,258720000
581817600.0,0.3017675876617431,269920000
581904000.0,0.3087043166160583,176960000
582163200.0,0.3121732771396637,148960000
582249600.0,0.3139075338840484,292420800
582336000.0,0.317376047372818,122080000
582422400.0,0.3087043166160583,107374400
582508800.0,0.3104391992092132,95390400
582768000.0,0.3061030805110931,78601600
582854400.0,0.3113062977790832,123592000
582940800.0,0.3165088295936584,195563200
583027200.0,0.3121732771396637,71388800
583113600.0,0.3121732771396637,74715200
583372800.0,0.3087043166160583,83619200
583459200.0,0.3208443224430084,162568000
583545600.0,0.3217122256755829,143449600
583632000.0,0.3208443224430084,114688000
583718400.0,0.3225793838500976,94539200
584064000.0,0.3277817964553833,104451200
584150400.0,0.3225793838500976,156553600
584236800.0,0.3182430863380432,105604800
584323200.0,0.3139075338840484,105392000
584582400.0,0.3130405247211456,73628800
584668800.0,0.3104391992092132,100900800
584755200.0,0.3104391992092132,115169600
584841600.0,0.3121732771396637,62809600
584928000.0,0.3121732771396637,83025600
585187200.0,0.315641850233078,113500800
585273600.0,0.3104391992092132,122304000
585360000.0,0.3069701194763183,120086400
585446400.0,0.2982992231845855,149027200
585532800.0,0.2948299050331116,103846400
585792000.0,0.2965640723705292,105896000
585878400.0,0.2965640723705292,101528000
585964800.0,0.2965640723705292,116524800
586051200.0,0.2956971228122711,92680000
586137600.0,0.3078371286392212,158950400
586396800.0,0.3121732771396637,85937600
586483200.0,0.3095720410346985,121284800
586569600.0,0.3104391992092132,110846400
586656000.0,0.3095720410346985,68913600
586742400.0,0.3069701194763183,52662400
587001600.0,0.305235892534256,29937600
587088000.0,0.3017675876617431,170027200
587174400.0,0.2904945015907287,147806400
587260800.0,0.3000333905220032,106052800
587347200.0,0.2948299050331116,77481600
587606400.0,0.2866985201835632,166678400
587692800.0,0.2953857779502868,122752000
587779200.0,0.2919108271598816,118944000
587865600.0,0.2953857779502868,74065600
587952000.0,0.2832228541374206,227360000
588211200.0,0.2762730121612549,170195200
588297600.0,0.2745357155799866,163576000
588384000.0,0.2832228541374206,125473600
588470400.0,0.2788792848587036,127680000
588556800.0,0.2797479927539825,40152000
588816000.0,0.2840915024280548,57232000
588902400.0,0.2840915024280548,50568000
588988800.0,0.277141809463501,237686400
589075200.0,0.2701912522315979,246736000
589161600.0,0.2762730121612549,186300800
589507200.0,0.2701912522315979,143449600
589593600.0,0.2658475935459137,179110400
589680000.0,0.2693224549293518,207256000
589766400.0,0.2814853191375732,234673600
590025600.0,0.2849602699279785,148030400
590112000.0,0.2849602699279785,119683200
590198400.0,0.2919108271598816,238571200
590284800.0,0.2893046736717224,165760000
590371200.0,0.2936483323574066,123760000
590630400.0,0.2901734113693237,92131200
590716800.0,0.2884360253810882,102681600
590803200.0,0.2971231639385223,91347200
590889600.0,0.3058112561702728,145667200
590976000.0,0.3040738403797149,101483200
591235200.0,0.2971231639385223,87035200
591321600.0,0.3014677464962005,162982400
591408000.0,0.3023363947868347,84694400
591494400.0,0.3058112561702728,106075200
591580800.0,0.3005989789962768,92892800
591840000.0,0.2953857779502868,90776000
591926400.0,0.2884360253810882,51654400
592012800.0,0.2840915024280548,123200000
592099200.0,0.2762730121612549,167764800
592185600.0,0.2762730121612549,457587200
592444800.0,0.2675850689411163,332640000
592531200.0,0.2710599303245544,194555200
592617600.0,0.2693224549293518,132944000
592704000.0,0.2710599303245544,164460800
592790400.0,0.2693224549293518,157248000
593049600.0,0.2675850689411163,93688000
593136000.0,0.2736668288707733,142598400
593222400.0,0.2780105173587799,277323200
593308800.0,0.2884360253810882,173465600
593395200.0,0.2849602699279785,123603200
593654400.0,0.2780105173587799,135161600
593740800.0,0.277141809463501,85187200
593827200.0,0.2727973461151123,188720000
593913600.0,0.2710599303245544,143684800
594000000.0,0.2675850689411163,84481600
594259200.0,0.2684536874294281,242905600
594345600.0,0.2641099691390991,143696000
594432000.0,0.2588968276977539,208521600
594518400.0,0.2580282092094421,242457600
594604800.0,0.2623725831508636,153798400
594864000.0,0.2606343924999237,170083200
594950400.0,0.2675850689411163,154526400
595036800.0,0.2727973461151123,201723200
595123200.0,0.2745357155799866,99915200
595209600.0,0.2675850689411163,108684800
595468800.0,0.2701912522315979,85232000
595555200.0,0.2710599303245544,80001600
595641600.0,0.2641099691390991,147840000
595728000.0,0.2658475935459137,79542400
595814400.0,0.2641099691390991,57590400
596073600.0,0.2552250623703003,221905600
596160000.0,0.2517409324645996,148187200
596246400.0,0.256967157125473,187992000
596419200.0,0.254354178905487,48294400
596678400.0,0.254354178905487,139361600
596764800.0,0.2560961544513702,92668800
596851200.0,0.2621939778327942,167843200
596937600.0,0.2700330913066864,212161600
597024000.0,0.2735171616077423,333715200
597283200.0,0.2752601504325866,154414400
597369600.0,0.2752601504325866,104932800
597456000.0,0.2743890285491943,98134400
597542400.0,0.2726462781429291,59460800
597628800.0,0.2726462781429291,44956800
597888000.0,0.2682910859584808,117880000
597974400.0,0.2700330913066864,122550400
598060800.0,0.2770020663738251,193300800
598147200.0,0.2752601504325866,112571200
598233600.0,0.2796151638031006,183489600
598492800.0,0.283970296382904,234326400
598579200.0,0.2857122719287872,274187200
598665600.0,0.290939062833786,241964800
598752000.0,0.2857122719287872,106030400
598838400.0,0.2865841388702392,40958400
599184000.0,0.2822281718254089,59987200
599270400.0,0.2804862856864929,51542400
599356800.0,0.2822281718254089,117812800
599443200.0,0.2804862856864929,81692800
599788800.0,0.2813571989536285,100016000
599875200.0,0.2926811575889587,239948800
599961600.0,0.294423371553421,307328000
600048000.0,0.297036349773407,198665600
600307200.0,0.2996502816677093,79307200
600393600.0,0.297036349773407,103320000
600480000.0,0.2935522794723511,156128000
600566400.0,0.2979072332382202,150315200
600652800.0,0.3013922274112701,193905600
600912000.0,0.304876297712326,168593600
600998400.0,0.2813571989536285,756604800
601084800.0,0.2770020663738251,487928000
601171200.0,0.2822281718254089,255987200
601257600.0,0.2857122719287872,173734400
601516800.0,0.2857122719287872,180532800
601603200.0,0.2900681793689728,223294400
601689600.0,0.2891971170902252,110936000
601776000.0,0.290939062833786,285264000
601862400.0,0.2621939778327942,2127171200
602121600.0,0.2604512572288513,586499200
602208000.0,0.2630650103092193,460353600
602294400.0,0.2735171616077423,487558400
602380800.0,0.2770020663738251,473491200
602467200.0,0.2735171616077423,178908800
602726400.0,0.2682910859584808,116737600
602812800.0,0.2717751562595367,165155200
602899200.0,0.2665490806102752,157012800
602985600.0,0.2665490806102752,160809600
603072000.0,0.2595802545547485,348342400
603331200.0,0.2578382492065429,235188800
603417600.0,0.2491271048784256,891576000
603504000.0,0.2526119649410248,330624000
603590400.0,0.2534829676151275,255696000
603676800.0,0.2568021118640899,116849600
604022400.0,0.2620427310466766,190556800
604108800.0,0.2568021118640899,238324800
604195200.0,0.2568021118640899,95368000
604281600.0,0.2515616714954376,152129600
604540800.0,0.2550553977489471,115920000
604627200.0,0.2533085346221924,176019200
604713600.0,0.2515616714954376,170128000
604800000.0,0.2445735335350036,376331200
604886400.0,0.2428266704082489,387777600
605145600.0,0.2480672150850296,168515200
605232000.0,0.2498140335083007,260691200
605318400.0,0.2463203221559524,216294400
605404800.0,0.2410798221826553,133436800
605491200.0,0.2445735335350036,102715200
605750400.0,0.2445735335350036,131107200
605836800.0,0.2463203221559524,161940800
605923200.0,0.2445735335350036,90059200
606009600.0,0.2463203221559524,192236800
606096000.0,0.2437001168727874,237126400
606355200.0,0.2437001168727874,181451200
606441600.0,0.2437001168727874,128195200
606528000.0,0.2367118895053863,144849600
606614400.0,0.2402063608169555,118910400
606960000.0,0.2358385324478149,151659200
607046400.0,0.2375853210687637,141254400
607132800.0,0.2393330037593841,74401600
607219200.0,0.2428266704082489,105246400
607305600.0,0.2489405423402786,185348800
607564800.0,0.2445735335350036,166286400
607651200.0,0.2410798221826553,115729600
607737600.0,0.2445735335350036,120254400
607824000.0,0.2515616714954376,156374400
607910400.0,0.2611692547798157,354984000
608169600.0,0.2585490047931671,135374400
608256000.0,0.2637903392314911,146540800
608342400.0,0.269030898809433,387912000
608428800.0,0.269030898809433,181272000
608515200.0,0.2707777619361877,123356800
608774400.0,0.2742713093757629,140145600
608860800.0,0.2803861200809479,560985600
608947200.0,0.2856266796588897,425880000
609033600.0,0.2847531735897064,179816000
609120000.0,0.2803861200809479,115169600
609379200.0,0.2803861200809479,110790400
609465600.0,0.2795127034187317,116177600
609552000.0,0.2777658402919769,186132800
609638400.0,0.2751456201076507,139384000
609724800.0,0.2725245356559753,103857600
609984000.0,0.2725245356559753,80662400
610070400.0,0.2786393165588379,215745600
610156800.0,0.281259536743164,220539200
610243200.0,0.2865000665187835,188910400
610329600.0,0.2899945378303528,460756800
610588800.0,0.295235127210617,205923200
610675200.0,0.2969818711280823,346774400
610761600.0,0.3022231459617615,234438400
610848000.0,0.3065903484821319,300944000
610934400.0,0.3144518136978149,467140800
611193600.0,0.3214392364025116,317900800
611280000.0,0.3170720636844635,228670400
611366400.0,0.3161987662315368,248460800
611452800.0,0.3127050995826721,211254400
611539200.0,0.319692462682724,330769600
611798400.0,0.3221434652805328,190400000
611884800.0,0.3186421394348144,134467200
611971200.0,0.3343988955020904,297606400
612057600.0,0.3379011154174804,232366400
612144000.0,0.3396518528461456,112515200
612489600.0,0.3326482772827148,111921600
612576000.0,0.3343988955020904,115214400
612662400.0,0.341402530670166,179502400
612748800.0,0.3431530296802521,124476800
613008000.0,0.3291469514369964,124118400
613094400.0,0.3273962736129761,145006400
613180800.0,0.3379011154174804,175672000
613267200.0,0.3335235714912414,178012800
613353600.0,0.3291469514369964,94416000
613612800.0,0.3326482772827148,80864000
613699200.0,0.3396518528461456,230977600
613785600.0,0.3475298285484314,251305600
613872000.0,0.3326482772827148,161403200
613958400.0,0.3116386234760284,542001600
614217600.0,0.3081373572349548,183120000
614304000.0,0.3011347353458404,134534400
614390400.0,0.2976326048374176,129864000
614476800.0,0.302885353565216,137200000
614563200.0,0.3072620332241058,123894400
614822400.0,0.304636001586914,183836800
614908800.0,0.2985078692436218,105784000
614995200.0,0.2923806309700012,257028800
615081600.0,0.284501850605011,233520000
615168000.0,0.2888792157173157,164740800
615427200.0,0.28537717461586,48350400
615600000.0,0.2836264669895172,119156800
615686400.0,0.2888792157173157,173924800
615772800.0,0.2888792157173157,106108800
616032000.0,0.2836264669895172,203694400
616118400.0,0.2783744037151336,243924800
616204800.0,0.2801251411437988,124129600
616291200.0,0.284501850605011,225433600
616377600.0,0.28537717461586,257320000
616636800.0,0.28537717461586,130894400
616723200.0,0.2748721539974212,477310400
616809600.0,0.2836264669895172,238974400
616896000.0,0.2801251411437988,236073600
616982400.0,0.2801251411437988,139484800
617241600.0,0.2748721539974212,115987200
617328000.0,0.2713708579540252,209843200
617414400.0,0.2678696811199188,233744000
617500800.0,0.2748721539974212,173073600
617587200.0,0.2757483720779419,119336000
617846400.0,0.2783744037151336,111865600
617932800.0,0.279249757528305,139540800
618019200.0,0.2836264669895172,101404800
618105600.0,0.2888792157173157,172939200
618192000.0,0.2993832230567932,183355200
618451200.0,0.3063866198062897,168212800
618537600.0,0.3090127110481262,206192000
618624000.0,0.3081373572349548,195160000
618710400.0,0.302885353565216,152364800
618796800.0,0.2932559251785278,230081600
619056000.0,0.28537717461586,102827200
619142400.0,0.2897545397281647,163732800
619228800.0,0.282751053571701,120534400
619315200.0,0.2871277630329132,153316800
619401600.0,0.29588183760643,84067200
619660800.0,0.2965839803218841,137827200
619747200.0,0.3009718060493469,111832000
619833600.0,0.3071137964725494,173644800
619920000.0,0.3097459375858307,162926400
620006400.0,0.314133733510971,161392000
620265600.0,0.314133733510971,81659200
620352000.0,0.3097459375858307,176904000
620438400.0,0.3123782575130462,116099200
620524800.0,0.3123782575130462,56291200
620611200.0,0.3132564127445221,74121600
620956800.0,0.314133733510971,114822400
621043200.0,0.314133733510971,86755200
621129600.0,0.314133733510971,113892800
621216000.0,0.3158886432647705,55832000
621475200.0,0.3211530745029449,98593600
621561600.0,0.3229077458381653,103588800
621648000.0,0.3158886432647705,128688000
621734400.0,0.314133733510971,131286400
621820800.0,0.3158886432647705,124868800
622080000.0,0.3088684976100921,63156800
622166400.0,0.3036040365695953,80796800
622252800.0,0.3132564127445221,118148800
622339200.0,0.314133733510971,200961600
622425600.0,0.3150111734867096,72497600
622684800.0,0.3176434934139251,136158400
622771200.0,0.3176434934139251,77324800
622857600.0,0.314133733510971,90126400
622944000.0,0.3193981349468231,79419200
623030400.0,0.3123782575130462,69809600
623289600.0,0.3115006983280182,137401600
623376000.0,0.3062362372875213,170497600
623462400.0,0.3106232583522796,159174400
623548800.0,0.3193981349468231,245280000
623635200.0,0.3378253877162933,361704000
623894400.0,0.3474770188331604,195552000
623980800.0,0.3474770188331604,287123200
624067200.0,0.3430898487567901,156956800
624153600.0,0.3422125577926636,82644800
624240000.0,0.3211530745029449,201118400
624499200.0,0.3281731605529785,424916800
624585600.0,0.3316828906536102,250040000
624672000.0,0.3387028872966766,144032000
624758400.0,0.3422125577926636,111899200
624844800.0,0.3369471728801727,261508800
625104000.0,0.3281731605529785,121956800
625190400.0,0.3343149423599243,216440000
625276800.0,0.3264182507991791,119145600
625363200.0,0.3176434934139251,169265600
625449600.0,0.3176434934139251,129416000
625708800.0,0.3211530745029449,86979200
625795200.0,0.3264182507991791,91996800
625881600.0,0.3237854838371277,61185600
625968000.0,0.3088684976100921,452670400
626054400.0,0.3036040365695953,174652800
626313600.0,0.3036040365695953,123088000
626400000.0,0.3088684976100921,151323200
626486400.0,0.3158886432647705,142632000
626572800.0,0.3229077458381653,88188800
626659200.0,0.3281731605529785,64859200
626918400.0,0.3264182507991791,68017600
627004800.0,0.314133733510971,84380800
627091200.0,0.3106232583522796,97787200
627177600.0,0.314133733510971,96566400
627264000.0,0.3149076998233795,88558400
627523200.0,0.3184260427951813,108068800
627609600.0,0.3184260427951813,140246400
627696000.0,0.3149076998233795,97944000
627868800.0,0.3149076998233795,27854400
628128000.0,0.3096294999122619,105145600
628214400.0,0.3105090260505676,135374400
628300800.0,0.3096294999122619,152947200
628387200.0,0.3113886415958404,63448000
628473600.0,0.3096294999122619,146227200
628732800.0,0.3184260427951813,97361600
628819200.0,0.3166669905185699,121766400
628905600.0,0.300832986831665,334980800
628992000.0,0.300832986831665,178416000
629078400.0,0.2937964797019958,252582400
629337600.0,0.2762032747268677,650014400
629424000.0,0.2533336877822876,1025416000
629510400.0,0.2533336877822876,389760000
629596800.0,0.2454167753458023,304752000
629683200.0,0.2374997287988662,518168000
629942400.0,0.2445371448993683,307204800
630028800.0,0.2462963163852691,251193600
630115200.0,0.2515738308429718,177990400
630201600.0,0.2550927400588989,304808000
630288000.0,0.2568521201610565,184587200
630633600.0,0.2498146146535873,135284800
630720000.0,0.247175857424736,257006400
630806400.0,0.2436576336622238,151256000
630892800.0,0.2480553388595581,152409600
631238400.0,0.2621293663978576,183198400
631324800.0,0.2638884484767914,207995200
631411200.0,0.2647689282894134,221513600
631497600.0,0.2656484842300415,123312000
631756800.0,0.2674075663089752,101572800
631843200.0,0.2647689282894134,86139200
631929600.0,0.2533336877822876,199718400
632016000.0,0.2427779287099838,211052800
632102400.0,0.2427779287099838,171897600
632361600.0,0.2410187870264053,161739200
632448000.0,0.2454167753458023,214244800
632534400.0,0.2339814454317093,197299200
632620800.0,0.2278244495391845,273291200
632707200.0,0.2410187870264053,265137600
632966400.0,0.2339814454317093,145611200
633052800.0,0.2374997287988662,140873600
633139200.0,0.2392589151859283,169792000
633225600.0,0.240139365196228,111540800
633312000.0,0.2304631620645523,181249600
633571200.0,0.2339814454317093,119929600
633657600.0,0.2392589151859283,116446400
633744000.0,0.2392589151859283,143942400
633830400.0,0.2366200983524322,117073600
633916800.0,0.2410187870264053,118473600
634176000.0,0.2462963163852691,101752000
634262400.0,0.2445371448993683,73920000
634348800.0,0.2339814454317093,312446400
634435200.0,0.2322222888469696,186636800
634521600.0,0.2410187870264053,168078400
634780800.0,0.2392589151859283,74916800
634867200.0,0.2427779287099838,102166400
634953600.0,0.2410187870264053,96062400
635040000.0,0.2410187870264053,97966400
635126400.0,0.2382649332284927,127209600
635472000.0,0.2365000247955322,123244800
635558400.0,0.2400296181440353,175907200
635644800.0,0.2329704463481903,195182400
635731200.0,0.2347352355718612,149956800
635990400.0,0.2400296181440353,79609600
636076800.0,0.2365000247955322,73953600
636163200.0,0.2400296181440353,109334400
636249600.0,0.2417952269315719,203896000
636336000.0,0.2382649332284927,104899200
636595200.0,0.24356010556221,182470400
636681600.0,0.2488545626401901,156016000
636768000.0,0.2497369050979614,204220800
636854400.0,0.2594441771507263,223843200
636940800.0,0.2603266835212707,230473600
637200000.0,0.2585616707801819,163956800
637286400.0,0.2603266835212707,148579200
637372800.0,0.2612090408802032,101785600
637459200.0,0.2594441771507263,120232000
637545600.0,0.2841532826423645,644761600
637804800.0,0.2991549372673034,431793600
637891200.0,0.2920955717563629,391316800
637977600.0,0.2938604056835174,152734400
638064000.0,0.2876828610897064,231660800
638150400.0,0.2982726097106933,227987200
638409600.0,0.2982726097106933,128060800
638496000.0,0.2965076565742492,84604800
638582400.0,0.2912132441997528,102939200
638668800.0,0.2903307974338531,96891200
638755200.0,0.2841532826423645,223350400
639014400.0,0.2841532826423645,148769600
639100800.0,0.2947427928447723,139708800
639187200.0,0.2912132441997528,149732800
639273600.0,0.2841532826423645,108192000
639360000.0,0.2815060317516327,118238400
639619200.0,0.2903307974338531,105481600
639705600.0,0.2912132441997528,131320000
639792000.0,0.3000373542308807,213158400
639878400.0,0.3053325116634369,211803200
640224000.0,0.3088622689247131,226889600
640310400.0,0.3053325116634369,131107200
640396800.0,0.3053325116634369,193446400
640483200.0,0.2841532826423645,481476800
640569600.0,0.2841532826423645,323523200
640828800.0,0.2806234657764435,128352000
640915200.0,0.2735634446144104,303732800
641001600.0,0.2735634446144104,132574400
641088000.0,0.2744459807872772,142161600
641174400.0,0.2762107849121094,116412800
641433600.0,0.2779763042926788,136393600
641520000.0,0.2797411382198334,163609600
641606400.0,0.2806234657764435,135430400
641692800.0,0.2823884487152099,166308800
641779200.0,0.2823884487152099,169534400
642038400.0,0.2929781079292297,135990400
642124800.0,0.2947427928447723,112459200
642211200.0,0.2956252992153168,97238400
642297600.0,0.2920955717563629,179043200
642384000.0,0.3009197115898132,215241600
642643200.0,0.2947427928447723,226385600
642729600.0,0.2947427928447723,149385600
642816000.0,0.2938604056835174,87304000
642902400.0,0.2929781079292297,153585600
642988800.0,0.2806234657764435,258462400
643248000.0,0.279632419347763,262483200
643334400.0,0.292906105518341,301089600
643420800.0,0.2973302900791168,207513600
643507200.0,0.2973302900791168,148131200
643593600.0,0.2831720113754272,323321600
643939200.0,0.2902507185935974,243208000
644025600.0,0.292906105518341,276819200
644112000.0,0.2920212745666504,103084800
644198400.0,0.2884809076786041,157236800
644457600.0,0.2884809076786041,179424000
644544000.0,0.279632419347763,299432000
644630400.0,0.279632419347763,211747200
644716800.0,0.2760923206806183,186435200
644803200.0,0.2707832455635071,333883200
645062400.0,0.2760923206806183,157897600
645148800.0,0.2867112457752228,165032000
645235200.0,0.2814022004604339,138947200
645321600.0,0.2814022004604339,140324800
645408000.0,0.279632419347763,144144000
645667200.0,0.2778618335723877,111395200
645753600.0,0.2805172801017761,157225600
645840000.0,0.2831720113754272,154739200
645926400.0,0.2964454591274261,208600000
646012800.0,0.2937909066677093,283976000
646272000.0,0.2920212745666504,122001600
646358400.0,0.2875961065292358,127254400
646444800.0,0.2937909066677093,97227200
646531200.0,0.3044100999832153,249939200
646617600.0,0.3167987167835235,325192000
646876800.0,0.3114887475967407,135408000
646963200.0,0.3114887475967407,99500800
647136000.0,0.3079494535923004,107464000
647222400.0,0.3167987167835235,209059200
647481600.0,0.3300723731517792,315459200
647568000.0,0.3327270150184631,361424000
647654400.0,0.3327270150184631,246153600
647740800.0,0.3353815972805023,182470400
647827200.0,0.3309572041034698,230977600
648086400.0,0.3229927718639374,179704000
648172800.0,0.3132586479187011,136852800
648259200.0,0.3159138858318329,288366400
648345600.0,0.2955605089664459,585984000
648432000.0,0.2902507185935974,191844800
648691200.0,0.2937909066677093,270188800
648777600.0,0.2982152700424194,193916800
648864000.0,0.2991001605987549,104921600
648950400.0,0.292906105518341,80337600
649036800.0,0.292906105518341,62316800
649296000.0,0.2999849021434784,85456000
649382400.0,0.2973302900791168,96006400
649468800.0,0.2999849021434784,93508800
649555200.0,0.3079494535923004,223126400
649641600.0,0.2920212745666504,268968000
649900800.0,0.279632419347763,179659200
649987200.0,0.279632419347763,198531200
650073600.0,0.284056693315506,102536000
650160000.0,0.279632419347763,96387200
650246400.0,0.2743226289749145,102704000
650505600.0,0.2822870910167694,156116800
650592000.0,0.2814022004604339,98168000
650678400.0,0.2778618335723877,92052800
650764800.0,0.2725528478622436,123894400
650851200.0,0.258394330739975,246108800
651110400.0,0.2609504163265228,75062400
651196800.0,0.2574002146720886,161044800
651283200.0,0.2494118213653564,122718400
651369600.0,0.2449740022420883,143696000
651456000.0,0.2520743906497955,73416000
651715200.0,0.2680514454841614,117465600
651801600.0,0.2707140147686004,80192000
651888000.0,0.2645005285739898,150931200
651974400.0,0.2574002146720886,122595200
652060800.0,0.2627254426479339,99456000
652406400.0,0.2627254426479339,82745600
652492800.0,0.2556252181529999,64052800
652579200.0,0.2538493573665619,87628800
652665600.0,0.2582877576351166,58172800
652924800.0,0.2538493573665619,75980800
653011200.0,0.2414230555295944,178270400
653097600.0,0.2414230555295944,100408000
653184000.0,0.2396480292081833,97260800
653270400.0,0.2414230555295944,113915200
653529600.0,0.2396480292081833,77672000
653616000.0,0.2369855791330337,124611200
653702400.0,0.2307727634906768,182459200
653788800.0,0.2245592921972274,100934400
653875200.0,0.2236717492341995,153865600
654134400.0,0.2147956788539886,138499200
654220800.0,0.2130206525325775,157953600
654307200.0,0.2112455517053604,94136000
654393600.0,0.2005944401025772,142340800
654480000.0,0.2059203684329986,176041600
654739200.0,0.2165706902742386,155657600
654825600.0,0.2103580236434936,270984000
654912000.0,0.1917182952165603,268240000
654998400.0,0.1988193243741989,213494400
655084800.0,0.1988193243741989,99489600
655344000.0,0.2068079262971878,61532800
655430400.0,0.1988193243741989,120579200
655516800.0,0.1881681829690933,147907200
655603200.0,0.1970442533493042,205979200
655689600.0,0.2005944401025772,228648000
655948800.0,0.1970442533493042,201017600
656035200.0,0.1775170266628265,305233600
656121600.0,0.1881681829690933,309064000
656208000.0,0.2023694217205047,315000000
656294400.0,0.2227842360734939,933732800
656553600.0,0.2210091948509216,252739200
656640000.0,0.2201216369867324,167048000
656726400.0,0.2165706902742386,141825600
656812800.0,0.2130206525325775,153462400
656899200.0,0.2130206525325775,134198400
657158400.0,0.2121331095695495,123480000
657244800.0,0.215683251619339,98044800
657331200.0,0.2183466255664825,148758400
657417600.0,0.2165706902742386,90652800
657504000.0,0.2254468351602554,148612800
657763200.0,0.2360979914665222,184475200
657849600.0,0.2378731220960617,184766400
657936000.0,0.2360979914665222,202977600
658022400.0,0.2449740022420883,199248000
658108800.0,0.2520743906497955,198228800
658368000.0,0.2574002146720886,145051200
658454400.0,0.2556252181529999,141948800
658540800.0,0.2627254426479339,190747200
658627200.0,0.2556252181529999,161772800
658713600.0,0.250245600938797,183008000
658972800.0,0.2591512203216553,223910400
659059200.0,0.2529170215129852,153630400
659145600.0,0.257370263338089,123211200
659318400.0,0.2591512203216553,53200000
659577600.0,0.2618227303028106,81457600
659664000.0,0.2671657502651214,164584000
659750400.0,0.2618227303028106,174910400
659836800.0,0.2618227303028106,126705600
659923200.0,0.2618227303028106,121508800
660182400.0,0.2716190218925476,165401600
660268800.0,0.2742905020713806,152152000
660355200.0,0.2858678102493286,218388800
660441600.0,0.2938831150531769,532246400
660528000.0,0.302788108587265,329660800
660787200.0,0.2974449396133423,250588800
660873600.0,0.284977376461029,347883200
660960000.0,0.2823058366775512,242356800
661046400.0,0.2903201878070831,160731200
661132800.0,0.2840867638587951,87068800
661392000.0,0.2858678102493286,131107200
661478400.0,0.3010071218013763,220987200
661564800.0,0.2983355820178985,140660800
661651200.0,0.3134747147560119,401072000
661737600.0,0.3205995559692383,346136000
661996800.0,0.3134747147560119,58721600
662169600.0,0.3116938173770904,103073600
662256000.0,0.3099128007888794,97652800
662342400.0,0.3063508570194244,63929600
662601600.0,0.3063508570194244,44273600
662774400.0,0.3099128007888794,154985600
662860800.0,0.3063508570194244,150180800
662947200.0,0.3081319034099579,141523200
663206400.0,0.3081319034099579,310800000
663292800.0,0.3081319034099579,218691200
663379200.0,0.3223806023597717,467264000
663465600.0,0.3357388377189636,435321600
663552000.0,0.3348483443260193,307652800
663811200.0,0.3295045793056488,210840000
663897600.0,0.3330673277378082,192057600
663984000.0,0.3544401228427887,390633600
664070400.0,0.3651268184185028,591673600
664156800.0,0.3580027818679809,943241600
664416000.0,0.3615648448467254,324307200
664502400.0,0.3651268184185028,427728000
664588800.0,0.3686895966529846,244260800
664675200.0,0.3713610172271728,233934400
664761600.0,0.3811573684215545,223809600
665020800.0,0.3882812261581421,273481600
665107200.0,0.3829384446144104,215555200
665193600.0,0.3954060673713684,336772800
665280000.0,0.3954060673713684,242592000
665366400.0,0.3971871137619018,444550400
665625600.0,0.3936251401901245,267848000
665712000.0,0.4114359021186828,356115200
665798400.0,0.4052022397518158,222566400
665884800.0,0.4114359021186828,520172800
665971200.0,0.4265750348567962,313555200
666230400.0,0.4372617304325104,323030400
666316800.0,0.427465558052063,224750400
666403200.0,0.427465558052063,255550400
666489600.0,0.4069832563400268,377675200
666576000.0,0.4114093482494354,365612800
666921600.0,0.4283650517463684,226251200
667008000.0,0.4355046153068542,213640000
667094400.0,0.4212260842323303,190870400
667180800.0,0.4265803098678589,232568000
667440000.0,0.4140863120555877,359273600
667526400.0,0.4158710539340973,250017600
667612800.0,0.4158710539340973,174372800
667699200.0,0.4087320566177368,227360000
667785600.0,0.4123015999794006,126134400
668044800.0,0.416763424873352,88356800
668131200.0,0.4506758749485016,441448000
668217600.0,0.4497835040092468,523958400
668304000.0,0.4801254868507385,321753600
668390400.0,0.4640623331069946,322201600
668649600.0,0.4533530175685882,175369600
668736000.0,0.4488911032676697,233676800
668822400.0,0.4729868173599243,174552000
668908800.0,0.4658470153808594,227068800
668995200.0,0.4729868173599243,204836800
669254400.0,0.4836959838867187,214009600
669340800.0,0.4961899518966675,422195200
669427200.0,0.4836959838867187,361704000
669513600.0,0.4622775018215179,296800000
669600000.0,0.4515682160854339,338128000
669859200.0,0.4604928195476532,135856000
669945600.0,0.4997594356536865,333625600
670032000.0,0.4944052696228027,190220800
670118400.0,0.4854808449745178,78702400
670464000.0,0.4890502095222473,117924800
670550400.0,0.5193932056427002,292924800
670636800.0,0.4997594356536865,240128000
670723200.0,0.5104688405990601,168436800
670809600.0,0.4952976405620575,155411200
671068800.0,0.4997594356536865,72475200
671155200.0,0.4908347427845001,119448000
671241600.0,0.4774487018585205,216406400
671328000.0,0.506899356842041,355588800
671414400.0,0.5122532248497009,367718400
671673600.0,0.4444292783737182,1700384000
671760000.0,0.4587079882621765,620782400
671846400.0,0.4515682160854339,322403200
671932800.0,0.4355046153068542,247363200
672019200.0,0.4256878197193146,287302400
672278400.0,0.4390743672847748,257017600
672364800.0,0.4390743672847748,237294400
672451200.0,0.4337200820446014,105448000
672537600.0,0.4176558256149292,315380800
672624000.0,0.4185489416122436,125059200
672883200.0,0.4158710539340973,206707200
672969600.0,0.3926678001880646,711446400
673056000.0,0.3373375833034515,1868372800
673142400.0,0.3498315215110779,811126400
673228800.0,0.3498315215110779,243712000
673488000.0,0.3587560951709747,212329600
673574400.0,0.3614333271980285,270480000
673660800.0,0.3551858365535736,176780800
673747200.0,0.3623256385326385,238212800
673833600.0,0.3658951222896576,241729600
674092800.0,0.3766044080257416,244944000
674179200.0,0.3819594085216522,216944000
674265600.0,0.360540896654129,518347200
674352000.0,0.3498315215110779,382132800
674438400.0,0.3355529904365539,471060800
674697600.0,0.3167274892330169,262169600
674784000.0,0.3238854706287384,349798400
674870400.0,0.3310428857803345,227270400
674956800.0,0.3229908347129822,208656000
675043200.0,0.3283587992191314,97126400
675388800.0,0.3292534053325653,171438400
675475200.0,0.336411565542221,384003200
675561600.0,0.3408846855163574,158345600
675648000.0,0.336411565542221,217862400
675907200.0,0.3525160849094391,220068800
675993600.0,0.3516213297843933,184284800
676080000.0,0.3435686826705932,133291200
676166400.0,0.3337275087833404,168504000
676252800.0,0.3301481008529663,152745600
676512000.0,0.3292534053325653,167440000
676598400.0,0.3194123208522796,188563200
676684800.0,0.3033068180084228,435635200
676771200.0,0.3015176057815552,211366400
676857600.0,0.2943602800369262,225288000
677116800.0,0.3006228804588318,166600000
677203200.0,0.3015176057815552,244686400
677289600.0,0.2988334894180298,178942400
677376000.0,0.3006228804588318,144043200
677462400.0,0.3006228804588318,206012800
677721600.0,0.2988334894180298,207984000
677808000.0,0.3033068180084228,227920000
677894400.0,0.3077810108661651,250443200
677980800.0,0.3042016327381134,151200000
678067200.0,0.2970443069934845,226643200
678326400.0,0.3042016327381134,194824000
678412800.0,0.302412211894989,120142400
678499200.0,0.3086755871772766,310374400
678672000.0,0.3265695869922638,331553600
678931200.0,0.3346222043037414,307081600
679017600.0,0.3355167508125305,226441600
679104000.0,0.3382007479667663,156576000
679190400.0,0.3346222043037414,145913600
679276800.0,0.3346222043037414,132753600
679536000.0,0.3256747722625732,137984000
679622400.0,0.313148945569992,222992000
679708800.0,0.3042016327381134,208936000
679795200.0,0.3212015926837921,398316800
679881600.0,0.3292534053325653,128419200
680140800.0,0.3292534053325653,108673600
680227200.0,0.3220962584018707,133056000
680313600.0,0.3220962584018707,131454400
680400000.0,0.3238854706287384,65800000
680486400.0,0.3212015926837921,74233600
680745600.0,0.3256747722625732,53300800
680832000.0,0.332832932472229,91862400
680918400.0,0.3310428857803345,102804800
681004800.0,0.3516213297843933,448425600
681091200.0,0.3578847646713257,273011200
681350400.0,0.3471481204032898,100766400
681436800.0,0.3543053865432739,220427200
681523200.0,0.3605688512325287,211612800
681609600.0,0.361463338136673,189448000
681696000.0,0.3632527887821197,154403200
681955200.0,0.3704107403755188,142531200
682041600.0,0.3829367160797119,286585600
682128000.0,0.3927778303623199,200715200
682214400.0,0.3811465203762054,145544000
682300800.0,0.3811465203762054,158804800
682560000.0,0.36227947473526,322481600
682646400.0,0.3658661544322967,199427200
682732800.0,0.3855946063995361,223372800
682819200.0,0.3891813457012176,165648000
682905600.0,0.3802137672901153,240419200
683164800.0,0.3802137672901153,101595200
683251200.0,0.3873879313468933,100352000
683337600.0,0.3820070028305053,107587200
683424000.0,0.3802137672901153,113355200
683510400.0,0.3802137672901153,66136000
683856000.0,0.3766269981861114,68376000
683942400.0,0.3694528639316559,119784000
684028800.0,0.3658661544322967,77884800
684115200.0,0.3694528639316559,79273600
684374400.0,0.3820070028305053,126481600
684460800.0,0.3595893979072571,182840000
684547200.0,0.36227947473526,178001600
684633600.0,0.3631760478019714,119212800
684720000.0,0.34882852435112,166734400
684979200.0,0.3389642834663391,205777600
685065600.0,0.3515184819698334,135408000
685152000.0,0.3595893979072571,121352000
685238400.0,0.3568986058235168,178337600
685324800.0,0.3631760478019714,188148800
685584000.0,0.3551053404808044,87662400
685670400.0,0.360486090183258,106097600
685756800.0,0.36227947473526,54465600
685843200.0,0.358692854642868,71220800
685929600.0,0.3515184819698334,62809600
686188800.0,0.3551053404808044,63201600
686275200.0,0.3640728890895843,131376000
686361600.0,0.3568986058235168,17987200
686448000.0,0.3425510227680206,181003200
686534400.0,0.3461386263370514,79374400
686793600.0,0.3452419638633728,64702400
686880000.0,0.3461386263370514,172256000
686966400.0,0.3443443775177002,132742400
687052800.0,0.3425510227680206,157214400
687139200.0,0.3479319214820862,120052800
687398400.0,0.3577961027622223,111876800
687484800.0,0.3766269981861114,288209600
687571200.0,0.3838013112545013,200872000
687657600.0,0.3757303655147552,151614400
687744000.0,0.394561231136322,446958400
688003200.0,0.3927679657936096,116692800
688089600.0,0.3909747004508972,208208000
688176000.0,0.3811103701591491,168828800
688262400.0,0.373937040567398,177900800
688348800.0,0.3676594793796539,106971200
688608000.0,0.3694528639316559,77862400
688694400.0,0.3712469637393951,101236800
688780800.0,0.3568986058235168,148243200
688867200.0,0.3694528639316559,231806400
688953600.0,0.3658661544322967,201264000
689212800.0,0.3568986058235168,195294400
689299200.0,0.3497252166271209,215600000
689385600.0,0.3443443775177002,236790400
689472000.0,0.3568986058235168,296732800
689558400.0,0.3820070028305053,375827200
689817600.0,0.3855946063995361,164942400
689904000.0,0.3909747004508972,166689600
689990400.0,0.3882845938205719,185920000
690076800.0,0.3927679657936096,188003200
690163200.0,0.358692854642868,256950400
690422400.0,0.3748362064361572,238739200
690508800.0,0.3685436546802521,285488000
690595200.0,0.3631506860256195,168100800
690681600.0,0.3667460083961487,106814400
690768000.0,0.3685436546802521,97843200
691027200.0,0.3685436546802521,78433600
691113600.0,0.3703412115573883,139272000
691200000.0,0.3667460083961487,63235200
691372800.0,0.3649483919143677,34092800
691632000.0,0.3721398115158081,118899200
691718400.0,0.3631506860256195,102860800
691804800.0,0.3631506860256195,80550400
691891200.0,0.3595553338527679,99198400
691977600.0,0.3505662679672241,196985600
692236800.0,0.353262722492218,97832000
692323200.0,0.353262722492218,122617600
692409600.0,0.3523637950420379,84560000
692496000.0,0.3550604283809662,91750400
692582400.0,0.362251877784729,95121600
692841600.0,0.3631506860256195,77190400
692928000.0,0.3631506860256195,97843200
693014400.0,0.3721398115158081,186603200
693100800.0,0.3649483919143677,115326400
693187200.0,0.3613529801368713,128184000
693446400.0,0.3703412115573883,103163200
693532800.0,0.3757351636886596,188563200
693705600.0,0.3946112394332886,134500800
693792000.0,0.3955101072788238,167742400
694051200.0,0.4080944955348968,183646400
694137600.0,0.4053980410099029,134030400
694310400.0,0.427870512008667,233632000
694396800.0,0.424275130033493,190254400
694656000.0,0.4170836508274078,114240000
694742400.0,0.4251738488674164,141467200
694828800.0,0.4350619912147522,232747200
694915200.0,0.4476462006568908,208510400
695001600.0,0.4476462006568908,196224000
695260800.0,0.445847749710083,107856000
695347200.0,0.4638260006904602,273806400
695433600.0,0.4566345810890198,325740800
695520000.0,0.4512415528297424,293529600
695606400.0,0.4656238257884979,848355200
695865600.0,0.460230678319931,209664000
695952000.0,0.4395560026168823,194084800
696038400.0,0.4566345810890198,183680000
696124800.0,0.4638260006904602,138353600
696211200.0,0.464724987745285,177609600
696470400.0,0.4638260006904602,83451200
696556800.0,0.4692191779613495,173723200
696643200.0,0.4548370838165283,144558400
696729600.0,0.4584322273731231,87113600
696816000.0,0.4656238257884979,144558400
697075200.0,0.4728152453899383,158132800
697161600.0,0.4728152453899383,192931200
697248000.0,0.4755116403102875,161504000
697334400.0,0.4611296057701111,93139200
697420800.0,0.460230678319931,147537600
697680000.0,0.4539383053779602,86441600
697766400.0,0.4521405100822449,122012800
697852800.0,0.4692191779613495,137961600
697939200.0,0.4620285928249359,76014400
698025600.0,0.4619921743869781,72587200
698371200.0,0.4520856738090515,68353600
698457600.0,0.4466816782951355,95670400
698544000.0,0.4655942022800445,130860800
698630400.0,0.468295693397522,151580800
698889600.0,0.4764010310173034,171404800
698976000.0,0.4935119748115539,227214400
699062400.0,0.5034180879592896,229084800
699148800.0,0.4935119748115539,122169600
699235200.0,0.4863077104091644,90395200
699494400.0,0.4845055341720581,89252800
699580800.0,0.478202074766159,99276800
699667200.0,0.468295693397522,115371200
699753600.0,0.4574887156486511,236723200
699840000.0,0.4610914587974548,134288000
700099200.0,0.4592897593975067,108942400
700185600.0,0.4592897593975067,122696000
700272000.0,0.4556877911090851,131656000
700358400.0,0.4520856738090515,152902400
700444800.0,0.4547873139381408,79184000
700704000.0,0.4565882384777069,56291200
700790400.0,0.4529862403869629,85097600
700876800.0,0.4592897593975067,81032000
700963200.0,0.4538867175579071,118518400
701049600.0,0.4556877911090851,54163200
701308800.0,0.4538867175579071,50075200
701395200.0,0.468295693397522,209417600
701481600.0,0.4646937847137451,121553600
701568000.0,0.4610914587974548,123020800
701654400.0,0.4394776225090027,264532800
701913600.0,0.4187643229961395,339035200
702000000.0,0.4196648001670837,212632000
702086400.0,0.4250687956809997,159656000
702172800.0,0.4232676923274994,133974400
702259200.0,0.4250687956809997,116457600
702518400.0,0.4376765191555023,101987200
702604800.0,0.4124606847763061,230216000
702691200.0,0.4025542736053467,367024000
702777600.0,0.4124606847763061,192136000
702864000.0,0.3998526334762573,274064000
703123200.0,0.4070568680763244,122830400
703209600.0,0.4232676923274994,144401600
703296000.0,0.4358758330345154,217358400
703382400.0,0.4250687956809997,258686400
703728000.0,0.4088577032089233,206046400
703814400.0,0.4052558243274688,180364800
703900800.0,0.4151624739170074,171528000
703987200.0,0.4106597602367401,182817600
704073600.0,0.4070568680763244,98280000
704332800.0,0.4016538560390472,140268800
704419200.0,0.3908468782901764,174126400
704505600.0,0.4106597602367401,198900800
704592000.0,0.4331732988357544,260265600
704678400.0,0.4268697202205658,134377600
704937600.0,0.4358758330345154,123233600
705024000.0,0.4358758330345154,180084800
705110400.0,0.444880723953247,177990400
705196800.0,0.4376765191555023,172356800
705283200.0,0.4466816782951355,198699200
705542400.0,0.4484835863113403,90899200
705628800.0,0.4484835863113403,77044800
705715200.0,0.4520856738090515,97473600
705801600.0,0.4421791732311249,156923200
705888000.0,0.4367762804031372,121307200
706147200.0,0.4349749386310577,129091200
706233600.0,0.4277703762054443,131678400
706320000.0,0.4322728216648102,173208000
706406400.0,0.425969123840332,137692800
706492800.0,0.4286708533763885,46468800
706838400.0,0.4268697202205658,95614400
706924800.0,0.4340738952159881,154089600
707011200.0,0.4286708533763885,127243200
707097600.0,0.430471807718277,178248000
707356800.0,0.415095180273056,248046400
707443200.0,0.4078756272792816,155680000
707529600.0,0.3907308876514435,300574400
707616000.0,0.393437922000885,180152000
707702400.0,0.3961446285247803,112728000
707961600.0,0.3916331231594085,104339200
708048000.0,0.3898285329341888,101281600
708134400.0,0.3880238234996795,126604800
708220800.0,0.3889262080192566,140515200
708307200.0,0.394339919090271,96510400
708566400.0,0.3799021244049072,189190400
708652800.0,0.3555377423763275,365355200
708739200.0,0.3429044187068939,304248000
708825600.0,0.3266617655754089,433720000
708912000.0,0.3230525851249695,427436800
709171200.0,0.3194423913955688,389939200
709257600.0,0.3266617655754089,311550400
709344000.0,0.3320757746696472,211064000
709430400.0,0.3293689489364624,160608000
709516800.0,0.3266617655754089,110364800
709776000.0,0.3374904096126556,188428800
709862400.0,0.3465138077735901,193345600
709948800.0,0.3537330329418182,143528000
710035200.0,0.3338804244995117,256648000
710380800.0,0.3338804244995117,122001600
710467200.0,0.3194423913955688,207088000
710553600.0,0.3302711844444275,195955200
710640000.0,0.3311734795570373,165793600
710726400.0,0.3302711844444275,143796800
710985600.0,0.3392952680587768,125563200
711072000.0,0.3429044187068939,125988800
711158400.0,0.3465138077735901,174462400
711244800.0,0.3519283831119537,139798400
711331200.0,0.3248570561408996,423640000
711590400.0,0.3230525851249695,192124800
711676800.0,0.3302711844444275,131947200
711763200.0,0.3194423913955688,161974400
711849600.0,0.3230525851249695,171516800
711936000.0,0.3311734795570373,134971200
712195200.0,0.3266617655754089,2396800
712281600.0,0.3356859683990478,134243200
712368000.0,0.341099739074707,250768000
712454400.0,0.341099739074707,137894400
712540800.0,0.3374904096126556,90708800
712800000.0,0.3302711844444275,68544000
712886400.0,0.328466385602951,119716800
712972800.0,0.3230525851249695,139260800
713059200.0,0.3176377713680267,257969600
713145600.0,0.3131261765956878,219161600
713404800.0,0.3185401558876037,91448000
713491200.0,0.3140285015106201,121307200
713577600.0,0.3185401558876037,121385600
713664000.0,0.3230525851249695,170990400
713750400.0,0.3230525851249695,136102400
714009600.0,0.3239208459854126,128710400
714096000.0,0.3239208459854126,112313600
714182400.0,0.3221105337142944,170542400
714268800.0,0.3239208459854126,108908800
714355200.0,0.3230160474777221,109468800
714614400.0,0.3130629062652588,152174400
714700800.0,0.3212058246135711,132361600
714787200.0,0.3203009963035583,121060800
714873600.0,0.3221105337142944,82745600
714960000.0,0.3257302343845367,61241600
715219200.0,0.3329683542251587,121116800
715305600.0,0.3365880846977234,60289600
715392000.0,0.3510648906230926,189896000
715478400.0,0.3456355333328247,211859200
715564800.0,0.3420165181159973,63235200
715910400.0,0.3456355333328247,70000000
715996800.0,0.3546838164329529,157203200
716083200.0,0.3564933836460113,228177600
716169600.0,0.3447308242321014,179883200
716428800.0,0.3583028614521026,214681600
716515200.0,0.3492553830146789,218523200
716601600.0,0.3402070999145508,178718400
716688000.0,0.3329683542251587,172435200
716774400.0,0.3365880846977234,115606400
717033600.0,0.3365880846977234,89678400
717120000.0,0.3311589360237121,111540800
717206400.0,0.343826025724411,123972800
717292800.0,0.3347777724266052,125652800
717379200.0,0.3293493092060089,137468800
717638400.0,0.3239208459854126,149520000
717724800.0,0.3248255252838135,157270400
717811200.0,0.3266350328922272,100049600
717897600.0,0.3203009963035583,122729600
717984000.0,0.3166820406913757,113545600
718243200.0,0.3148725926876068,264958400
718329600.0,0.3239208459854126,113444800
718416000.0,0.3166820406913757,113310400
718502400.0,0.3148725926876068,126974400
718588800.0,0.3139677941799164,58744000
718848000.0,0.318491518497467,71635200
718934400.0,0.3284444808959961,147179200
719020800.0,0.3329683542251587,95726400
719107200.0,0.3293493092060089,75420800
719193600.0,0.3546838164329529,451348800
719452800.0,0.3546838164329529,196044800
719539200.0,0.3555885255336761,287246400
719625600.0,0.3510648906230926,114251200
719712000.0,0.3528743386268616,84470400
719798400.0,0.3528743386268616,91425600
720057600.0,0.3727796673774719,250689600
720144000.0,0.3727796673774719,211960000
720230400.0,0.3782089650630951,196593600
720316800.0,0.3854468762874603,213897600
720403200.0,0.380018413066864,129830400
720662400.0,0.3782089650630951,170094400
720748800.0,0.3763994574546814,112750400
720835200.0,0.380018413066864,141960000
720921600.0,0.3981140553951263,298054400
721008000.0,0.4035435318946838,263972800
721267200.0,0.3999246060848236,112929600
721353600.0,0.407162457704544,122225600
721440000.0,0.4107813537120819,140425600
721526400.0,0.4116868674755096,107598400
721612800.0,0.407162457704544,84750400
721872000.0,0.415306031703949,67547200
721958400.0,0.3999246060848236,168806400
722044800.0,0.4180201590061188,304808000
722131200.0,0.4216392040252685,240542400
722217600.0,0.4162107110023498,155489600
722476800.0,0.4107813537120819,152723200
722563200.0,0.4162107110023498,156822400
722649600.0,0.4089719355106354,117342400
722822400.0,0.4089719355106354,47196800
723081600.0,0.4170962572097778,160507200
723168000.0,0.4225362241268158,130144000
723254400.0,0.4152828454971313,97776000
723340800.0,0.4170962572097778,187588800
723427200.0,0.4125627875328064,95782400
723686400.0,0.4189095795154571,144222400
723772800.0,0.4216296672821045,196638400
723859200.0,0.4180029928684234,159409600
723945600.0,0.4152828454971313,140190400
724032000.0,0.4170962572097778,120187200
724291200.0,0.4152828454971313,110510400
724377600.0,0.4089353382587433,182537600
724464000.0,0.3989610970020294,225926400
724550400.0,0.4125627875328064,233867200
724636800.0,0.4225362241268158,235457600
724896000.0,0.4325104355812073,256065600
724982400.0,0.4397647678852081,280168000
725068800.0,0.4334172308444977,112336000
725155200.0,0.4279772043228149,45964800
725500800.0,0.4316038787364959,70448000
725587200.0,0.4325104355812073,116278400
725673600.0,0.426163762807846,100587200
725760000.0,0.4334172308444977,92232000
726105600.0,0.4225362241268158,129136000
726192000.0,0.4297905564308166,186256000
726278400.0,0.4479246735572815,281400000
726364800.0,0.4424846470355987,272137600
726451200.0,0.4515521824359894,320936000
726710400.0,0.4651532769203186,273728000
726796800.0,0.4461114406585693,346158400
726883200.0,0.4606189727783203,199640000
726969600.0,0.4714998602867126,367808000
727056000.0,0.4370439350605011,902630400
727315200.0,0.4316038787364959,333636800
727401600.0,0.4334172308444977,274041600
727488000.0,0.435230553150177,158737600
727574400.0,0.435230553150177,184419200
727660800.0,0.4316038787364959,146944000
727920000.0,0.435230553150177,202272000
728006400.0,0.4406712651252746,285622400
728092800.0,0.4370439350605011,226620800
728179200.0,0.4343238174915313,184038400
728265600.0,0.4316038787364959,266100800
728524800.0,0.4442980587482452,240553600
728611200.0,0.4370439350605011,182336000
728697600.0,0.435230553150177,264185600
728784000.0,0.4316038787364959,208152000
728870400.0,0.4152828454971313,367617600
729129600.0,0.4098420739173889,281075200
729216000.0,0.4125627875328064,238660800
729302400.0,0.4044021070003509,268284800
729388800.0,0.3998685479164123,168268800
729475200.0,0.3916535079479217,275396800
729820800.0,0.3852919936180115,407736000
729907200.0,0.3916535079479217,249580800
729993600.0,0.3998311758041382,280123200
730080000.0,0.3998311758041382,177800000
730339200.0,0.4007405042648315,98761600
730425600.0,0.3943793475627899,194073600
730512000.0,0.3898360729217529,286563200
730598400.0,0.3980138599872589,167227200
730684800.0,0.3852919936180115,294884800
730944000.0,0.3871092796325683,119302400
731030400.0,0.3943793475627899,147694400
731116800.0,0.3971051871776581,202697600
731203200.0,0.3998311758041382,188339200
731289600.0,0.3998311758041382,111619200
731548800.0,0.4107358455657959,177004800
731635200.0,0.4125531017780304,154828800
731721600.0,0.4125531017780304,132496000
731808000.0,0.4134625494480133,144614400
731894400.0,0.408918559551239,126694400
732153600.0,0.4143712818622589,136035200
732240000.0,0.4107358455657959,101281600
732326400.0,0.4007405042648315,176220800
732412800.0,0.3961967229843139,106187200
732499200.0,0.3907447457313537,154100800
732758400.0,0.3871092796325683,165200000
732844800.0,0.3834748566150665,102536000
732931200.0,0.3907447457313537,143068800
733017600.0,0.3980138599872589,171046400
733104000.0,0.3871092796325683,151760000
733363200.0,0.3707526624202728,261710400
733449600.0,0.3798401653766632,264051200
733536000.0,0.3743873834609985,223036800
733622400.0,0.3762056231498718,108203200
733708800.0,0.3643923103809356,253792000
733968000.0,0.3634836375713348,149172800
734054400.0,0.354396253824234,168369600
734140800.0,0.3671182096004486,162848000
734227200.0,0.3616654872894287,163430400
734572800.0,0.3634836375713348,93049600
734659200.0,0.3525790274143219,164483200
734745600.0,0.354396253824234,170060800
734832000.0,0.3434916734695434,218702400
734918400.0,0.3498530685901642,686795200
735177600.0,0.3525790274143219,227864000
735264000.0,0.3634836375713348,240049600
735350400.0,0.3607568144798279,205273600
735436800.0,0.3634836375713348,157673600
735523200.0,0.3580309152603149,134142400
735782400.0,0.3562134504318237,102804800
735868800.0,0.3653008341789245,129673600
735955200.0,0.3734786808490753,163240000
736041600.0,0.3689355552196502,82443200
736128000.0,0.3725699782371521,132339200
736387200.0,0.3771141171455383,65184000
736473600.0,0.3880187273025512,170822400
736560000.0,0.3961967229843139,253064000
736646400.0,0.3907447457313537,70459200
736732800.0,0.3980138599872589,81894400
736992000.0,0.3998311758041382,137928000
737078400.0,0.3961967229843139,158379200
737164800.0,0.3871092796325683,105224000
737251200.0,0.4034664928913116,361726400
737337600.0,0.4034664928913116,117409600
737596800.0,0.4052838981151581,69641600
737683200.0,0.4034664928913116,163475200
737769600.0,0.4161885380744934,172771200
737856000.0,0.4270931482315063,290528000
737942400.0,0.4180058538913727,148198400
738201600.0,0.4189145565032959,150315200
738288000.0,0.4098272025585174,180723200
738374400.0,0.4198230504989624,121564800
738460800.0,0.4180058538913727,197288000
738547200.0,0.4125049710273742,183948800
738892800.0,0.4152375161647796,135072000
738979200.0,0.4152375161647796,200480000
739065600.0,0.4106839597225189,156856000
739152000.0,0.3997564613819122,213684800
739411200.0,0.369706779718399,482305600
739497600.0,0.3606004416942596,621096000
739584000.0,0.3223549425601959,1178419200
739670400.0,0.3241760432720184,553705600
739756800.0,0.3187126517295837,242323200
740016000.0,0.3250873386859894,249491200
740102400.0,0.3059642314910888,448324800
740188800.0,0.3077853322029114,353080000
740275200.0,0.3005009591579437,409438400
740361600.0,0.298678994178772,311292800
740620800.0,0.2886629700660705,273582400
740707200.0,0.3014114201068878,336380800
740793600.0,0.2950367927551269,180723200
740880000.0,0.3041430711746216,222835200
740966400.0,0.2913946807384491,257163200
741225600.0,0.2923051118850708,353617600
741312000.0,0.2841094136238098,294268800
741398400.0,0.2877524197101593,200256000
741484800.0,0.2768250405788421,218164800
741571200.0,0.2804672122001648,191632000
741916800.0,0.2750039100646972,155254400
742003200.0,0.2658975720405578,227035200
742089600.0,0.2658975720405578,138969600
742176000.0,0.2677186131477356,156878400
742435200.0,0.2768250405788421,173880000
742521600.0,0.2713609039783478,158110400
742608000.0,0.2713609039783478,246299200
742694400.0,0.2604334354400635,338038400
742780800.0,0.2003339082002639,2120596800
743040000.0,0.1866748332977295,806232000
743126400.0,0.1957804262638092,531910400
743212800.0,0.1912276744842529,455907200
743299200.0,0.1930487006902694,211176000
743385600.0,0.1912276744842529,233777600
743644800.0,0.1957804262638092,152824000
743731200.0,0.1930487006902694,198609600
743817600.0,0.1957804262638092,91795200
743904000.0,0.1985128819942474,121374400
743990400.0,0.2021549791097641,214446400
744249600.0,0.2076182961463928,216305600
744336000.0,0.2112612426280975,176478400
744422400.0,0.2203668504953384,242995200
744508800.0,0.2149035483598709,209372800
744595200.0,0.2130824774503708,125921600
744854400.0,0.2167246341705322,161414400
744940800.0,0.2076182961463928,152779200
745027200.0,0.2003339082002639,166969600
745113600.0,0.1930487006902694,338172800
745200000.0,0.1994233727455139,138812800
745459200.0,0.2012155950069427,102446400
745545600.0,0.2076174467802047,108180800
745632000.0,0.2085320800542831,188720000
745718400.0,0.2012155950069427,152129600
745804800.0,0.2048738896846771,99937600
746064000.0,0.2076174467802047,91179200
746150400.0,0.2048738896846771,101259200
746236800.0,0.1993865519762039,145768000
746323200.0,0.1966420263051986,176142400
746409600.0,0.193898320198059,186569600
746668800.0,0.1902401149272918,273739200
746755200.0,0.193898320198059,127870400
746841600.0,0.1911547034978866,225568000
746928000.0,0.188410997390747,282262400
747014400.0,0.188410997390747,162937600
747360000.0,0.1920692324638366,143539200
747446400.0,0.195727452635765,226632000
747532800.0,0.1902401149272918,149531200
747619200.0,0.1920692324638366,134489600
747878400.0,0.1847519427537918,255785600
747964800.0,0.1774355322122573,276640000
748051200.0,0.179264560341835,257723200
748137600.0,0.1810937374830246,85960000
748224000.0,0.1847519427537918,172032000
748483200.0,0.1820083111524582,111036800
748569600.0,0.179264560341835,146496000
748656000.0,0.1865818351507187,110488000
748742400.0,0.1810937374830246,130950400
748828800.0,0.1829228401184082,76574400
749088000.0,0.1810937374830246,113176000
749174400.0,0.1810937374830246,94550400
749260800.0,0.1746917963027954,236745600
749347200.0,0.1710328161716461,274904000
749433600.0,0.1664599776268005,335988800
749692800.0,0.1664599776268005,192841600
749779200.0,0.1719473749399185,176310400
749865600.0,0.172862708568573,175280000
749952000.0,0.1682890951633453,134904000
750038400.0,0.1655454486608505,139406400
750297600.0,0.1737772673368454,161145600
750384000.0,0.175606369972229,306342400
750470400.0,0.175606369972229,177004800
750556800.0,0.1737772673368454,160686400
750643200.0,0.2067029476165771,955248000
750902400.0,0.2076174467802047,332998400
750988800.0,0.2030446827411651,213572800
751075200.0,0.2030446827411651,138409600
751161600.0,0.2213367372751236,627110400
751248000.0,0.2213367372751236,396076800
751507200.0,0.219507560133934,219128000
751593600.0,0.2176784425973892,222476800
751680000.0,0.2323121726512909,459065600
751766400.0,0.2268248945474624,244462400
751852800.0,0.2249957770109176,136864000
752112000.0,0.2304829806089401,105974400
752198400.0,0.2396294921636581,224246400
752284800.0,0.2313976883888244,176960000
752371200.0,0.2359704226255417,185371200
752457600.0,0.2332267314195633,378033600
752716800.0,0.2249957770109176,166992000
752803200.0,0.2204221040010452,171248000
752889600.0,0.2249957770109176,76977600
752976000.0,0.2295684516429901,142430400
753062400.0,0.2323121726512909,143662400
753321600.0,0.2341412901878357,157102400
753408000.0,0.2487749904394149,303083200
753494400.0,0.2451169192790985,302624000
753580800.0,0.2451169192790985,114408000
753667200.0,0.2423262447118759,122964800
753926400.0,0.2386548966169357,150606400
754012800.0,0.2423262447118759,186166400
754099200.0,0.2423262447118759,90440000
754272000.0,0.2395727783441543,43444800
754531200.0,0.2331469655036926,96712000
754617600.0,0.2313112616539001,112660800
754704000.0,0.2313112616539001,111216000
754790400.0,0.2331469655036926,100654400
754876800.0,0.2313112616539001,120467200
755136000.0,0.2368182986974716,156979200
755222400.0,0.2368182986974716,63851200
755308800.0,0.2340648025274276,39592000
755395200.0,0.2202963382005691,182761600
755481600.0,0.207445740699768,497257600
755740800.0,0.2166250646114349,244328000
755827200.0,0.213871419429779,293664000
755913600.0,0.2184606343507766,123883200
756000000.0,0.2157071232795715,126369600
756086400.0,0.2166250646114349,145152000
756345600.0,0.2092814147472381,189033600
756432000.0,0.201938658952713,251126400
756518400.0,0.2056100517511367,181372800
756604800.0,0.2001029402017593,226956800
756950400.0,0.2092814147472381,159936000
757036800.0,0.213871419429779,159499200
757123200.0,0.2092814147472381,107352000
757209600.0,0.2184606343507766,314552000
757296000.0,0.21478933095932,160966400
757555200.0,0.2193785905838012,181529600
757641600.0,0.2313112616539001,285174400
757728000.0,0.2478332668542862,612136000
757814400.0,0.2404905557632446,366508800
757900800.0,0.2432440966367721,298793600
758160000.0,0.2469155490398407,201588800
758246400.0,0.2340648025274276,355398400
758332800.0,0.2239677459001541,439118400
758419200.0,0.2248864024877548,531596800
758505600.0,0.2276399582624435,214513600
758764800.0,0.223049908876419,145712000
758851200.0,0.2157071232795715,362801600
758937600.0,0.21478933095932,281590400
759024000.0,0.2193785905838012,268083200
759110400.0,0.2450798004865646,980134400
759369600.0,0.2570125460624695,692148800
759456000.0,0.2487511336803436,442332800
759542400.0,0.2459976822137832,165804800
759628800.0,0.2505877017974853,132249600
759715200.0,0.2496688961982727,136438400
759974400.0,0.2404905557632446,238380800
760060800.0,0.2441620081663131,156721600
760147200.0,0.2423262447118759,146451200
760233600.0,0.2459976822137832,137995200
760320000.0,0.2459976822137832,354009600
760579200.0,0.268990695476532,725446400
760665600.0,0.263463020324707,285387200
760752000.0,0.267148345708847,186984000
760838400.0,0.268990695476532,302030400
760924800.0,0.2726752161979675,164248000
761184000.0,0.2726752161979675,245548800
761270400.0,0.2735963761806488,129774400
761356800.0,0.2708329260349273,122024000
761443200.0,0.2726752161979675,145152000
761529600.0,0.267148345708847,149072000
761875200.0,0.2745175659656524,214569600
761961600.0,0.2745175659656524,260534400
762048000.0,0.2699117064476013,197859200
762134400.0,0.2653059065341949,236824000
762393600.0,0.268990695476532,123827200
762480000.0,0.267148345708847,211870400
762566400.0,0.2625418603420257,294145600
762652800.0,0.263463020324707,188473600
762739200.0,0.2708329260349273,226844800
762998400.0,0.2791240513324737,310396800
763084800.0,0.2726752161979675,186054400
763171200.0,0.2763598561286926,248539200
763257600.0,0.2745175659656524,143763200
763344000.0,0.2745175659656524,161840000
763603200.0,0.2809664309024811,441705600
763689600.0,0.2772817015647888,204545600
763776000.0,0.2708329260349273,147168000
763862400.0,0.268990695476532,156228800
763948800.0,0.2680694460868835,223675200
764208000.0,0.2616206705570221,246512000
764294400.0,0.2579361796379089,242827200
764380800.0,0.2588572204113006,216686400
764467200.0,0.2551727294921875,188092800
764553600.0,0.2413547486066818,343638400
764812800.0,0.2450394183397293,282576000
764899200.0,0.2413547486066818,213516800
764985600.0,0.2395124733448028,169825600
765072000.0,0.2450394183397293,209059200
765417600.0,0.2450394183397293,168302400
765504000.0,0.246881678700447,97899200
765590400.0,0.246881678700447,129091200
765676800.0,0.2459604889154434,77369600
765763200.0,0.246881678700447,176848000
766022400.0,0.246881678700447,106825600
766108800.0,0.235827088356018,136830400
766195200.0,0.2339847832918167,233139200
766281600.0,0.2321424633264541,221995200
766368000.0,0.2229302823543548,188350400
766627200.0,0.2183246314525604,230294400
766713600.0,0.2137188464403152,166252800
766800000.0,0.2081912010908126,281848000
766886400.0,0.2183246314525604,410536000
766972800.0,0.2192456871271133,697827200
767232000.0,0.228457972407341,359240000
767318400.0,0.2303002923727035,164225600
767491200.0,0.2229302823543548,100475200
767577600.0,0.2210879623889923,94785600
767836800.0,0.228457972407341,123222400
767923200.0,0.2229302823543548,132899200
768009600.0,0.2431970387697219,364156800
768096000.0,0.2422759085893631,288332800
768182400.0,0.2381299585103988,187779200
768441600.0,0.2303002923727035,140470400
768528000.0,0.228457972407341,146843200
768614400.0,0.2229302823543548,145521600
768700800.0,0.2187850922346115,107105600
768787200.0,0.2210879623889923,92612800
769046400.0,0.2174035012722015,135385600
769132800.0,0.2164822518825531,180107200
769219200.0,0.2256945222616195,123860800
769305600.0,0.2367481142282486,273582400
769392000.0,0.2289185225963592,98145600
769651200.0,0.224772572517395,119952000
769737600.0,0.226615697145462,126448000
769824000.0,0.2303002923727035,136113600
769910400.0,0.224772572517395,73035200
769996800.0,0.2214985489845276,108684800
770342400.0,0.2164122909307479,257398400
770428800.0,0.2090132385492324,385761600
770515200.0,0.2025398313999176,384921600
770601600.0,0.2043892592191696,353684800
770860800.0,0.2025398313999176,126033600
770947200.0,0.2034645080566406,140246400
771033600.0,0.1932911872863769,274164800
771120000.0,0.1997645646333694,293529600
771206400.0,0.1960654854774475,142732800
771465600.0,0.1997645646333694,92904000
771552000.0,0.2002270072698593,154358400
771638400.0,0.2057764381170272,159476800
771724800.0,0.1951407045125961,218220800
771811200.0,0.1960654854774475,224492800
772070400.0,0.2006902545690536,199897600
772156800.0,0.192366361618042,243275200
772243200.0,0.1942159831523895,113859200
772329600.0,0.185892105102539,203896000
772416000.0,0.1894760280847549,292857600
772675200.0,0.1942159831523895,255953600
772761600.0,0.197915032505989,174227200
772848000.0,0.1932911872863769,135564800
772934400.0,0.1960654854774475,101729600
773020800.0,0.1905168294906616,179278400
773366400.0,0.1960654854774475,85848000
773452800.0,0.1932911872863769,97384000
773539200.0,0.1983774304389953,170150400
773625600.0,0.2002270072698593,208230400
773884800.0,0.1997645646333694,106422400
773971200.0,0.2099379748106002,242312000
774057600.0,0.2196489125490188,450262400
774144000.0,0.2117875516414642,180667200
774230400.0,0.2090132385492324,94964800
774489600.0,0.2099379748106002,76428800
774576000.0,0.2048517018556594,116368000
774662400.0,0.1969902366399765,217369600
774748800.0,0.2071636468172073,289475200
774835200.0,0.2293600291013717,786576000
775094400.0,0.2344462871551513,422654400
775180800.0,0.2321343123912811,188809600
775267200.0,0.2298224121332168,133784000
775353600.0,0.2358334362506866,245313600
775440000.0,0.2492434829473495,555766400
775699200.0,0.24693164229393,229275200
775785600.0,0.2409205734729766,269561600
775872000.0,0.2450819909572601,226844800
775958400.0,0.2460069209337234,184755200
776044800.0,0.2460069209337234,87012800
776304000.0,0.2497058808803558,141276800
776390400.0,0.248781144618988,78601600
776476800.0,0.2561802566051483,253568000
776563200.0,0.2538682520389557,298088000
776649600.0,0.2571049630641937,179648000
776908800.0,0.2570676207542419,120075200
776995200.0,0.2579955756664276,155736000
777081600.0,0.2598515152931213,286182400
777168000.0,0.2570676207542419,206259200
777254400.0,0.258923590183258,130547200
777513600.0,0.258923590183258,152420800
777600000.0,0.2598515152931213,214446400
777686400.0,0.258923590183258,171584000
777772800.0,0.2603155374526977,298793600
777859200.0,0.265419602394104,204198400
778118400.0,0.2626354694366455,152107200
778204800.0,0.2691321671009063,182078400
778291200.0,0.2686682343482971,351836800
778377600.0,0.2598515152931213,204288000
778464000.0,0.2626354694366455,101304000
778809600.0,0.2640275657176971,91425600
778896000.0,0.2682042121887207,203896000
778982400.0,0.2682042121887207,158838400
779068800.0,0.265419602394104,157236800
779328000.0,0.265419602394104,90540800
779414400.0,0.2658834457397461,104227200
779500800.0,0.2607795894145965,99086400
779587200.0,0.2672761380672455,258955200
779673600.0,0.2700600922107696,364145600
779932800.0,0.2635635137557983,174350400
780019200.0,0.2566035091876983,197254400
780105600.0,0.2533558011054992,234841600
780192000.0,0.2514989078044891,146238400
780278400.0,0.2519628703594208,132876800
780537600.0,0.2519628703594208,141702400
780624000.0,0.2514989078044891,109088000
780710400.0,0.2514989078044891,81267200
780796800.0,0.2533558011054992,109379200
780883200.0,0.2501068711280823,71702400
781142400.0,0.2459309548139572,129595200
781228800.0,0.2505708634853363,162388800
781315200.0,0.2811968326568603,709800000
781401600.0,0.2691321671009063,526915200
781488000.0,0.2747000753879547,364392000
781747200.0,0.2886207401752472,523409600
781833600.0,0.2941894233226776,842307200
781920000.0,0.312749832868576,597318400
782006400.0,0.305325984954834,525302400
782092800.0,0.305325984954834,176052800
782352000.0,0.2951172590255737,303990400
782438400.0,0.306253969669342,468686400
782524800.0,0.306253969669342,351086400
782611200.0,0.3043971359729767,218142400
782697600.0,0.316461831331253,322705600
782956800.0,0.3136777877807617,204500800
783043200.0,0.316461831331253,301481600
783129600.0,0.3211025297641754,196772800
783216000.0,0.3173896968364715,159409600
783302400.0,0.312749832868576,273324800
783561600.0,0.3206385672092438,355902400
783648000.0,0.3201745748519897,218097600
783734400.0,0.3071819245815277,218747200
783820800.0,0.3081099092960357,110521600
783907200.0,0.2997572422027588,192046400
784166400.0,0.3025411367416382,113041600
784252800.0,0.3136777877807617,348969600
784339200.0,0.3090380430221557,406336000
784425600.0,0.3067179322242737,152980800
784512000.0,0.305325984954834,62272000
784771200.0,0.3155337572097778,139630400
784857600.0,0.3071819245815277,167619200
784944000.0,0.3039331436157226,187398400
785030400.0,0.2969733476638794,150438400
785116800.0,0.2978664934635162,147033600
785376000.0,0.2839042246341705,202596800
785462400.0,0.278318703174591,224336000
785548800.0,0.2745954692363739,327812800
785721600.0,0.2811117768287658,84224000
785980800.0,0.2815771996974945,138678400
786067200.0,0.2848349809646606,144132800
786153600.0,0.2773877382278442,312032000
786240000.0,0.2694762945175171,309321600
786326400.0,0.2722687721252441,172256000
786585600.0,0.2769224643707275,180275200
786672000.0,0.2797147631645202,238089600
786758400.0,0.2727340459823608,137300800
786844800.0,0.2671492993831634,169859200
786931200.0,0.2699417173862457,260724800
787190400.0,0.2718031704425812,224078400
787276800.0,0.270872414112091,119201600
787363200.0,0.2820425927639007,311427200
787449600.0,0.2764571011066437,227595200
787536000.0,0.2773877382278442,179782400
787795200.0,0.2913503646850586,332819200
787881600.0,0.2866965532302856,175145600
787968000.0,0.2857655882835388,157438400
788054400.0,0.2876272201538086,133078400
788140800.0,0.289488822221756,93889600
788486400.0,0.2913503646850586,81916800
788572800.0,0.2913503646850586,89163200
788659200.0,0.2941435277462005,121340800
788745600.0,0.2904194593429565,73091200
789091200.0,0.2857655882835388,103868800
789177600.0,0.293212741613388,158681600
789264000.0,0.289488822221756,73640000
789350400.0,0.3127598166465759,1076622400
789609600.0,0.3068256676197052,274086400
789696000.0,0.3253259658813476,614790400
789782400.0,0.3481316864490509,873824000
789868800.0,0.3378923237323761,551779200
789955200.0,0.3341691493988037,351377600
790214400.0,0.3313760459423065,188977600
790300800.0,0.3351000547409057,330108800
790387200.0,0.3397538065910339,127657600
790473600.0,0.3416153192520141,314294400
790560000.0,0.3174136281013489,1000361600
790819200.0,0.3146212995052337,398540800
790905600.0,0.3099673986434936,218097600
790992000.0,0.3051968812942505,517070400
791078400.0,0.2941435277462005,246388800
791164800.0,0.2969357669353485,298569600
791424000.0,0.2987973392009735,230585600
791510400.0,0.3006587922573089,212777600
791596800.0,0.2987973392009735,158368000
791683200.0,0.3099673986434936,203582400
791769600.0,0.3015897274017334,319211200
792028800.0,0.3015897274017334,243028800
792115200.0,0.3039165437221527,201600000
792201600.0,0.3150867223739624,402864000
792288000.0,0.3248606026172638,475395200
792374400.0,0.3257913291454315,350963200
792633600.0,0.3266870081424713,283371200
792720000.0,0.3206204175949096,165614400
792806400.0,0.3178195655345917,184475200
792892800.0,0.3224870860576629,218780800
792979200.0,0.3173529505729675,121788800
793324800.0,0.3061520755290985,301582400
793411200.0,0.3047521114349365,293417600
793497600.0,0.3000854253768921,314708800
793584000.0,0.2912179231643677,568814400
793843200.0,0.2856180667877197,268811200
793929600.0,0.2949522137641907,222969600
794016000.0,0.2986854016780853,224448000
794102400.0,0.2986854016780853,268744000
794188800.0,0.3005522489547729,145768000
794448000.0,0.296818733215332,132720000
794534400.0,0.2860846817493438,150785600
794620800.0,0.2954187989234924,364873600
794707200.0,0.296818733215332,196683200
794793600.0,0.2949522137641907,137412800
795052800.0,0.2846847772598266,325752000
795139200.0,0.2613496482372284,727865600
795225600.0,0.2613496482372284,730968000
795312000.0,0.2632162868976593,316736000
795398400.0,0.262283056974411,215644800
795657600.0,0.2632162868976593,189884800
795744000.0,0.2706838548183441,305368000
795830400.0,0.2842179834842682,479147200
795916800.0,0.277217149734497,170094400
796003200.0,0.2818846404552459,128116800
796262400.0,0.277683824300766,142800000
796348800.0,0.2566830515861511,689796800
796435200.0,0.2566830515861511,496876800
796521600.0,0.2641496956348419,273414400
796608000.0,0.2632162868976593,183243200
796867200.0,0.2650831043720245,154302400
796953600.0,0.2529488503932953,428198400
797040000.0,0.2594829499721527,264857600
797126400.0,0.2744171023368835,722825600
797212800.0,0.2744171023368835,295724800
797472000.0,0.2734838724136352,117801600
797558400.0,0.2818846404552459,214513600
797644800.0,0.2912179231643677,474712000
797731200.0,0.2856180667877197,174361600
798076800.0,0.2865512371063232,208812800
798163200.0,0.2800171673297882,231134400
798249600.0,0.2716171145439148,279428800
798336000.0,0.2809512615203857,329504000
798422400.0,0.2921513617038727,666624000
798681600.0,0.2912179231643677,272238400
798768000.0,0.2818846404552459,273638400
798854400.0,0.2856180667877197,230440000
798940800.0,0.2828180193901062,139865600
799027200.0,0.2856180667877197,195316800
799286400.0,0.2856180667877197,177956800
799372800.0,0.2846847772598266,120008000
799459200.0,0.2846847772598266,168784000
799545600.0,0.2874847650527954,303643200
799632000.0,0.2902846932411194,208006400
799891200.0,0.3024188876152038,386971200
799977600.0,0.308019608259201,322929600
800064000.0,0.309419572353363,275072000
800150400.0,0.3061520755290985,523622400
800236800.0,0.3257537484169006,647953600
800496000.0,0.3257537484169006,393355200
800582400.0,0.3266870081424713,332516800
800668800.0,0.3285537362098694,263144000
800755200.0,0.3238871991634369,371571200
800841600.0,0.319219559431076,322593600
801100800.0,0.3294871151447296,371884800
801187200.0,0.3276204466819763,276662400
801273600.0,0.3248204290866852,264667200
801360000.0,0.3238871991634369,182862400
801446400.0,0.3196368813514709,114553600
801792000.0,0.3144892752170563,196380800
801878400.0,0.3112136721611023,159532800
801964800.0,0.3158932626247406,186726400
802051200.0,0.315425306558609,105694400
802310400.0,0.3257212340831756,254654400
802396800.0,0.3294649422168731,315268800
802483200.0,0.3229133784770965,124521600
802569600.0,0.3215096592903137,136136000
802656000.0,0.3257212340831756,186625600
802915200.0,0.3307521343231201,212116800
803001600.0,0.3294649422168731,125944000
803088000.0,0.3266570568084717,118048000
803174400.0,0.3266570568084717,92758400
803260800.0,0.3285290598869324,89208000
803520000.0,0.3322725892066955,469537600
803606400.0,0.3547363877296448,738528000
803692800.0,0.3697120249271393,626012800
803779200.0,0.367840051651001,473916800
803865600.0,0.3650324046611786,231963200
804124800.0,0.3603527843952179,152779200
804211200.0,0.3472490608692169,217100800
804297600.0,0.3491208255290985,266358400
804384000.0,0.3538005352020263,232556800
804470400.0,0.3477170467376709,165491200
804729600.0,0.351460725069046,39390400
804902400.0,0.3481850028038025,177060800
804988800.0,0.3519286513328552,184094400
805075200.0,0.3640964329242706,387116800
805334400.0,0.3640964329242706,297931200
805420800.0,0.3528646230697632,214692800
805507200.0,0.3519286513328552,283808000
805593600.0,0.3566082119941711,352329600
805680000.0,0.3650324046611786,277928000
805939200.0,0.3669042289257049,226161600
806025600.0,0.3603527843952179,254632000
806112000.0,0.3406967222690582,521035200
806198400.0,0.3523965775966644,331273600
806284800.0,0.3275929987430572,757881600
806544000.0,0.3397608995437622,214625600
806630400.0,0.3425686061382293,263524800
806716800.0,0.3397608995437622,171449600
806803200.0,0.3505247235298157,325180800
806889600.0,0.3406967222690582,260937600
807148800.0,0.3369531631469726,158524800
807235200.0,0.3257212340831756,210918400
807321600.0,0.3322725892066955,275128000
807408000.0,0.3369531631469726,213931200
807494400.0,0.3313367366790771,192315200
807753600.0,0.3247853815555572,193760000
807840000.0,0.3182330131530761,234595200
807926400.0,0.3229133784770965,369017600
808012800.0,0.3201047778129577,164024000
808099200.0,0.3224454820156097,206931200
808358400.0,0.3247853815555572,167406400
808444800.0,0.3299328088760376,317867200
808531200.0,0.3341180980205536,292633600
808617600.0,0.3350574970245361,246892800
808704000.0,0.3369344770908355,241158400
808963200.0,0.3313027322292328,271779200
809049600.0,0.3359959423542022,217044800
809136000.0,0.3416268527507782,253803200
809222400.0,0.3435037434101105,287929600
809308800.0,0.3359959423542022,134344000
809568000.0,0.3228565454483032,243040000
809654400.0,0.3237948417663574,317060800
809740800.0,0.3256718814373016,153473600
809827200.0,0.3228565454483032,87864000
809913600.0,0.3223872184753418,98380800
810259200.0,0.3266103863716125,179972800
810345600.0,0.3284872472286224,200760000
810432000.0,0.3359959423542022,262326400
810518400.0,0.3359959423542022,174776000
810777600.0,0.3322412967681885,172491200
810864000.0,0.3223872184753418,326256000
810950400.0,0.3181633055210113,322750400
811036800.0,0.3003313839435577,550558400
811123200.0,0.2693599760532379,1211963200
811382400.0,0.2754600942134857,621488000
811468800.0,0.27592933177948,490022400
811555200.0,0.2749907672405243,321809600
811641600.0,0.277806282043457,347334400
811728000.0,0.2782756686210632,398641600
811987200.0,0.2816778719425201,315212800
812073600.0,0.2806217670440674,250902400
812160000.0,0.2721753418445587,451236800
812246400.0,0.2834379374980926,331184000
812332800.0,0.2796831727027893,283416000
812592000.0,0.2824993729591369,392000000
812678400.0,0.2824993729591369,289822400
812764800.0,0.273113876581192,266772800
812851200.0,0.2740522921085357,244070400
812937600.0,0.267951488494873,309041600
813196800.0,0.2613821923732757,372568000
813283200.0,0.26044362783432,400265600
813369600.0,0.2618513703346252,332875200
813456000.0,0.2651360034942627,162052800
813542400.0,0.2702984511852264,235188800
813801600.0,0.2712369561195373,182067200
813888000.0,0.2749907672405243,178617600
813974400.0,0.2806217670440674,512400000
814060800.0,0.2609128952026367,944899200
814147200.0,0.2637283504009247,386332800
814406400.0,0.2637283504009247,197803200
814492800.0,0.2637283504009247,213494400
814579200.0,0.2609128952026367,133302400
814665600.0,0.2618513703346252,125865600
814752000.0,0.2609128952026367,154212800
815011200.0,0.2646667957305908,175638400
815097600.0,0.2726446688175201,289217600
815184000.0,0.2749907672405243,193233600
815270400.0,0.2749907672405243,152756800
815356800.0,0.2740522921085357,179435200
815616000.0,0.2862534821033478,311774400
815702400.0,0.2975159883499145,736388800
815788800.0,0.2918843328952789,358825600
815875200.0,0.2956390380859375,260108800
815961600.0,0.2984543740749359,223115200
816220800.0,0.3069006502628326,317374400
816307200.0,0.3115939795970917,407276800
816393600.0,0.3078391253948211,248136000
816480000.0,0.2998620867729187,226228800
816566400.0,0.3012697994709015,128531200
816825600.0,0.2900072634220123,148456000
816912000.0,0.2909107208251953,191609600
816998400.0,0.2909107208251953,98806400
817171200.0,0.302679032087326,109950400
817430400.0,0.2965600192546844,115875200
817516800.0,0.301266998052597,176288000
817603200.0,0.2956176996231079,105268800
817689600.0,0.2871452271938324,174854400
817776000.0,0.2833794355392456,204209600
818035200.0,0.2975014448165893,480681600
818121600.0,0.2975014448165893,363596800
818208000.0,0.291852205991745,201107200
818294400.0,0.290440022945404,141926400
818380800.0,0.2965600192546844,141355200
818640000.0,0.2909107208251953,111652800
818726400.0,0.2862037122249603,177553600
818812800.0,0.2890278995037079,684902400
818899200.0,0.2880866229534149,333502400
818985600.0,0.2654913067817688,726880000
819244800.0,0.2428960651159286,666534400
819331200.0,0.2466624081134796,430864000
819417600.0,0.2457210421562194,365736000
819504000.0,0.2447796911001205,332875200
819590400.0,0.2428960651159286,234662400
819936000.0,0.2414839267730713,139507200
820022400.0,0.2438381910324096,268564800
820108800.0,0.2410132139921188,249995200
820195200.0,0.2400718480348587,304136000
820540800.0,0.2419545799493789,139294400
820627200.0,0.2419545799493789,429833600
820713600.0,0.2377184480428695,300182400
820800000.0,0.2579600811004638,445928000
821059200.0,0.2607843577861786,121340800
821145600.0,0.2466624081134796,251216000
821232000.0,0.2579600811004638,365433600
821318400.0,0.2636084854602813,756739200
821404800.0,0.255135029554367,401856000
821664000.0,0.2570187747478485,363081600
821750400.0,0.2603136003017425,352912000
821836800.0,0.2560764849185943,236409600
821923200.0,0.2405424267053604,698387200
822009600.0,0.2250086516141891,829225600
822268800.0,0.2297155559062957,499744000
822355200.0,0.2381890714168548,988288000
822441600.0,0.2428960651159286,655894400
822528000.0,0.2278328239917755,445200000
822614400.0,0.2306578457355499,735750400
822873600.0,0.2193602621555328,332595200
822960000.0,0.2057090997695922,622843200
823046400.0,0.208062544465065,328059200
823132800.0,0.2137109339237213,333043200
823219200.0,0.2203016430139541,555979200
823478400.0,0.2203016430139541,318729600
823564800.0,0.2231258600950241,226217600
823651200.0,0.2127695977687835,360326400
823737600.0,0.2099453657865524,263166400
823824000.0,0.2090039700269699,205688000
824083200.0,0.2137109339237213,194275200
824169600.0,0.211828202009201,228502400
824256000.0,0.208062544465065,163184000
824342400.0,0.2108867913484573,122080000
824428800.0,0.207121193408966,156441600
824774400.0,0.2184188216924667,376913600
824860800.0,0.2231258600950241,221838400
824947200.0,0.2250086516141891,184184000
825033600.0,0.2250086516141891,173286400
825292800.0,0.2221844643354416,118283200
825379200.0,0.2155937999486923,149161600
825465600.0,0.2090039700269699,187913600
825552000.0,0.207121193408966,112884800
825638400.0,0.202413409948349,231134400
825897600.0,0.1977063864469528,187555200
825984000.0,0.200530543923378,118440000
826070400.0,0.1972356587648391,99052800
826156800.0,0.1944114714860916,260064000
826243200.0,0.1958235800266266,149004800
826502400.0,0.19488225877285,127008000
826588800.0,0.1944114714860916,96152000
826675200.0,0.1939407438039779,99680000
826761600.0,0.1929994225502014,93363200
826848000.0,0.19488225877285,101382400
827107200.0,0.1967650055885315,109132800
827193600.0,0.1939407438039779,124364800
827280000.0,0.1901743113994598,115987200
827366400.0,0.1892329454421997,109984000
827452800.0,0.191116601228714,107564800
827712000.0,0.1807602941989898,164371200
827798400.0,0.1798189133405685,160798400
827884800.0,0.1901743113994598,429296000
827971200.0,0.1821724474430084,295892800
828057600.0,0.1849966347217559,166521600
828316800.0,0.1920579671859741,158636800
828403200.0,0.188291534781456,101438400
828489600.0,0.1849966347217559,72240000
828576000.0,0.1817017793655395,86049600
828921600.0,0.1835845708847046,168828800
829008000.0,0.1958235800266266,235076800
829094400.0,0.1958235800266266,174764800
829180800.0,0.1939407438039779,98268800
829267200.0,0.1920579671859741,81435200
829526400.0,0.1939407438039779,154078400
829612800.0,0.19488225877285,101416000
829699200.0,0.1901743113994598,85411200
829785600.0,0.1864087879657745,217246400
829872000.0,0.1887622624635696,101796800
830131200.0,0.1892329454421997,111115200
830217600.0,0.1864087879657745,169948800
830304000.0,0.1826431602239608,128340800
830390400.0,0.1873501390218734,174406400
830476800.0,0.1864087879657745,188865600
830736000.0,0.1864087879657745,121049600
830822400.0,0.1835845708847046,136662400
830908800.0,0.1835845708847046,112705600
830995200.0,0.1788775473833084,188305600
831081600.0,0.1798189133405685,108460800
831340800.0,0.1929994225502014,289486400
831427200.0,0.202413409948349,353539200
831513600.0,0.2014719545841217,186793600
831600000.0,0.1967650055885315,98078400
831686400.0,0.205238401889801,110588800
831945600.0,0.2038254886865615,187017600
832032000.0,0.207121193408966,197624000
832118400.0,0.2146523594856262,292364800
832204800.0,0.2137109339237213,130076800
832291200.0,0.208062544465065,123300800
832550400.0,0.2104160487651825,84515200
832636800.0,0.2042970657348632,114385600
832723200.0,0.1962942630052566,201880000
832809600.0,0.1977063864469528,124051200
832896000.0,0.2014719545841217,113243200
833241600.0,0.1986478418111801,101852800
833328000.0,0.1873501390218734,219520000
833414400.0,0.1920579671859741,103465600
833500800.0,0.1967650055885315,162646400
833760000.0,0.1864087879657745,125462400
833846400.0,0.1821724474430084,762238400
833932800.0,0.1892329454421997,510104000
834019200.0,0.1826431602239608,362096000
834105600.0,0.1835845708847046,267769600
834364800.0,0.1817017793655395,106366400
834451200.0,0.1807602941989898,153059200
834537600.0,0.1826431602239608,151916800
834624000.0,0.1854673624038696,191419200
834710400.0,0.1802896410226822,144961600
834969600.0,0.1779361367225647,112929600
835056000.0,0.1713455468416214,223227200
835142400.0,0.1741697490215301,134467200
835228800.0,0.1713455468416214,147089600
835315200.0,0.1704041212797165,161851200
835574400.0,0.1675799190998077,122763200
835660800.0,0.1553408652544021,246960000
835747200.0,0.1496916711330413,404331200
835833600.0,0.1553408652544021,229241600
835920000.0,0.1581651270389557,115684800
836179200.0,0.1619306951761245,131980800
836265600.0,0.1581651270389557,89006400
836352000.0,0.1459261029958725,288612800
836524800.0,0.1468674838542938,106153600
836784000.0,0.1440433114767074,188910400
836870400.0,0.1431018561124801,187824000
836956800.0,0.1412190496921539,169388800
837043200.0,0.134628489613533,291155200
837129600.0,0.1360405385494232,268990400
837388800.0,0.1294507533311844,133224000
837475200.0,0.1270972490310669,289217600
837561600.0,0.1270972490310669,233598400
837648000.0,0.1572236865758896,897052800
837734400.0,0.1562823355197906,265977600
837993600.0,0.1525167524814605,152208000
838080000.0,0.1543995290994644,130121600
838166400.0,0.1567530184984207,264073600
838252800.0,0.1581651270389557,114430400
838339200.0,0.1656971424818039,123681600
838598400.0,0.1675799190998077,195697600
838684800.0,0.160989299416542,189403200
838771200.0,0.1656971424818039,92780800
838857600.0,0.1600478589534759,110163200
838944000.0,0.1628720611333847,127948800
839203200.0,0.1581651270389557,101012800
839289600.0,0.1619306951761245,93587200
839376000.0,0.1685213297605514,248460800
839462400.0,0.166638508439064,101516800
839548800.0,0.1741697490215301,230787200
839808000.0,0.1732282936573028,151345600
839894400.0,0.1694627106189727,103510400
839980800.0,0.1713455468416214,71859200
840067200.0,0.1675799190998077,107620800
840153600.0,0.1694627106189727,141758400
840412800.0,0.1779361367225647,226318400
840499200.0,0.1769939363002777,211758400
840585600.0,0.1732282936573028,113344000
840672000.0,0.1751111447811126,87684800
840758400.0,0.1798189133405685,203459200
841017600.0,0.1817017793655395,89678400
841104000.0,0.1872329115867614,289307200
841190400.0,0.1873501390218734,163598400
841276800.0,0.1845258921384811,106926400
841363200.0,0.1826431602239608,105728000
841708800.0,0.1817017793655395,68297600
841795200.0,0.1817017793655395,101449600
841881600.0,0.1722869277000427,279585600
841968000.0,0.1732282936573028,240833600
842227200.0,0.1656971424818039,148243200
842313600.0,0.1619306951761245,155713600
842400000.0,0.1591064780950546,147201600
842486400.0,0.1534581482410431,260915200
842572800.0,0.1581651270389557,166611200
842832000.0,0.1685213297605514,244652800
842918400.0,0.1732282936573028,209171200
843004800.0,0.1769939363002777,353360000
843091200.0,0.1760525107383728,119470400
843177600.0,0.1722869277000427,149150400
843436800.0,0.1685213297605514,45763200
843523200.0,0.1694627106189727,143785600
843609600.0,0.1685213297605514,109043200
843696000.0,0.1685213297605514,103286400
843782400.0,0.1680506467819214,81569600
844041600.0,0.1671092212200164,85444800
844128000.0,0.1854673624038696,539246400
844214400.0,0.1779361367225647,276819200
844300800.0,0.1685213297605514,227718400
844387200.0,0.1718162149190902,133459200
844646400.0,0.1741697490215301,95715200
844732800.0,0.1751111447811126,190433600
844819200.0,0.1732282936573028,85209600
844905600.0,0.1821724474430084,276696000
844992000.0,0.1826431602239608,120691200
845251200.0,0.1901743113994598,269684800
845337600.0,0.1901743113994598,363059200
845424000.0,0.1939407438039779,334745600
845510400.0,0.1986478418111801,1026625600
845596800.0,0.2000598907470703,382659200
845856000.0,0.1929994225502014,187611200
845942400.0,0.1873501390218734,213718400
846028800.0,0.1864087879657745,160059200
846115200.0,0.1864087879657745,84369600
846201600.0,0.1845258921384811,77560000
846460800.0,0.1845258921384811,119996800
846547200.0,0.1751111447811126,199628800
846633600.0,0.1722869277000427,257051200
846720000.0,0.1732282936573028,194219200
846806400.0,0.1826431602239608,211332800
847065600.0,0.1835845708847046,91268800
847152000.0,0.1920579671859741,378112000
847238400.0,0.1920579671859741,180308800
847324800.0,0.19488225877285,155075200
847411200.0,0.1977063864469528,188708800
847670400.0,0.1958235800266266,92534400
847756800.0,0.1901743113994598,142956800
847843200.0,0.1925286948680877,83608000
847929600.0,0.1929994225502014,48529600
848016000.0,0.188291534781456,130715200
848275200.0,0.1864087879657745,152835200
848361600.0,0.1873501390218734,124432000
848448000.0,0.188291534781456,103096000
848534400.0,0.1845258921384811,70604800
848620800.0,0.1901743113994598,103980800
848880000.0,0.188291534781456,78948800
848966400.0,0.1826431602239608,112985600
849052800.0,0.1845258921384811,89040000
849225600.0,0.1817017793655395,42291200
849484800.0,0.1892329454421997,174977600
849571200.0,0.1892329454421997,275531200
849657600.0,0.188291534781456,190825600
849744000.0,0.188291534781456,142139200
849830400.0,0.1892329454421997,229387200
850089600.0,0.188291534781456,158648000
850176000.0,0.1845258921384811,184284800
850262400.0,0.1807602941989898,163363200
850348800.0,0.1798189133405685,87001600
850435200.0,0.1751111447811126,89096000
850694400.0,0.1704041212797165,149240000
850780800.0,0.1694627106189727,157248000
850867200.0,0.1741697490215301,205072000
850953600.0,0.1675799190998077,136886400
851040000.0,0.1769939363002777,546436800
851299200.0,0.1751111447811126,332304000
851385600.0,0.1741697490215301,57612800
851558400.0,0.1732282936573028,84884800
851644800.0,0.1741697490215301,136998400
851904000.0,0.1638134866952896,261800000
851990400.0,0.1572236865758896,383745600
852163200.0,0.1581651270389557,143113600
852249600.0,0.1638134866952896,119716800
852508800.0,0.134628489613533,1882832000
852595200.0,0.1318042427301406,976931200
852681600.0,0.1327456533908844,1100131200
852768000.0,0.1336870789527893,446656000
852854400.0,0.137452632188797,353718400
853113600.0,0.1365111917257309,305748800
853200000.0,0.134628489613533,255774400
853286400.0,0.129921406507492,433092800
853372800.0,0.1261558830738067,671305600
853459200.0,0.1261558830738067,325147200
853718400.0,0.1275679171085357,291625600
853804800.0,0.129921406507492,284827200
853891200.0,0.1294507533311844,205620800
853977600.0,0.129921406507492,172345600
854064000.0,0.1270972490310669,188283200
854323200.0,0.1252144873142242,214043200
854409600.0,0.1252144873142242,210560000
854496000.0,0.1252144873142242,151704000
854582400.0,0.1261558830738067,139932800
854668800.0,0.1252144873142242,199628800
854928000.0,0.1228601112961769,368110400
855014400.0,0.115799605846405,712644800
855100800.0,0.1148582026362419,394486400
855187200.0,0.1205066069960594,399504000
855273600.0,0.1190945357084274,235267200
855532800.0,0.1176824420690536,185404800
855619200.0,0.1181531026959419,140078400
855705600.0,0.1186238080263137,176265600
855792000.0,0.1214480325579643,195832000
855878400.0,0.1228601112961769,237249600
856224000.0,0.134628489613533,368278400
856310400.0,0.1327456533908844,241292800
856396800.0,0.1280386596918106,124947200
856483200.0,0.1233308017253875,211086400
856742400.0,0.1252144873142242,117588800
856828800.0,0.1270972490310669,138084800
856915200.0,0.1289800405502319,103174400
857001600.0,0.1280386596918106,102995200
857088000.0,0.1223894134163856,121878400
857347200.0,0.1214480325579643,130457600
857433600.0,0.1242722272872924,103196800
857520000.0,0.1280386596918106,96163200
857606400.0,0.1252144873142242,116289600
857692800.0,0.1242722272872924,70616000
857952000.0,0.1252144873142242,99187200
858038400.0,0.1233308017253875,98504000
858124800.0,0.1223894134163856,70996800
858211200.0,0.1233308017253875,105089600
858297600.0,0.1247429028153419,230417600
858556800.0,0.1242722272872924,192752000
858643200.0,0.1223894134163856,127075200
858729600.0,0.1214480325579643,208230400
858816000.0,0.129921406507492,317038400
858902400.0,0.1252144873142242,136460800
859161600.0,0.1242722272872924,71220800
859248000.0,0.1242722272872924,112560000
859334400.0,0.1261558830738067,106836800
859420800.0,0.1402776837348938,1138905600
859766400.0,0.137452632188797,970244800
859852800.0,0.1318042427301406,220259200
859939200.0,0.1355698257684707,222432000
860025600.0,0.1421604603528976,548856000
860112000.0,0.1449847072362899,475249600
860371200.0,0.1468674838542938,255259200
860457600.0,0.1440433114767074,193827200
860544000.0,0.1431018561124801,244988800
860630400.0,0.1421604603528976,116984000
860716800.0,0.137452632188797,79564800
860976000.0,0.1412190496921539,112358400
861062400.0,0.1388656198978424,136046400
861148800.0,0.1398069858551025,86217600
861235200.0,0.1431018561124801,219464000
861321600.0,0.1383948773145675,141444800
861580800.0,0.1355698257684707,89152000
861667200.0,0.1393362879753112,94651200
861753600.0,0.1365111917257309,54488000
861840000.0,0.134628489613533,74939200
861926400.0,0.1318042427301406,87382400
862185600.0,0.1327456533908844,46771200
862272000.0,0.133216306567192,51755200
862358400.0,0.1280386596918106,257633600
862444800.0,0.1280386596918106,72340800
862531200.0,0.1280386596918106,101987200
862790400.0,0.1280386596918106,98492800
862876800.0,0.1270972490310669,83148800
862963200.0,0.1242722272872924,114217600
863049600.0,0.1280386596918106,82936000
863136000.0,0.1285093873739242,188372800
863395200.0,0.1322749704122543,164976000
863481600.0,0.1322749704122543,197019200
863568000.0,0.133216306567192,135643200
863654400.0,0.1336870789527893,99008000
863740800.0,0.129921406507492,93296000
864000000.0,0.1280386596918106,52259200
864086400.0,0.129921406507492,84828800
864172800.0,0.1270972490310669,122248000
864259200.0,0.1252144873142242,76764800
864345600.0,0.1270972490310669,67032000
864691200.0,0.129921406507492,82084800
864777600.0,0.1280386596918106,87539200
864864000.0,0.1252144873142242,111182400
864950400.0,0.1252144873142242,177329600
865209600.0,0.1275679171085357,41585600
865296000.0,0.1256851702928543,65240000
865382400.0,0.1252144873142242,80404800
865468800.0,0.1256851702928543,64612800
865555200.0,0.1261558830738067,52875200
865814400.0,0.1252144873142242,74804800
865900800.0,0.1223894134163856,139048000
865987200.0,0.1228601112961769,105403200
866073600.0,0.1209772899746894,78691200
866160000.0,0.1190945357084274,132070400
866419200.0,0.1167410239577293,134008000
866505600.0,0.1230954602360725,142251200
866592000.0,0.1200359240174293,109648000
866678400.0,0.1186238080263137,121027200
866764800.0,0.1172116845846176,110185600
867024000.0,0.115799605846405,99545600
867110400.0,0.1153289228677749,111148800
867196800.0,0.1139168515801429,198632000
867283200.0,0.1106211021542549,381987200
867369600.0,0.1106211021542549,157953600
867628800.0,0.1073261797428131,171180800
867715200.0,0.0993243083357811,450676800
867801600.0,0.0983820557594299,249961600
867888000.0,0.1030899211764335,186782400
868233600.0,0.1040312722325325,191475200
868320000.0,0.103560596704483,95692800
868406400.0,0.1030899211764335,142016000
868492800.0,0.0997950062155723,492508800
868579200.0,0.1143875271081924,734944000
868838400.0,0.1176824420690536,411006400
868924800.0,0.1200359240174293,418353600
869011200.0,0.1238015368580818,446252800
869097600.0,0.1318042427301406,746267200
869184000.0,0.1306274831295013,317564800
869443200.0,0.1216833889484405,354916800
869529600.0,0.1247429028153419,231336000
869616000.0,0.1214480325579643,141288000
869702400.0,0.1190945357084274,133492800
869788800.0,0.1223894134163856,217963200
870048000.0,0.1238015368580818,110510400
870134400.0,0.1242722272872924,71243200
870220800.0,0.1308628469705581,374304000
870307200.0,0.1318042427301406,263816000
870393600.0,0.1445139497518539,481913600
870652800.0,0.1487503051757812,611318400
870739200.0,0.1487503051757812,247128000
870825600.0,0.1981770694255828,4190480000
870912000.0,0.2198308557271957,3755438400
870998400.0,0.2019426673650741,1814164800
871257600.0,0.1849966347217559,1550998400
871344000.0,0.1661678403615951,1048398400
871430400.0,0.1779361367225647,1201424000
871516800.0,0.1732282936573028,434448000
871603200.0,0.1751111447811126,260960000
871862400.0,0.1779361367225647,217840000
871948800.0,0.1840552389621734,289161600
872035200.0,0.1854673624038696,324307200
872121600.0,0.1807602941989898,259280000
872208000.0,0.1779361367225647,227628800
872467200.0,0.1736990213394165,138633600
872553600.0,0.1675799190998077,226206400
872640000.0,0.1708748191595077,190635200
872726400.0,0.1656971424818039,95670400
872812800.0,0.1638134866952896,109670400
873158400.0,0.1685213297605514,186043200
873244800.0,0.1694627106189727,284132800
873331200.0,0.1694627106189727,122539200
873417600.0,0.1671092212200164,136707200
873676800.0,0.1619306951761245,175156800
873763200.0,0.1642841845750808,159028800
873849600.0,0.1727576106786728,274064000
873936000.0,0.1685213297605514,209876800
874022400.0,0.1661678403615951,113680000
874281600.0,0.1619306951761245,96913600
874368000.0,0.1652264147996902,134220800
874454400.0,0.1642841845750808,86766400
874540800.0,0.1680506467819214,169164800
874627200.0,0.1652264147996902,94931200
874886400.0,0.1718162149190902,200368000
874972800.0,0.1638134866952896,200536000
875059200.0,0.1619306951761245,222432000
875145600.0,0.1591064780950546,223384000
875232000.0,0.160518616437912,208320000
875491200.0,0.1661678403615951,167238400
875577600.0,0.1633428037166595,140571200
875664000.0,0.1621660590171814,130468800
875750400.0,0.1652264147996902,135408000
875836800.0,0.166638508439064,162232000
876096000.0,0.1652264147996902,93296000
876182400.0,0.1642841845750808,109289600
876268800.0,0.1619306951761245,108841600
876355200.0,0.1638134866952896,187331200
876441600.0,0.1708748191595077,270401600
876700800.0,0.1708748191595077,158625600
876787200.0,0.1708748191595077,165816000
876873600.0,0.1793482452630996,810868800
876960000.0,0.1619306951761245,739188800
877046400.0,0.1515753269195556,438670400
877305600.0,0.140748381614685,411835200
877392000.0,0.1435726135969162,475272000
877478400.0,0.1398069858551025,151177600
877564800.0,0.1336870789527893,186782400
877651200.0,0.1247429028153419,388236800
877910400.0,0.1261558830738067,329358400
877996800.0,0.1365111917257309,343313600
878083200.0,0.1318042427301406,177587200
878169600.0,0.1242722272872924,188955200
878256000.0,0.1282739788293838,267086400
878515200.0,0.1308628469705581,126011200
878601600.0,0.135099172592163,168593600
878688000.0,0.1383948773145675,387116800
878774400.0,0.1431018561124801,617086400
878860800.0,0.1487503051757812,795614400
879120000.0,0.140748381614685,1398241600
879206400.0,0.1383948773145675,332483200
879292800.0,0.1327456533908844,208062400
879379200.0,0.1355698257684707,257521600
879465600.0,0.1388656198978424,135038400
879724800.0,0.1393362879753112,205027200
879811200.0,0.1360405385494232,146641600
879897600.0,0.137452632188797,79587200
879984000.0,0.1393362879753112,128172800
880070400.0,0.1369819045066833,97776000
880329600.0,0.1327456533908844,157348800
880416000.0,0.1308628469705581,205430400
880502400.0,0.1318042427301406,60412800
880675200.0,0.1336870789527893,41316800
880934400.0,0.1336870789527893,87236800
881020800.0,0.1195651888847351,396816000
881107200.0,0.1186238080263137,343056000
881193600.0,0.1176824420690536,199640000
881280000.0,0.1190945357084274,221468800
881539200.0,0.1172116845846176,133582400
881625600.0,0.1148582026362419,243051200
881712000.0,0.1110917776823043,194880000
881798400.0,0.1096796840429306,256939200
881884800.0,0.1063847988843917,160563200
882144000.0,0.1049726828932762,165894400
882230400.0,0.1077968999743461,185628800
882316800.0,0.1049726828932762,265294400
882403200.0,0.1040312722325325,202048000
882489600.0,0.1030899211764335,190612800
882748800.0,0.1002656891942024,159476800
882835200.0,0.0974406749010086,458830400
882921600.0,0.0988536179065704,97832000
883094400.0,0.1002656891942024,107878400
883353600.0,0.0988536179065704,278196800
883440000.0,0.0993243083357811,342507200
883526400.0,0.0988536179065704,406358400
883699200.0,0.1223894134163856,718110400
883958400.0,0.1195651888847351,651873600
884044800.0,0.1426312178373336,1812473600
884131200.0,0.1318042427301406,1041622400
884217600.0,0.1369819045066833,774020800
884304000.0,0.1369819045066833,886547200
884563200.0,0.137452632188797,516398400
884649600.0,0.1468674838542938,636854400
884736000.0,0.1487503051757812,589265600
884822400.0,0.1445139497518539,559272000
884908800.0,0.1416897177696228,246355200
885254400.0,0.1435726135969162,241561600
885340800.0,0.1423958092927932,190209600
885427200.0,0.1449847072362899,329728000
885513600.0,0.1468674838542938,233161600
885772800.0,0.1463968157768249,146440000
885859200.0,0.1440433114767074,112235200
885945600.0,0.1445139497518539,151121600
886032000.0,0.1393362879753112,211881600
886118400.0,0.1379233598709106,162444800
886377600.0,0.133216306567192,636742400
886464000.0,0.1379233598709106,402617600
886550400.0,0.137452632188797,170195200
886636800.0,0.1379233598709106,238268800
886723200.0,0.1393362879753112,202339200
886982400.0,0.1445139497518539,494670400
887068800.0,0.1463968157768249,422016000
887155200.0,0.1431018561124801,211668800
887241600.0,0.1459261029958725,203750400
887328000.0,0.1468674838542938,207995200
887673600.0,0.1478088498115539,182750400
887760000.0,0.1548701822757721,494592000
887846400.0,0.1539287865161895,399660800
887932800.0,0.1506330370903015,325416000
888192000.0,0.1600478589534759,477489600
888278400.0,0.160518616437912,456590400
888364800.0,0.1680506467819214,712667200
888451200.0,0.1769939363002777,595134400
888537600.0,0.1779361367225647,519601600
888796800.0,0.1713455468416214,400444800
888883200.0,0.1741697490215301,334073600
888969600.0,0.1840552389621734,817824000
889056000.0,0.1812310814857483,675124800
889142400.0,0.1840552389621734,666467200
889401600.0,0.1713455468416214,574929600
889488000.0,0.1812310814857483,712902400
889574400.0,0.1967650055885315,1214337600
889660800.0,0.2033547759056091,744363200
889747200.0,0.2042970657348632,566160000
890006400.0,0.2010012716054916,402360000
890092800.0,0.1984124630689621,410256000
890179200.0,0.202884092926979,276998400
890265600.0,0.2014719545841217,160059200
890352000.0,0.1986478418111801,215476800
890611200.0,0.1967650055885315,414736000
890697600.0,0.2108867913484573,675931200
890784000.0,0.2045322805643081,387374400
890870400.0,0.2000598907470703,202966400
890956800.0,0.202884092926979,255595200
891216000.0,0.2066504955291748,250700800
891302400.0,0.207121193408966,266896000
891388800.0,0.207121193408966,186883200
891475200.0,0.2057090997695922,194308800
891561600.0,0.2038254886865615,203067200
891820800.0,0.1977063864469528,347592000
891907200.0,0.1920579671859741,292700800
891993600.0,0.188291534781456,225198400
892080000.0,0.1929994225502014,170307200
892425600.0,0.1991184949874878,288299200
892512000.0,0.202884092926979,327846400
892598400.0,0.2066504955291748,557513600
892684800.0,0.2155937999486923,1837953600
892771200.0,0.2104160487651825,592166400
893030400.0,0.2184188216924667,517776000
893116800.0,0.2184188216924667,348028800
893203200.0,0.207121193408966,284950400
893289600.0,0.2085333168506622,475294400
893376000.0,0.2104160487651825,215544000
893635200.0,0.2090039700269699,409796800
893721600.0,0.202884092926979,237171200
893808000.0,0.2033547759056091,189537600
893894400.0,0.2061798423528671,179950400
893980800.0,0.2108867913484573,184072000
894240000.0,0.2188895046710968,571144000
894326400.0,0.2235964685678482,419283200
894412800.0,0.2283035665750503,897008000
894499200.0,0.2273621410131454,552899200
894585600.0,0.2292449623346328,270816000
894844800.0,0.2330113351345062,665022400
894931200.0,0.2268914133310318,257812800
895017600.0,0.2292449623346328,314417600
895104000.0,0.2264207601547241,162680000
895190400.0,0.2226550877094268,272585600
895449600.0,0.2146523594856262,232388800
895536000.0,0.2212429791688919,218265600
895622400.0,0.2226550877094268,190176000
895708800.0,0.2174774408340454,130995200
895795200.0,0.2099453657865524,266593600
896140800.0,0.2010012716054916,311774400
896227200.0,0.2014719545841217,370193600
896313600.0,0.2066504955291748,298491200
896400000.0,0.200530543923378,216720000
896659200.0,0.1977063864469528,319692800
896745600.0,0.202413409948349,179300800
896832000.0,0.1981770694255828,145140800
896918400.0,0.2019426673650741,156139200
897004800.0,0.202413409948349,123323200
897264000.0,0.205238401889801,126627200
897350400.0,0.2127695977687835,275744000
897436800.0,0.211357444524765,229230400
897523200.0,0.2094746977090835,180118400
897609600.0,0.211828202009201,223854400
897868800.0,0.207121193408966,136662400
897955200.0,0.2108867913484573,129684800
898041600.0,0.211828202009201,187174400
898128000.0,0.2057090997695922,119996800
898214400.0,0.2038254886865615,137558400
898473600.0,0.2061798423528671,134568000
898560000.0,0.2094746977090835,231056000
898646400.0,0.2127695977687835,273795200
898732800.0,0.2151231169700622,191811200
898819200.0,0.2122989296913147,111115200
899078400.0,0.2160644680261612,166185600
899164800.0,0.2160644680261612,131062400
899251200.0,0.2254793494939804,314115200
899337600.0,0.2184188216924667,298110400
899683200.0,0.2287742048501968,270950400
899769600.0,0.2297155559062957,241472000
899856000.0,0.2452503442764282,932814400
899942400.0,0.2386598736047744,566608000
900028800.0,0.2414839267730713,302523200
900288000.0,0.2556057274341583,715388800
900374400.0,0.251840204000473,548531200
900460800.0,0.25937220454216,594966400
900547200.0,0.2824373245239258,2561350400
900633600.0,0.2777303457260132,629552000
900892800.0,0.273023247718811,383891200
900979200.0,0.2683155238628387,329504000
901065600.0,0.2636084854602813,280728000
901152000.0,0.2631378173828125,253131200
901238400.0,0.2612549662590027,271286400
901497600.0,0.25937220454216,214233600
901584000.0,0.2532522082328796,225377600
901670400.0,0.2645499408245086,447720000
901756800.0,0.2749060392379761,362297600
901843200.0,0.2607843577861786,183108800
902102400.0,0.2645499408245086,301761600
902188800.0,0.2574893236160278,293921600
902275200.0,0.2711404860019684,454081600
902361600.0,0.2777303457260132,438614400
902448000.0,0.2749060392379761,298020800
902707200.0,0.2857330739498138,488600000
902793600.0,0.2937349677085876,1759475200
902880000.0,0.3017377555370331,689774400
902966400.0,0.2970305979251861,390779200
903052800.0,0.305032730102539,450777600
903312000.0,0.3158594965934753,930876800
903398400.0,0.3205665349960327,605953600
903484800.0,0.3087981343269348,485990400
903571200.0,0.3059739768505096,391921600
903657600.0,0.3238623142242431,813377600
903916800.0,0.3102112710475921,610176000
904003200.0,0.307386040687561,495566400
904089600.0,0.3040911555290222,406481600
904176000.0,0.2824373245239258,1114243200
904262400.0,0.2574893236160278,932254400
904521600.0,0.2348941266536712,868224000
904608000.0,0.2570187747478485,869075200
904694400.0,0.2678448259830475,843001600
904780800.0,0.2607843577861786,409752000
904867200.0,0.2645499408245086,377272000
905212800.0,0.2880866229534149,402796800
905299200.0,0.281495988368988,354692800
905385600.0,0.2871452271938324,526881600
905472000.0,0.2833794355392456,352284800
905731200.0,0.2800837755203247,247072000
905817600.0,0.2876158356666565,433652800
905904000.0,0.281025230884552,258876800
905990400.0,0.2711404860019684,269292800
906076800.0,0.2767889201641083,305076800
906336000.0,0.278201013803482,295870400
906422400.0,0.2786717116832733,257936000
906508800.0,0.2885572910308838,287918400
906595200.0,0.2899694144725799,482843200
906681600.0,0.291852205991745,228289600
906940800.0,0.2942056357860565,405417600
907027200.0,0.2975014448165893,305132800
907113600.0,0.2871452271938324,167182400
907200000.0,0.26878622174263,370216000
907286400.0,0.2640791535377502,475574400
907545600.0,0.2424253076314926,551880000
907632000.0,0.2452503442764282,399862400
907718400.0,0.2405424267053604,473356800
907804800.0,0.2320699691772461,689214400
907891200.0,0.2645499408245086,668236800
908150400.0,0.2819665372371673,622899200
908236800.0,0.291852205991745,941628800
908323200.0,0.281495988368988,2280017600
908409600.0,0.2758474349975586,840672000
908496000.0,0.276318222284317,615563200
908755200.0,0.2824373245239258,475776000
908841600.0,0.271611213684082,382088000
908928000.0,0.2796131074428558,430617600
909014400.0,0.2767889201641083,317374400
909100800.0,0.2673741579055786,355980800
909360000.0,0.2819665372371673,475843200
909446400.0,0.2654913067817688,538193600
909532800.0,0.2772595286369324,363708800
909619200.0,0.2744354903697967,344579200
909705600.0,0.2796131074428558,317643200
909964800.0,0.2833794355392456,253769600
910051200.0,0.2847916185855865,370451200
910137600.0,0.2913814783096313,627883200
910224000.0,0.2876158356666565,607118400
910310400.0,0.286674439907074,797339200
910569600.0,0.2758474349975586,660788800
910656000.0,0.2645499408245086,883982400
910742400.0,0.2527814209461212,948505600
910828800.0,0.2560764849185943,595100800
910915200.0,0.26878622174263,791817600
911174400.0,0.2711404860019684,384529600
911260800.0,0.2621964514255523,210728000
911347200.0,0.2669034004211426,329660800
911433600.0,0.269256979227066,346528000
911520000.0,0.2659619748592376,399224000
911779200.0,0.273023247718811,577953600
911865600.0,0.2706699073314667,319748800
911952000.0,0.2645499408245086,303800000
912124800.0,0.2640791535377502,153104000
912384000.0,0.2405424267053604,561489600
912470400.0,0.2570187747478485,865737600
912556800.0,0.2711404860019684,962483200
912643200.0,0.2537228763103485,626046400
912729600.0,0.2466624081134796,721369600
912988800.0,0.2541936337947845,566596800
913075200.0,0.2414839267730713,680108800
913161600.0,0.2410132139921188,592916800
913248000.0,0.2410132139921188,391249600
913334400.0,0.2541936337947845,689998400
913593600.0,0.2447796911001205,501446400
913680000.0,0.2527814209461212,264712000
913766400.0,0.247133120894432,374348800
913852800.0,0.251840204000473,330612800
913939200.0,0.2650205790996551,791492800
914198400.0,0.2640791535377502,357448000
914284800.0,0.2862037122249603,1150800000
914371200.0,0.2998547852039337,1235035200
914457600.0,0.2956176996231079,199987200
914803200.0,0.3078567385673523,725312000
914889600.0,0.307386040687561,387352000
914976000.0,0.3017377555370331,237361600
915062400.0,0.3083274364471435,271689600
915408000.0,0.3106817305088043,952884800
915494400.0,0.3262157440185547,1410113600
915580800.0,0.3144473731517792,1348569600
915667200.0,0.3389254212379455,1429019200
915753600.0,0.3389254212379455,678832000
916012800.0,0.3455152213573456,560974400
916099200.0,0.347398042678833,820736000
916185600.0,0.3502231240272522,1047816000
916272000.0,0.3116231560707092,1723859200
916358400.0,0.3111524581909179,1006006400
916704000.0,0.3078567385673523,534889600
916790400.0,0.3055033385753631,778120000
916876800.0,0.2923229336738586,600488000
916963200.0,0.291852205991745,345766400
917222400.0,0.2965600192546844,385336000
917308800.0,0.305032730102539,560044800
917395200.0,0.3022083342075348,364952000
917481600.0,0.3078567385673523,336280000
917568000.0,0.3102112710475921,242715200
917827200.0,0.3083274364471435,278913600
917913600.0,0.295147031545639,307160000
918000000.0,0.302679032087326,338744000
918086400.0,0.2852624356746673,463780800
918172800.0,0.2734940350055694,777201600
918432000.0,0.2843209207057953,468227200
918518400.0,0.2800837755203247,701153600
918604800.0,0.2885572910308838,563628800
918691200.0,0.2984428405761719,565196800
918777600.0,0.283850222826004,428904000
919123200.0,0.2885572910308838,300227200
919209600.0,0.2786717116832733,296060800
919296000.0,0.2711404860019684,500169600
919382400.0,0.2800837755203247,361692800
919641600.0,0.2894986569881439,298670400
919728000.0,0.2894986569881439,322179200
919814400.0,0.2819665372371673,212755200
919900800.0,0.278201013803482,264600000
919987200.0,0.2621964514255523,667251200
920246400.0,0.2541936337947845,487827200
920332800.0,0.2607843577861786,683054400
920419200.0,0.2574893236160278,293350400
920505600.0,0.251840204000473,367270400
920592000.0,0.2499572932720184,468036800
920851200.0,0.2589015066623688,550670400
920937600.0,0.2570187747478485,319692800
921024000.0,0.2452503442764282,546280000
921110400.0,0.2424253076314926,473659200
921196800.0,0.2499572932720184,271398400
921456000.0,0.2565471529960632,352161600
921542400.0,0.2673741579055786,399828800
921628800.0,0.2565471529960632,366318400
921715200.0,0.2673741579055786,227080000
921801600.0,0.2523109018802643,536502400
922060800.0,0.2640791535377502,593611200
922147200.0,0.2485452443361282,415553600
922233600.0,0.2537228763103485,400153600
922320000.0,0.2546643316745758,399963200
922406400.0,0.250428169965744,253836800
922665600.0,0.2664326131343841,568870400
922752000.0,0.2701990902423858,554523200
922838400.0,0.2706699073314667,422352000
922924800.0,0.271611213684082,262057600
923270400.0,0.2791425585746765,460936000
923356800.0,0.2862037122249603,628588800
923443200.0,0.2796131074428558,411812800
923529600.0,0.2777303457260132,296408000
923616000.0,0.2767889201641083,268542400
923875200.0,0.273023247718811,395819200
923961600.0,0.2607843577861786,412384000
924048000.0,0.2676094174385071,681027200
924134400.0,0.269256979227066,1734476800
924220800.0,0.2669034004211426,502219200
924480000.0,0.255135029554367,921816000
924566400.0,0.2565471529960632,523857600
924652800.0,0.2589015066623688,351400000
924739200.0,0.2739647030830383,740174400
924825600.0,0.295147031545639,1046841600
925084800.0,0.3083274364471435,927931200
925171200.0,0.3445738554000854,2106048000
925257600.0,0.331864058971405,954990400
925344000.0,0.3238623142242431,789308800
925430400.0,0.3464565873146057,1472329600
925689600.0,0.3732882142066955,1470436800
925776000.0,0.3502231240272522,811238400
925862400.0,0.3539887368679046,579297600
925948800.0,0.3351589739322662,433148800
926035200.0,0.3455152213573456,434716800
926294400.0,0.340808242559433,392996800
926380800.0,0.3370426595211029,458595200
926467200.0,0.3502231240272522,395124800
926553600.0,0.3478686213493347,295523200
926640000.0,0.3342175781726837,226632000
926899200.0,0.3342175781726837,210761600
926985600.0,0.340808242559433,418376000
927072000.0,0.3403374850749969,298278400
927158400.0,0.3200957179069519,417715200
927244800.0,0.3309226334095001,463187200
927504000.0,0.3158594965934753,260926400
927590400.0,0.3125646710395813,366508800
927676800.0,0.331864058971405,437550400
927763200.0,0.3276278674602508,336761600
927849600.0,0.331864058971405,201129600
928195200.0,0.3375133275985718,461025600
928281600.0,0.3506938517093658,521057600
928368000.0,0.3572835326194763,488510400
928454400.0,0.3624621629714966,368681600
928713600.0,0.3685812354087829,418286400
928800000.0,0.3591664731502533,313656000
928886400.0,0.3648156225681305,353785600
928972800.0,0.3624621629714966,317049600
929059200.0,0.3497523665428161,185046400
929318400.0,0.3422203361988067,157080000
929404800.0,0.3469273746013641,130390400
929491200.0,0.3610491752624511,225019200
929577600.0,0.3492816984653473,224403200
929664000.0,0.3549301624298095,208062400
929923200.0,0.3502231240272522,135150400
930009600.0,0.3417496383190155,151076800
930096000.0,0.3290398716926574,531496000
930182400.0,0.3186836838722229,433361600
930268800.0,0.3177423775196075,294134400
930528000.0,0.3205665349960327,277692800
930614400.0,0.3417496383190155,380385600
930700800.0,0.3488101661205292,343268800
930787200.0,0.3412789404392242,149217600
930873600.0,0.3488101661205292,123681600
931219200.0,0.3568128645420074,453812800
931305600.0,0.3756425082683563,1099156800
931392000.0,0.4104759097099304,1625041600
931478400.0,0.4189493954181671,608697600
931737600.0,0.4104759097099304,303912000
931824000.0,0.4043569266796112,283259200
931910400.0,0.4213028848171234,624556800
931996800.0,0.401061087846756,1691804800
932083200.0,0.399649053812027,411499200
932342400.0,0.4100051820278168,561299200
932428800.0,0.3982369899749756,442075200
932515200.0,0.407181054353714,718166400
932601600.0,0.3944713175296783,406728000
932688000.0,0.4015317857265472,229051200
932947200.0,0.3836444020271301,351187200
933033600.0,0.4043569266796112,395908800
933120000.0,0.409534603357315,328910400
933206400.0,0.4057690501213074,275475200
933292800.0,0.4194200932979584,383140800
933552000.0,0.4198907315731048,362443200
933638400.0,0.41612508893013,368379200
933724800.0,0.4052983224391937,371425600
933811200.0,0.4123588502407074,322537600
933897600.0,0.4076519012451172,435556800
934156800.0,0.4100051820278168,233284800
934243200.0,0.4170666337013244,416225600
934329600.0,0.4495465755462646,850337600
934416000.0,0.4519000351428985,666108800
934502400.0,0.4523707628250122,298435200
934761600.0,0.455666571855545,276931200
934848000.0,0.4542534351348877,320936000
934934400.0,0.4528415203094482,468574400
935020800.0,0.4424859583377838,550020800
935107200.0,0.4457809329032898,327947200
935366400.0,0.4575493335723877,355566400
935452800.0,0.4547249674797058,502264000
935539200.0,0.4622563123703003,295164800
935625600.0,0.4679056406021118,404488000
935712000.0,0.487675666809082,446835200
935971200.0,0.4674338102340698,336593600
936057600.0,0.4914413094520569,634547200
936144000.0,0.5168609023094177,788625600
936230400.0,0.5314534306526184,895148800
936316800.0,0.5535778403282166,1635267200
936662400.0,0.575231671333313,984793600
936748800.0,0.5611098408699036,762204800
936835200.0,0.569111704826355,534083200
936921600.0,0.5832335352897644,458763200
937180800.0,0.5648753643035889,252000000
937267200.0,0.5860577821731567,388292800
937353600.0,0.5676997303962708,359576000
937440000.0,0.5785266757011414,441884800
937526400.0,0.5794680714607239,277278400
937785600.0,0.5954723954200745,456668800
937872000.0,0.5215687155723572,3357558400
937958400.0,0.5295704007148743,1123169600
938044800.0,0.4768487513065338,1143755200
938131200.0,0.4890879094600677,1179875200
938390400.0,0.4617856740951538,948192000
938476800.0,0.4490757882595062,1414963200
938563200.0,0.4448395669460296,657283200
938649600.0,0.4768487513065338,908084800
938736000.0,0.4648450911045074,614790400
938995200.0,0.4862635135650635,459356800
939081600.0,0.51168292760849,814206400
939168000.0,0.5060338377952576,804272000
939254400.0,0.4999145865440368,605886400
939340800.0,0.4937948882579803,382804800
939600000.0,0.5022683143615723,263121600
939686400.0,0.5098003149032593,563752000
939772800.0,0.482262521982193,636731200
939859200.0,0.5512242317199707,1898803200
939945600.0,0.5615806579589844,1173177600
940204800.0,0.5516948699951172,776406400
940291200.0,0.5159193277359009,1022582400
940377600.0,0.5658169388771057,1081404800
940464000.0,0.573348879814148,793452800
940550400.0,0.5568729043006897,419507200
940809600.0,0.5611098408699036,326592000
940896000.0,0.5653462409973145,361435200
940982400.0,0.575231671333313,443072000
941068800.0,0.5865291953086853,504089600
941155200.0,0.6034755110740662,523051200
941414400.0,0.5846458673477173,278577600
941500800.0,0.6044166684150696,399235200
941587200.0,0.6138315796852112,328462400
941673600.0,0.6298364996910095,379086400
941760000.0,0.6651403903961182,416808000
942019200.0,0.7258648872375488,950924800
942105600.0,0.6750257015228271,809177600
942192000.0,0.6886769533157349,577897600
942278400.0,0.6947969794273376,269875200
942364800.0,0.6825578808784485,279059200
942624000.0,0.6736136674880981,259907200
942710400.0,0.6867942214012146,233856000
942796800.0,0.6797336339950562,364571200
942883200.0,0.6750257015228271,364784000
942969600.0,0.696209192276001,312513600
943228800.0,0.6825578808784485,202361600
943315200.0,0.699033260345459,543312000
943401600.0,0.713154673576355,215107200
943574400.0,0.7159790992736816,132070400
943833600.0,0.7122136950492859,464161600
943920000.0,0.7371624708175659,843180800
944006400.0,0.7762329578399658,618564800
944092800.0,0.8298959136009216,567358400
944179200.0,0.8661423921585083,647920000
944438400.0,0.8736737370491028,466782400
944524800.0,0.8873247504234314,445020800
944611200.0,0.8289545178413391,412350400
944697600.0,0.7927082777023315,855198400
944784000.0,0.775762140750885,637761600
945043200.0,0.7456360459327698,529961600
945129600.0,0.7145670652389526,435870400
945216000.0,0.7305716872215271,622977600
945302400.0,0.7404571771621704,463825600
945388800.0,0.7531669735908508,495006400
945648000.0,0.7381035685539246,283987200
945734400.0,0.771996796131134,307596800
945820800.0,0.7526962161064148,327073600
945907200.0,0.7795280814170837,229532800
946252800.0,0.7479895353317261,168392000
946339200.0,0.7395157814025879,247576000
946425600.0,0.7583454251289368,284502400
946512000.0,0.7555205821990967,207144000
946598400.0,0.7743500471115112,163811200
946857600.0,0.8430765271186829,535796800
946944000.0,0.771996796131134,512377600
947030400.0,0.7832934856414795,778321600
947116800.0,0.7155085206031799,767972800
947203200.0,0.7494013905525208,460734400
947462400.0,0.7362209558486938,505064000
947548800.0,0.6985624432563782,441548800
947635200.0,0.6566677689552307,976068800
947721600.0,0.7286888360977173,1032684800
947808000.0,0.7564617991447449,390376000
948153600.0,0.7828226685523987,459177600
948240000.0,0.8025937676429749,597643200
948326400.0,0.8548446893692017,1831132800
948412800.0,0.8383694291114807,495924800
948672000.0,0.8002404570579529,440876800
948758400.0,0.8454297780990601,497145600
948844800.0,0.8298959136009216,367158400
948931200.0,0.8284838795661926,340144000
949017600.0,0.7654057741165161,423348800
949276800.0,0.7814106941223145,701680000
949363200.0,0.7550497651100159,318035200
949449600.0,0.7442227005958557,464195200
949536000.0,0.7781159281730652,475193600
949622400.0,0.8134208917617798,425320000
949881600.0,0.8590812087059021,441067200
949968000.0,0.8652009963989258,408643200
950054400.0,0.8482540249824524,299364800
950140800.0,0.8548446893692017,302982400
950227200.0,0.8190692067146301,212251200
950486400.0,0.8722615838050842,367539200
950572800.0,0.8962687253952026,485744000
950659200.0,0.8595517873764038,378246400
950745600.0,0.8652009963989258,289497600
950832000.0,0.8378987908363342,233441600
951177600.0,0.8571981191635132,422296000
951264000.0,0.8755563497543335,473099200
951350400.0,0.8676717281341553,376432000
951436800.0,0.8313083648681641,249144000
951696000.0,0.8529621362686157,328328000
951782400.0,0.8633182048797607,368961600
951868800.0,0.98147052526474,1077003200
951955200.0,0.9188639521598816,311259200
952041600.0,0.9640536904335022,323366400
952300800.0,0.9466370344161988,210560000
952387200.0,0.925453782081604,273011200
952473600.0,0.9188639521598816,271230400
952560000.0,0.9207468628883362,276718400
952646400.0,0.9471079111099244,248606400
952905600.0,0.9136858582496644,303956800
952992000.0,0.8604933619499207,428579200
953078400.0,0.8755563497543335,443609600
953164800.0,0.9155686497688292,378100800
953251200.0,0.9414585828781128,305043200
953510400.0,0.9263951182365416,204489600
953596800.0,1.016304850578308,524328000
953683200.0,1.085972547531128,567996800
953769600.0,1.0643196105957031,562564800
953856000.0,1.0445483922958374,446913600
954115200.0,1.0511391162872314,279182400
954201600.0,1.0478438138961792,202966400
954288000.0,1.0238370895385742,239836800
954374400.0,0.9471079111099244,414400000
954460800.0,1.022895574569702,404633600
954720000.0,1.004065990447998,328563200
954806400.0,0.9588761925697328,660329600
954892800.0,0.9819421172142028,457665600
954979200.0,0.9428715705871582,259627200
955065600.0,0.9922975301742554,242435200
955324800.0,0.9414585828781128,212262400
955411200.0,0.8995638489723206,541822400
955497600.0,0.8228349089622498,941136000
955584000.0,0.8571981191635132,529827200
955670400.0,0.8426057696342468,667620800
955929600.0,0.9329861998558044,409561600
956016000.0,0.9555810689926147,390924800
956102400.0,0.9122732281684875,520150400
956188800.0,0.8953273296356201,722120000
956534400.0,0.9075665473937988,443620800
956620800.0,0.9664077162742616,391641600
956707200.0,0.9136858582496644,366912000
956793600.0,0.954639494419098,326603200
956880000.0,0.9343978762626648,249580800
957139200.0,0.9362810850143432,226195200
957225600.0,0.887795090675354,236432000
957312000.0,0.8666133284568787,489798400
957398400.0,0.8336617350578308,399515200
957484800.0,0.8520206212997437,284076800
957744000.0,0.8294253945350647,184900800
957830400.0,0.794120192527771,327140800
957916800.0,0.7479895353317261,535091200
958003200.0,0.7743500471115112,499744000
958089600.0,0.8105966448783875,306913600
958348800.0,0.7606990337371826,678932800
958435200.0,0.7960032224655151,440451200
958521600.0,0.7635232210159302,398092800
958608000.0,0.7588161826133728,373777600
958694400.0,0.7079774737358093,740667200
958953600.0,0.677379310131073,755507200
959040000.0,0.6463116407394409,517585600
959126400.0,0.6604332327842712,678462400
959212800.0,0.6572557091712952,406750400
959299200.0,0.6505478620529175,181148800
959644800.0,0.6594920754432678,713059200
959731200.0,0.6326605081558228,433507200
959817600.0,0.6712602972984314,903840000
959904000.0,0.6971502900123596,792848000
960163200.0,0.6877354979515076,323668800
960249600.0,0.6995038986206055,525481600
960336000.0,0.7272768616676331,337019200
960422400.0,0.7140966653823853,238526400
960508800.0,0.7211578488349915,252358400
960768000.0,0.6867942214012146,290337600
960854400.0,0.7117429375648499,351456000
960940800.0,0.6811456084251404,277446400
961027200.0,0.6957381367683411,248572800
961113600.0,0.6867942214012146,303564800
961372800.0,0.7277475595474243,394004800
961459200.0,0.7625815272331238,501390400
961545600.0,0.8378987908363342,490000000
961632000.0,0.8096542954444885,467712000
961718400.0,0.7785863280296326,204965600
961977600.0,0.8153038024902344,185354400
962064000.0,0.7795280814170837,203470400
962150400.0,0.8200103640556335,286428800
962236800.0,0.771996796131134,203660800
962323200.0,0.7889426350593567,323097600
962582400.0,0.8030644655227661,70828800
962755200.0,0.7776451110839844,265216000
962841600.0,0.7804691791534424,309545600
962928000.0,0.8200103640556335,263603200
963187200.0,0.8604933619499207,397796000
963273600.0,0.8576689958572388,357896000
963360000.0,0.8868541717529297,225433600
963446400.0,0.8510792851448059,445659200
963532800.0,0.8689666390419006,190276800
963792000.0,0.878381609916687,260002400
963878400.0,0.8623759746551514,318404800
963964800.0,0.7936498522758484,457872800
964051200.0,0.8303667306900024,465572800
964137600.0,0.8068302273750305,196235200
964396800.0,0.7333968281745911,412171200
964483200.0,0.7541084289550781,211607200
964569600.0,0.7541084289550781,210470400
964656000.0,0.7832934856414795,294985600
964742400.0,0.7277475595474243,237893600
965001600.0,0.7654057741165161,155299200
965088000.0,0.7428107857704163,137284000
965174400.0,0.7117429375648499,162355200
965260800.0,0.7230403423309326,339897600
965347200.0,0.7136257290840149,263121600
965606400.0,0.7220991849899292,187348000
965692800.0,0.7042108774185181,176674400
965779200.0,0.7155085206031799,379640800
965865600.0,0.7164498567581177,251714400
965952000.0,0.7183337211608887,238056000
966211200.0,0.708918571472168,156660000
966297600.0,0.7032694816589355,114200800
966384000.0,0.7305716872215271,143673600
966470400.0,0.774820864200592,270900000
966556800.0,0.7531669735908508,190176000
966816000.0,0.7606990337371826,134467200
966902400.0,0.7785863280296326,276802400
966988800.0,0.8181276917457581,236863200
967075200.0,0.8451946973800659,310766400
967161600.0,0.8557860255241394,334460000
967420800.0,0.8746150135993958,359004800
967507200.0,0.8915618658065796,267030400
967593600.0,0.8962687253952026,285392800
967680000.0,0.9179225564002992,419596800
967766400.0,0.9555810689926147,256872000
968112000.0,0.9405167698860168,298642400
968198400.0,0.8802643418312073,355404000
968284800.0,0.9339272975921632,217464800
968371200.0,0.8868541717529297,195518400
968630400.0,0.8802643418312073,187381600
968716800.0,0.8699079751968384,187997600
968803200.0,0.8736737370491028,305984000
968889600.0,0.8564921617507935,426552000
968976000.0,0.832014262676239,394514400
969235200.0,0.9136858582496644,424536000
969321600.0,0.9028594493865968,271510400
969408000.0,0.919569969177246,227388000
969494400.0,0.8539034128189087,510490400
969580800.0,0.7861184477806091,726700800
969840000.0,0.8058885931968689,435551200
969926400.0,0.774820864200592,290936800
970012800.0,0.7371624708175659,402259200
970099200.0,0.8058885931968689,979585600
970185600.0,0.3878806233406067,7421640800
970444800.0,0.3652863204479217,2424788800
970531200.0,0.3361012935638428,2038120000
970617600.0,0.3558714687824249,1466024000
970704000.0,0.332334816455841,873006400
970790400.0,0.3342175781726837,612656800
971049600.0,0.3276278674602508,597564800
971136000.0,0.3144473731517792,691101600
971222400.0,0.2956176996231079,1198422400
971308800.0,0.301266998052597,1191064000
971395200.0,0.332334816455841,1247752800
971654400.0,0.3238623142242431,820176000
971740800.0,0.3031497597694397,601720000
971827200.0,0.3031497597694397,834265600
971913600.0,0.2852624356746673,1506724800
972000000.0,0.2937349677085876,791263200
972259200.0,0.3069153130054474,551292000
972345600.0,0.2843209207057953,804451200
972432000.0,0.2786717116832733,663969600
972518400.0,0.2786717116832733,721851200
972604800.0,0.2796131074428558,744503200
972864000.0,0.2909107208251953,639189600
972950400.0,0.2946763038635254,885880800
973036800.0,0.3087981343269348,575366400
973123200.0,0.3361012935638428,590693600
973209600.0,0.3351589739322662,515821600
973468800.0,0.3229207992553711,393478400
973555200.0,0.321037232875824,301963200
973641600.0,0.3022083342075348,422088800
973728000.0,0.3040911555290222,476834400
973814400.0,0.2871452271938324,422251200
974073600.0,0.291852205991745,431816000
974160000.0,0.305032730102539,409001600
974246400.0,0.2993841469287872,282357600
974332800.0,0.2862037122249603,239372000
974419200.0,0.2786717116832733,446180000
974678400.0,0.2852624356746673,408066400
974764800.0,0.2833794355392456,301952000
974851200.0,0.2786717116832733,280532000
975024000.0,0.2909107208251953,160932800
975283200.0,0.281495988368988,258792800
975369600.0,0.271611213684082,269124800
975456000.0,0.2645499408245086,492150400
975542400.0,0.2485452443361282,809597600
975628800.0,0.2570187747478485,385705600
975888000.0,0.2513695061206817,371520800
975974400.0,0.2560764849185943,613978400
976060800.0,0.2155937999486923,1374464000
976147200.0,0.2155937999486923,408917600
976233600.0,0.2268914133310318,435624000
976492800.0,0.2287742048501968,332511200
976579200.0,0.23159921169281,386260000
976665600.0,0.2259500175714492,344887200
976752000.0,0.2174774408340454,263317600
976838400.0,0.211828202009201,513945600
977097600.0,0.2146523594856262,325808000
977184000.0,0.2108867913484573,374007200
977270400.0,0.21653513610363,565331200
977356800.0,0.211828202009201,366844800
977443200.0,0.2259500175714492,318052000
977788800.0,0.2212429791688919,216815200
977875200.0,0.2231258600950241,325466400
977961600.0,0.2231258600950241,305177600
978048000.0,0.2240671813488006,630336000
978393600.0,0.2240671813488006,452312000
978480000.0,0.2466624081134796,817073600
978566400.0,0.2570187747478485,739396000
978652800.0,0.2466624081134796,412356000
978912000.0,0.2494867295026779,373699200
978998400.0,0.2589015066623688,588929600
979084800.0,0.2494867295026779,580781600
979171200.0,0.2711404860019684,803734400
979257600.0,0.2589015066623688,423376800
979603200.0,0.2579600811004638,306118400
979689600.0,0.2532522082328796,840873600
979776000.0,0.281495988368988,1227010400
979862400.0,0.2937349677085876,776664000
980121600.0,0.2899694144725799,519327200
980208000.0,0.3087981343269348,879530400
980294400.0,0.3087981343269348,717091200
980380800.0,0.3003256618976593,489708800
980467200.0,0.2946763038635254,482820800
980726400.0,0.3266864418983459,855528800
980812800.0,0.3276278674602508,692423200
980899200.0,0.3257449865341186,730704800
980985600.0,0.3182129561901092,369695200
981072000.0,0.3106817305088043,427341600
981331200.0,0.3040911555290222,286115200
981417600.0,0.3182129561901092,462711200
981504000.0,0.3125646710395813,393887200
981590400.0,0.3125646710395813,604128000
981676800.0,0.2880866229534149,590083200
981936000.0,0.2965600192546844,274120000
982022400.0,0.2880866229534149,237070400
982108800.0,0.2937349677085876,309120000
982195200.0,0.3022083342075348,311416000
982281600.0,0.2862037122249603,263911200
982627200.0,0.2758474349975586,314893600
982713600.0,0.2843209207057953,390258400
982800000.0,0.2833794355392456,431961600
982886400.0,0.2833794355392456,293865600
983145600.0,0.2937349677085876,206438400
983232000.0,0.291852205991745,348516000
983318400.0,0.2749060392379761,508233600
983404800.0,0.2824373245239258,330461600
983491200.0,0.2899694144725799,406201600
983750400.0,0.3069153130054474,324172800
983836800.0,0.3238623142242431,731802400
983923200.0,0.3200957179069519,419540800
984009600.0,0.3135060369968414,204859200
984096000.0,0.305032730102539,299135200
984355200.0,0.2805544435977936,391020000
984441600.0,0.2946763038635254,443329600
984528000.0,0.3078567385673523,477775200
984614400.0,0.2965600192546844,529317600
984700800.0,0.2956176996231079,470316000
984960000.0,0.3097403645515442,356008800
985046400.0,0.2965600192546844,499206400
985132800.0,0.3031497597694397,371375200
985219200.0,0.3257449865341186,723301600
985305600.0,0.3464565873146057,944888000
985564800.0,0.3280799984931946,734451200
985651200.0,0.3444987535476684,543821600
985737600.0,0.3339544236660003,584662400
985824000.0,0.3393768072128296,613065600
985910400.0,0.3324478268623352,400349600
986169600.0,0.3252177834510803,340911200
986256000.0,0.3048823475837707,368687200
986342400.0,0.2937349677085876,685484800
986428800.0,0.3143723011016845,446762400
986515200.0,0.310154527425766,324889600
986774400.0,0.3094011545181274,266582400
986860800.0,0.3319956660270691,457374400
986947200.0,0.3283812701702118,334096000
987033600.0,0.3377200365066528,298933600
987379200.0,0.3229579627513885,285224800
987465600.0,0.3072925508022308,685199200
987552000.0,0.3432933390140533,1100842400
987638400.0,0.3874294757843017,1873670400
987724800.0,0.377186119556427,693403200
987984000.0,0.3652863204479217,541525600
988070400.0,0.361971914768219,377137600
988156800.0,0.3723662197589874,330780800
988243200.0,0.3719140887260437,799696800
988329600.0,0.3946593999862671,453012000
988588800.0,0.3839649856090545,494776800
988675200.0,0.3905926346778869,427252000
988761600.0,0.40053391456604,368524800
988848000.0,0.3759807348251343,301543200
988934400.0,0.3878806233406067,281052800
989193600.0,0.3759807348251343,276550400
989280000.0,0.3701063096523285,315436800
989366400.0,0.3612186312675476,324889600
989452800.0,0.3464565873146057,288976800
989539200.0,0.3441975116729736,203044800
989798400.0,0.3508253395557403,309220800
989884800.0,0.349168598651886,237025600
989971200.0,0.36302649974823,322330400
990057600.0,0.3547420501708984,332119200
990144000.0,0.3544408977031708,159051200
990403200.0,0.3548921048641205,460997600
990489600.0,0.3539887368679046,412916000
990576000.0,0.3499210476875305,281041600
990662400.0,0.3494698405265808,271756800
990748800.0,0.3428421318531036,158743200
991094400.0,0.3234101235866546,515989600
991180800.0,0.2979527115821838,777078400
991267200.0,0.3005136847496032,442892800
991353600.0,0.3146734535694122,456075200
991612800.0,0.3112090528011322,281920800
991699200.0,0.315426766872406,471794400
991785600.0,0.3122634589672088,223176800
991872000.0,0.3262721300125122,325180800
991958400.0,0.3211502134799957,342624800
992217600.0,0.30186927318573,294000000
992304000.0,0.3059368729591369,303794400
992390400.0,0.3083468079566955,511487200
992476800.0,0.2994592785835266,297348800
992563200.0,0.3078947961330414,454624800
992822400.0,0.3062379658222198,345912000
992908800.0,0.3041291534900665,321087200
992995200.0,0.3264223337173462,431620000
993081600.0,0.3387744724750519,341331200
993168000.0,0.3353101015090942,286025600
993427200.0,0.3613696992397308,439549600
993513600.0,0.3577542603015899,272781600
993600000.0,0.3515785932540893,374130400
993686400.0,0.3545909821987152,348409600
993772800.0,0.3502231240272522,515390400
994032000.0,0.3600140810012817,230048000
994118400.0,0.359109878540039,112543200
994291200.0,0.3493188321590423,152292000
994377600.0,0.3318454623222351,302920800
994636800.0,0.3419376611709595,337467200
994723200.0,0.3184389770030975,395270400
994809600.0,0.3395277261734009,470506400
994896000.0,0.3669429719448089,614801600
994982400.0,0.374324083328247,454742400
995241600.0,0.3609175980091095,278667200
995328000.0,0.3780895471572876,647830400
995414400.0,0.3131669759750366,1137012800
995500800.0,0.3006647229194641,861140000
995587200.0,0.300965815782547,444584000
995846400.0,0.2943380177021026,241360000
995932800.0,0.2875592708587646,348376000
996019200.0,0.2782196700572967,443878400
996105600.0,0.2800273001194,369140800
996192000.0,0.2856006324291229,334135200
996451200.0,0.2851493656635284,243359200
996537600.0,0.2830404937267303,235026400
996624000.0,0.2871073484420776,304136000
996710400.0,0.2985558807849884,252089600
996796800.0,0.2937349677085876,186054400
997056000.0,0.2881616652011871,99652000
997142400.0,0.2899694144725799,168548800
997228800.0,0.2846972048282623,276169600
997315200.0,0.2869570851325989,200664800
997401600.0,0.2865048348903656,186961600
997660800.0,0.2875592708587646,147996800
997747200.0,0.2821362316608429,228950400
997833600.0,0.2777683436870575,289279200
997920000.0,0.2809315919876098,288092000
998006400.0,0.272195041179657,208426400
998265600.0,0.2729474604129791,252302400
998352000.0,0.2699350714683532,185701600
998438400.0,0.2743037939071655,173975200
998524800.0,0.2682783305644989,217078400
998611200.0,0.2797260880470276,290332000
998870400.0,0.2849982976913452,175644000
998956800.0,0.2771651148796081,171735200
999043200.0,0.2685795426368713,239971200
999129600.0,0.2685795426368713,368692800
999216000.0,0.2794249355792999,216904800
999561600.0,0.2749060392379761,348213600
999648000.0,0.2794249355792999,360057600
999734400.0,0.2669227421283722,282368800
999820800.0,0.2602943181991577,241830400
1000080000.0,0.2616505622863769,308845600
1000684800.0,0.2559263706207275,458007200
1000771200.0,0.2452308237552642,327101600
1000857600.0,0.2563784718513489,373318400
1000944000.0,0.2361932247877121,411174400
1001030400.0,0.2369465380907058,570516800
1001289600.0,0.2477919310331344,294537600
1001376000.0,0.2340843379497528,374404800
1001462400.0,0.228209912776947,493796800
1001548800.0,0.2336322218179702,322240800
1001635200.0,0.2336322218179702,365108800
1001894400.0,0.2340843379497528,208208000
1001980800.0,0.2267033606767654,235883200
1002067200.0,0.2256488502025604,683043200
1002153600.0,0.2392054945230484,401122400
1002240000.0,0.2431222051382064,342686400
1002499200.0,0.2440264970064163,207984000
1002585600.0,0.2410132139921188,174025600
1002672000.0,0.2533653378486633,307759200
1002758400.0,0.2672239542007446,334163200
1002844800.0,0.2712907493114471,287812000
1003104000.0,0.2709895670413971,318752000
1003190400.0,0.2712907493114471,202949600
1003276800.0,0.2559263706207275,285538400
1003363200.0,0.2711404860019684,612572800
1003449600.0,0.275659441947937,166790400
1003708800.0,0.2865048348903656,391938400
1003795200.0,0.2732493877410888,684980800
1003881600.0,0.2854505479335785,374427200
1003968000.0,0.2890658378601074,254951200
1004054400.0,0.2812326550483703,278964000
1004313600.0,0.265566349029541,239181600
1004400000.0,0.2651151418685913,276763200
1004486400.0,0.2645119428634643,273750400
1004572800.0,0.2800273001194,312995200
1004659200.0,0.2797260880470276,197204000
1004918400.0,0.2872582077980041,235793600
1005004800.0,0.2947894930839538,316019200
1005091200.0,0.2950905263423919,382989600
1005177600.0,0.281834989786148,342143200
1005264000.0,0.281834989786148,134293600
1005523200.0,0.2824373245239258,201499200
1005609600.0,0.2917770445346832,224672000
1005696000.0,0.2953925132751465,221149600
1005782400.0,0.2929816842079162,213029600
1005868800.0,0.285751610994339,230664000
1006128000.0,0.301266998052597,332589600
1006214400.0,0.294187068939209,276584000
1006300800.0,0.2964469492435455,201583200
1006473600.0,0.2988570928573608,60004000
1006732800.0,0.3219035267829895,460689600
1006819200.0,0.3163302540779114,268553600
1006905600.0,0.3092503249645233,250611200
1006992000.0,0.3075935244560241,202764800
1007078400.0,0.3208489716053009,303912000
1007337600.0,0.3170834481716156,181165600
1007424000.0,0.337418794631958,380419200
1007510400.0,0.3579053282737732,568579200
1007596800.0,0.3431433141231537,338934400
1007683200.0,0.3395277261734009,203515200
1007942400.0,0.3395277261734009,170010400
1008028800.0,0.3280799984931946,205475200
1008115200.0,0.3237113058567047,192460800
1008201600.0,0.3163302540779114,197842400
1008288000.0,0.3071414232254028,189884800
1008547200.0,0.3106058239936828,173712000
1008633600.0,0.3164810538291931,235239200
1008720000.0,0.32566899061203,289956800
1008806400.0,0.3113591372966766,220864000
1008892800.0,0.3163302540779114,256334400
1009152000.0,0.3217533230781555,50629600
1009324800.0,0.3237113058567047,146400800
1009411200.0,0.3324478268623352,191508800
1009497600.0,0.3378710448741913,299124000
1009756800.0,0.3298869132995605,137782400
1009929600.0,0.3509756028652191,529496800
1010016000.0,0.355193167924881,612007200
1010102400.0,0.3568508327007293,409976000
1010361600.0,0.3449508845806122,444584000
1010448000.0,0.3405822217464447,450038400
1010534400.0,0.3261212706565857,327835200
1010620800.0,0.3197947144508362,452737600
1010707200.0,0.3170834481716156,348801600
1010966400.0,0.3185901343822479,415996000
1011052800.0,0.3268745243549347,290320800
1011139200.0,0.3130159080028534,566893600
1011225600.0,0.3386243283748626,660576000
1011312000.0,0.3339544236660003,338811200
1011657600.0,0.3286823034286499,327314400
1011744000.0,0.3467577993869781,443279200
1011830400.0,0.3496199548244476,344002400
1011916800.0,0.3502231240272522,185914400
1012176000.0,0.3505241870880127,186446400
1012262400.0,0.3475110828876495,240324000
1012348800.0,0.3628763258457184,471576000
1012435200.0,0.3723662197589874,468445600
1012521600.0,0.3676963150501251,398305600
1012780800.0,0.3818561136722564,522373600
1012867200.0,0.38336181640625,456887200
1012953600.0,0.3716128766536712,597576000
1013040000.0,0.3660396039485931,347832800
1013126400.0,0.361971914768219,355331200
1013385600.0,0.3762818872928619,398602400
1013472000.0,0.3722152709960937,224280000
1013558400.0,0.3767341375350952,312872000
1013644800.0,0.3705585598945617,260170400
1013731200.0,0.3600140810012817,260187200
1014076800.0,0.3407331705093384,390258400
1014163200.0,0.3484153747558594,285443200
1014249600.0,0.3238623142242431,446751200
1014336000.0,0.3425400853157043,406476000
1014595200.0,0.3586585819721222,426848800
1014681600.0,0.3565497100353241,260131200
1014768000.0,0.3307911455631256,1030159200
1014854400.0,0.3268745243549347,456937600
1014940800.0,0.3532354235649109,348992000
1015200000.0,0.3658885657787323,348258400
1015286400.0,0.3544408977031708,274702400
1015372800.0,0.3625743687152862,226206400
1015459200.0,0.3672441840171814,258249600
1015545600.0,0.3714619278907776,269774400
1015804800.0,0.377487301826477,262785600
1015891200.0,0.3723662197589874,254055200
1015977600.0,0.3689008951187134,200765600
1016064000.0,0.3679975569248199,217296800
1016150400.0,0.375830590724945,240900800
1016409600.0,0.3726674020290375,304556000
1016496000.0,0.374324083328247,242345600
1016582400.0,0.3753786087036133,294319200
1016668800.0,0.3655875325202942,616352800
1016755200.0,0.3628763258457184,202193600
1017014400.0,0.3517287075519562,262830400
1017100800.0,0.3533864021301269,257840800
1017187200.0,0.3535365462303161,127702400
1017273600.0,0.3565497100353241,108455200
1017619200.0,0.3684495389461517,199046400
1017705600.0,0.3625743687152862,203795200
1017792000.0,0.3577542603015899,214530400
1017878400.0,0.375077486038208,338497600
1017964800.0,0.3726674020290375,278348000
1018224000.0,0.3699552714824676,261514400
1018310400.0,0.36302649974823,191531200
1018396800.0,0.3714619278907776,224980000
1018483200.0,0.3744750022888183,407254400
1018569600.0,0.377487301826477,320241600
1018828800.0,0.3765839338302612,299370400
1018915200.0,0.3877305090427398,614577600
1019001600.0,0.3933039009571075,396250400
1019088000.0,0.382759541273117,401710400
1019174400.0,0.3762818872928619,375407200
1019433600.0,0.3695039451122284,269427200
1019520000.0,0.3652863204479217,233469600
1019606400.0,0.3580553829669952,140448000
1019692800.0,0.3633276224136352,194202400
1019779200.0,0.3466075956821441,304981600
1020038400.0,0.3609175980091095,272288800
1020124800.0,0.3655875325202942,280963200
1020211200.0,0.3612186312675476,214704000
1020297600.0,0.3568508327007293,239344000
1020384000.0,0.3541387915611267,230781600
1020643200.0,0.3411845266819,249664800
1020729600.0,0.3384733498096466,242748800
1020816000.0,0.3670940697193146,436682400
1020902400.0,0.3643821179866791,224616000
1020988800.0,0.3512775301933288,235396000
1021248000.0,0.360616534948349,265608000
1021334400.0,0.3857718408107757,526506400
1021420800.0,0.380801647901535,335826400
1021507200.0,0.3797472417354584,227052000
1021593600.0,0.3767341375350952,236493600
1021852800.0,0.3726674020290375,269914400
1021939200.0,0.3533864021301269,280991200
1022025600.0,0.3663409054279327,290875200
1022112000.0,0.3792950510978699,369398400
1022198400.0,0.3637795746326446,166174400
1022544000.0,0.3612186312675476,149716000
1022630400.0,0.3612186312675476,221793600
1022716800.0,0.3645330667495727,196375200
1022803200.0,0.3509756028652191,365495200
1023062400.0,0.345100998878479,235110400
1023148800.0,0.3431433141231537,347821600
1023235200.0,0.3422389030456543,277082400
1023321600.0,0.3338035643100738,259996800
1023408000.0,0.3223556578159332,612376800
1023667200.0,0.3235602676868438,277575200
1023753600.0,0.3081959187984466,349496000
1023840000.0,0.3026225864887237,528718400
1023926400.0,0.2943380177021026,352083200
1024012800.0,0.302773505449295,424900000
1024272000.0,0.3094011545181274,324609600
1024358400.0,0.3035259842872619,353360000
1024444800.0,0.25788414478302,1709467200
1024531200.0,0.2577339708805084,396636800
1024617600.0,0.2538174986839294,445177600
1024876800.0,0.2601440548896789,431933600
1024963200.0,0.25818532705307,301201600
1025049600.0,0.2492984980344772,558952800
1025136000.0,0.2569807767868042,251658400
1025222400.0,0.2669227421283722,269858400
1025481600.0,0.2569807767868042,222689600
1025568000.0,0.2551730573177337,305188800
1025654400.0,0.2643616795539856,199029600
1025827200.0,0.2822871506214142,161649600
1026086400.0,0.2712907493114471,211204000
1026172800.0,0.2640605866909027,226749600
1026259200.0,0.2608972787857055,206880800
1026345600.0,0.275659441947937,373676800
1026432000.0,0.2637595534324646,443492000
1026691200.0,0.2746049761772156,295993600
1026777600.0,0.2690316438674927,446768000
1026864000.0,0.2354399561882019,1215485600
1026950400.0,0.2257999330759048,559462400
1027036800.0,0.2253477722406387,385207200
1027296000.0,0.2247453927993774,430897600
1027382400.0,0.2179667055606842,399890400
1027468800.0,0.228963240981102,406593600
1027555200.0,0.2163099646568298,479354400
1027641600.0,0.2160079330205917,207704000
1027900800.0,0.2262511998414993,274960000
1027987200.0,0.2324276566505432,354838400
1028073600.0,0.2298666387796402,310699200
1028160000.0,0.2229377031326294,228956000
1028246400.0,0.2176654934883117,179060000
1028505600.0,0.2107358276844024,204024800
1028592000.0,0.2220334112644195,272053600
1028678400.0,0.2264021784067154,333474400
1028764800.0,0.2304688692092895,227348800
1028851200.0,0.2259500175714492,205716000
1029110400.0,0.2257999330759048,179765600
1029196800.0,0.219774380326271,269869600
1029283200.0,0.2285110652446746,399084000
1029369600.0,0.235138788819313,322078400
1029456000.0,0.2381510585546493,245224000
1029715200.0,0.2407121062278747,216557600
1029801600.0,0.2396577000617981,186625600
1029888000.0,0.2428209781646728,202428800
1029974400.0,0.2405619770288467,258311200
1030060800.0,0.2369465380907058,163245600
1030320000.0,0.2339334189891815,189968800
1030406400.0,0.2236910164356231,262231200
1030492800.0,0.2214311063289642,247973600
1030579200.0,0.2214311063289642,164169600
1030665600.0,0.2221844643354416,193519200
1031011200.0,0.2116400748491287,276936800
1031097600.0,0.2181168347597122,420660800
1031184000.0,0.2135979235172271,226178400
1031270400.0,0.2166111320257187,181591200
1031529600.0,0.216460183262825,158244800
1031616000.0,0.2158577889204025,249468800
1031702400.0,0.2152555733919143,202412000
1031788800.0,0.2129956781864166,269830400
1031875200.0,0.2134477794170379,282951200
1032134400.0,0.2184188216924667,286641600
1032220800.0,0.2229377031326294,427996800
1032307200.0,0.2262511998414993,328641600
1032393600.0,0.2196234464645385,205945600
1032480000.0,0.223992183804512,352788800
1032739200.0,0.2236910164356231,263709600
1032825600.0,0.2205276638269424,250661600
1032912000.0,0.2248955965042114,254682400
1032998400.0,0.2214311063289642,208644800
1033084800.0,0.2217322289943695,206152800
1033344000.0,0.2184188216924667,237697600
1033430400.0,0.2185689657926559,342423200
1033516800.0,0.2134477794170379,229348000
1033603200.0,0.2154056280851364,217896000
1033689600.0,0.211338922381401,190825600
1033948800.0,0.2074223309755325,244697600
1034035200.0,0.2060667872428894,453644800
1034121600.0,0.2047111839056015,356686400
1034208000.0,0.2125435322523117,321574400
1034294400.0,0.2185689657926559,294677600
1034553600.0,0.2224855571985244,194404000
1034640000.0,0.2283600121736526,405518400
1034726400.0,0.2193222790956497,307624800
1034812800.0,0.2125435322523117,469296800
1034899200.0,0.2160079330205917,288299200
1035158400.0,0.2193222790956497,238520800
1035244800.0,0.2214311063289642,218148000
1035331200.0,0.2241423428058624,209036800
1035417600.0,0.2212801128625869,174748000
1035504000.0,0.2322766333818435,279070400
1035763200.0,0.235138788819313,349300000
1035849600.0,0.2325778007507324,259179200
1035936000.0,0.2407121062278747,270676000
1036022400.0,0.2420676499605178,295836800
1036108800.0,0.2464364022016525,189828800
1036368000.0,0.2544197738170624,376818400
1036454400.0,0.2545706927776336,210694400
1036540800.0,0.2593906819820404,216389600
1036627200.0,0.2410132139921188,336179200
1036713600.0,0.238603264093399,190064000
1036972800.0,0.2283600121736526,152975200
1037059200.0,0.2355908751487732,223792800
1037145600.0,0.2348376661539077,231739200
1037232000.0,0.2455321550369262,141713600
1037318400.0,0.2402599453926086,160994400
1037577600.0,0.2357411086559295,164578400
1037664000.0,0.2300176173448562,210952000
1037750400.0,0.2339334189891815,208740000
1037836800.0,0.2462853640317917,418482400
1037923200.0,0.2411641776561737,227858400
1038182400.0,0.2405619770288467,199427200
1038268800.0,0.2321263998746872,240262400
1038355200.0,0.2367955148220062,286798400
1038528000.0,0.2334820479154586,143432800
1038787200.0,0.2286612093448639,398742400
1038873600.0,0.2283600121736526,227869600
1038960000.0,0.2254978567361831,325757600
1039046400.0,0.2203766703605651,243398400
1039132800.0,0.2251967191696167,245358400
1039392000.0,0.2221844643354416,236084800
1039478400.0,0.2301676869392395,308610400
1039564800.0,0.2333310395479202,253500800
1039651200.0,0.2288121730089187,149340800
1039737600.0,0.2227866202592849,164780000
1039996800.0,0.2236910164356231,251624800
1040083200.0,0.2271554917097091,222661600
1040169600.0,0.2194732874631881,150701600
1040256000.0,0.2138991504907608,347519200
1040342400.0,0.2129956781864166,318096800
1040601600.0,0.2182678580284118,125826400
1040688000.0,0.2163099646568298,39340000
1040860800.0,0.2169122099876403,85422400
1040947200.0,0.2117902934551239,80035200
1041206400.0,0.211941197514534,155041600
1041292800.0,0.2158577889204025,200726400
1041465600.0,0.2229377031326294,181428800
1041552000.0,0.2244434952735901,147453600
1041811200.0,0.2244434952735901,390532800
1041897600.0,0.2236910164356231,342344800
1041984000.0,0.2191713005304336,229644800
1042070400.0,0.2211300134658813,215252800
1042156800.0,0.2217322289943695,175100800
1042416000.0,0.2203766703605651,178942400
1042502400.0,0.2200755774974823,186860800
1042588800.0,0.2173644453287124,371128800
1042675200.0,0.2202256470918655,559070400
1042761600.0,0.2123933434486389,266761600
1043107200.0,0.2111879289150238,253456000
1043193600.0,0.2090791165828704,215140800
1043280000.0,0.2134477794170379,228256000
1043366400.0,0.2078744769096374,305468800
1043625600.0,0.2128446549177169,391406400
1043712000.0,0.2196234464645385,286255200
1043798400.0,0.2248955965042114,373044000
1043884800.0,0.2157068401575088,407058400
1043971200.0,0.2163099646568298,341224800
1044230400.0,0.2208289057016372,264784800
1044316800.0,0.2199245691299438,317413600
1044403200.0,0.2176654934883117,221614400
1044489600.0,0.2173644453287124,179149600
1044576000.0,0.2131466418504715,269701600
1044835200.0,0.2161589115858078,167888000
1044921600.0,0.2161589115858078,164780000
1045008000.0,0.2167612761259079,228687200
1045094400.0,0.2190210819244384,208493600
1045180800.0,0.2209789752960205,243297600
1045526400.0,0.2300176173448562,290897600
1045612800.0,0.2236910164356231,240368800
1045699200.0,0.2224855571985244,224352800
1045785600.0,0.2259500175714492,157444000
1046044800.0,0.2220334112644195,180252800
1046131200.0,0.2262511998414993,188641600
1046217600.0,0.2184188216924667,217095200
1046304000.0,0.22384113073349,154341600
1046390400.0,0.2261009961366653,195098400
1046649600.0,0.220677837729454,203761600
1046736000.0,0.2193222790956497,126414400
1046822400.0,0.2202256470918655,126683200
1046908800.0,0.2193222790956497,99859200
1046995200.0,0.2188701927661895,200984000
1047254400.0,0.216460183262825,134573600
1047340800.0,0.2143512815237045,161190400
1047427200.0,0.2142010629177093,222560800
1047513600.0,0.2217322289943695,335445600
1047600000.0,0.2226365506649017,153098400
1047859200.0,0.2261009961366653,399912800
1047945600.0,0.2259500175714492,229980800
1048032000.0,0.2251967191696167,141316000
1048118400.0,0.2245944291353225,163178400
1048204800.0,0.2259500175714492,297948000
1048464000.0,0.216460183262825,161100800
1048550400.0,0.2191713005304336,167697600
1048636800.0,0.2170624136924743,178343200
1048723200.0,0.2182678580284118,122393600
1048809600.0,0.2194732874631881,145303200
1049068800.0,0.2129956781864166,256659200
1049155200.0,0.2132967859506607,154341600
1049241600.0,0.2199245691299438,171371200
1049328000.0,0.2178156971931457,145712000
1049414400.0,0.2170624136924743,146020000
1049673600.0,0.2182678580284118,196862400
1049760000.0,0.2176654934883117,128934400
1049846400.0,0.2137490361928939,146725600
1049932800.0,0.216460183262825,107100000
1050019200.0,0.198835864663124,1392708800
1050278400.0,0.2045601904392242,502958400
1050364800.0,0.2016980201005935,303968000
1050451200.0,0.1994390189647674,1016176000
1050537600.0,0.1976313143968582,616257600
1050883200.0,0.1979324668645858,152320000
1050969600.0,0.2035057693719864,300568800
1051056000.0,0.2045601904392242,209680800
1051142400.0,0.2024513334035873,325108000
1051228800.0,0.2010958045721054,205318400
1051488000.0,0.2087779343128204,636798400
1051574400.0,0.2117902934551239,458236800
1051660800.0,0.2142010629177093,458175200
1051747200.0,0.2163099646568298,342759200
1051833600.0,0.2176654934883117,321182400
1052092800.0,0.2423688322305679,1555708000
1052179200.0,0.2636084854602813,1514492000
1052265600.0,0.2658684551715851,1054379200
1052352000.0,0.2711404860019684,687736000
1052438400.0,0.275659441947937,588386400
1052697600.0,0.2795758843421936,419372800
1052784000.0,0.2812326550483703,446796000
1052870400.0,0.2794249355792999,355488000
1052956800.0,0.2821362316608429,284995200
1053043200.0,0.2831906974315643,341628000
1053302400.0,0.2726461887359619,445888800
1053388800.0,0.267977237701416,416220000
1053475200.0,0.2688807845115661,305009600
1053561600.0,0.2747551500797272,178460800
1053648000.0,0.2759605944156647,206718400
1053993600.0,0.284396082162857,290130400
1054080000.0,0.2753582000732422,339679200
1054166400.0,0.2726461887359619,333765600
1054252800.0,0.2703871130943298,382748800
1054512000.0,0.2628551423549652,418588800
1054598400.0,0.2607463002204895,360858400
1054684800.0,0.2651151418685913,271202400
1054771200.0,0.2657173871994018,205497600
1054857600.0,0.2583363056182861,241388000
1055116800.0,0.2529131770133972,259952000
1055203200.0,0.2587885856628418,176646400
1055289600.0,0.2628551423549652,225114400
1055376000.0,0.2676751911640167,252588000
1055462400.0,0.2624030411243438,191245600
1055721600.0,0.2752071917057037,238526400
1055808000.0,0.274001806974411,177464000
1055894400.0,0.2880114018917084,454983200
1055980800.0,0.2883125841617584,381528000
1056067200.0,0.2892161011695862,356546400
1056326400.0,0.2871073484420776,307361600
1056412800.0,0.2828895449638366,514382400
1056499200.0,0.2875592708587646,329812000
1056585600.0,0.2905716001987457,161705600
1056672000.0,0.2821362316608429,365792000
1056931200.0,0.2871073484420776,222152000
1057017600.0,0.2875592708587646,180992000
1057104000.0,0.290270447731018,325298400
1057190400.0,0.2881616652011871,137771200
1057536000.0,0.2993082106113434,286272000
1057622400.0,0.3072925508022308,256737600
1057708800.0,0.299610286951065,213645600
1057795200.0,0.2949404418468475,170934400
1057881600.0,0.2990071475505829,136858400
1058140800.0,0.2997604310512543,188406400
1058227200.0,0.2953925132751465,206645600
1058313600.0,0.2993082106113434,250930400
1058400000.0,0.3148237466812134,751212000
1058486400.0,0.3142213225364685,298838400
1058745600.0,0.3104557991027832,183808800
1058832000.0,0.3133178651332855,198424800
1058918400.0,0.3131669759750366,143035200
1059004800.0,0.3089491724967956,229236000
1059091200.0,0.3244646191596985,216686400
1059350400.0,0.3161791265010834,170357600
1059436800.0,0.3121123909950256,197120000
1059523200.0,0.3054847419261932,173594400
1059609600.0,0.3175356090068817,301464800
1059696000.0,0.3122634589672088,149604000
1059955200.0,0.3194936513900757,230115200
1060041600.0,0.3069913387298584,249440800
1060128000.0,0.2956936657428741,245464800
1060214400.0,0.3002124726772308,174378400
1060300800.0,0.2958437800407409,137659200
1060560000.0,0.2961449921131134,137228000
1060646400.0,0.2967480421066284,164438400
1060732800.0,0.3039780855178833,284099200
1060819200.0,0.3008147180080414,192780000
1060905600.0,0.2968981862068176,125865600
1061164800.0,0.3063882291316986,192774400
1061251200.0,0.3060869872570038,133688800
1061337600.0,0.3164810538291931,273212800
1061424000.0,0.3265733122825622,255326400
1061510400.0,0.3145224750041961,250264000
1061769600.0,0.3142213225364685,137782400
1061856000.0,0.3170834481716156,164959200
1061942400.0,0.3235602676868438,225702400
1062028800.0,0.3342555463314056,319625600
1062115200.0,0.3405822217464447,263155200
1062460800.0,0.3441975116729736,242132800
1062547200.0,0.345703512430191,268828000
1062633600.0,0.3438964188098907,199780000
1062720000.0,0.3389254212379455,240133600
1062979200.0,0.3425400853157043,167244000
1063065600.0,0.3369666635990143,180370400
1063152000.0,0.3341044783592224,224890400
1063238400.0,0.3398289382457733,213684800
1063324800.0,0.3479632139205932,179989600
1063584000.0,0.3345567286014557,226844800
1063670400.0,0.3368165194988251,269007200
1063756800.0,0.3332011103630066,289396800
1063843200.0,0.3446489572525024,252907200
1063929600.0,0.3401299715042114,205956800
1064188800.0,0.332598865032196,179821600
1064275200.0,0.3378710448741913,132451200
1064361600.0,0.3211502134799957,301285600
1064448000.0,0.3077437281608581,574380800
1064534400.0,0.3116603791713714,347250400
1064793600.0,0.3208489716053009,365702400
1064880000.0,0.3121123909950256,285426400
1064966400.0,0.3131669759750366,236112800
1065052800.0,0.3098526298999786,204058400
1065139200.0,0.3267235457897186,299600000
1065398400.0,0.3357621729373932,268329600
1065484800.0,0.3497709631919861,418174400
1065571200.0,0.3473609387874603,428668800
1065657600.0,0.3532354235649109,347748800
1065744000.0,0.3566997945308685,174837600
1066003200.0,0.3667919933795929,279865600
1066089600.0,0.3698051571846008,275419200
1066176000.0,0.3738718628883362,610103200
1066262400.0,0.3502231240272522,975682400
1066348800.0,0.3426910936832428,359811200
1066608000.0,0.3497709631919861,279132000
1066694400.0,0.349168598651886,176461600
1066780800.0,0.3428421318531036,161599200
1066867200.0,0.3463065028190613,165211200
1066953600.0,0.3404311537742615,219856000
1067212800.0,0.3404311537742615,162013600
1067299200.0,0.3573020696640014,251714400
1067385600.0,0.3568508327007293,267080800
1067472000.0,0.34781214594841,260556800
1067558400.0,0.3447999060153961,218153600
1067817600.0,0.3487164676189422,302842400
1067904000.0,0.345100998878479,249233600
1067990400.0,0.3469087481498718,322470400
1068076800.0,0.3482643663883209,397073600
1068163200.0,0.3389254212379455,210145600
1068422400.0,0.3298869132995605,234276000
1068508800.0,0.3244646191596985,215073600
1068595200.0,0.3363644182682037,300003200
1068681600.0,0.3377200365066528,212772000
1068768000.0,0.3232590556144714,237048000
1069027200.0,0.3182880878448486,228256000
1069113600.0,0.3074425458908081,267192800
1069200000.0,0.3075935244560241,344584800
1069286400.0,0.3069913387298584,239590400
1069372800.0,0.3054847419261932,241836000
1069632000.0,0.3185901343822479,381824800
1069718400.0,0.3115101158618927,268654400
1069804800.0,0.3121123909950256,245128800
1069977600.0,0.3149746656417846,76098400
1070236800.0,0.3270255625247955,361536000
1070323200.0,0.3244646191596985,205296000
1070409600.0,0.3167822957038879,191296000
1070496000.0,0.3185901343822479,177940000
1070582400.0,0.31407031416893,186177600
1070841600.0,0.3170834481716156,148237600
1070928000.0,0.3080457150936126,135144800
1071014400.0,0.3069913387298584,271336800
1071100800.0,0.3194936513900757,183136800
1071187200.0,0.3146734535694122,192673600
1071446400.0,0.3038280308246612,388908800
1071532800.0,0.3030746877193451,373956800
1071619200.0,0.2994592785835266,274260000
1071705600.0,0.30186927318573,330915200
1071792000.0,0.2967480421066284,453560800
1072051200.0,0.2990071475505829,377064800
1072137600.0,0.2984046638011932,308498400
1072224000.0,0.3074425458908081,177475200
1072396800.0,0.3130159080028534,103695200
1072656000.0,0.3185901343822479,233458400
1072742400.0,0.3205479383468628,204853600
1072828800.0,0.3219035267829895,174451200
1073001600.0,0.3205479383468628,144642400
1073260800.0,0.3339544236660003,395018400
1073347200.0,0.3327488899230957,509348000
1073433600.0,0.3402811288833618,586874400
1073520000.0,0.3518798351287842,460303200
1073606400.0,0.3464565873146057,427459200
1073865600.0,0.3574530780315399,487547200
1073952000.0,0.3633276224136352,679016800
1074038400.0,0.3645330667495727,620043200
1074124800.0,0.3441975116729736,1018208800
1074211200.0,0.3422389030456543,372820000
1074556800.0,0.3423898816108703,315946400
1074643200.0,0.3405822217464447,226660000
1074729600.0,0.3341044783592224,205004800
1074816000.0,0.3398289382457733,227169600
1075075200.0,0.3466075956821441,271269600
1075161600.0,0.3475110828876495,307070400
1075248000.0,0.3392266631126404,275402400
1075334400.0,0.341636598110199,212699200
1075420800.0,0.3398289382457733,185298400
1075680000.0,0.3362133800983429,287431200
1075766400.0,0.3353101015090942,180812800
1075852800.0,0.328230082988739,305552800
1075939200.0,0.3377200365066528,352844800
1076025600.0,0.3420887589454651,193340000
1076284800.0,0.3414856493473053,188260800
1076371200.0,0.3461555540561676,255343200
1076457600.0,0.3585076630115509,348544000
1076544000.0,0.3574530780315399,183988000
1076630400.0,0.3464565873146057,315980000
1076976000.0,0.3488667011260986,170956800
1077062400.0,0.3503733277320862,141635200
1077148800.0,0.3384733498096466,323080800
1077235200.0,0.337418794631958,277603200
1077494400.0,0.3342555463314056,194079200
1077580800.0,0.3368165194988251,259056000
1077667200.0,0.343594342470169,276276000
1077753600.0,0.347059816122055,198408000
1077840000.0,0.3603153228759765,468837600
1078099200.0,0.3618218600749969,321680800
1078185600.0,0.3586585819721222,256687200
1078272000.0,0.3603153228759765,225131200
1078358400.0,0.3789939880371094,660223200
1078444800.0,0.4027937352657318,1540599200
1078704000.0,0.3916471600532532,522872000
1078790400.0,0.4082168936729431,618363200
1078876800.0,0.4169536232948303,1006964000
1078963200.0,0.40896937251091,595851200
1079049600.0,0.4151458442211151,329224000
1079308800.0,0.3984250128269195,481717600
1079395200.0,0.3889351785182953,605432800
1079481600.0,0.3945092558860779,411432000
1079568000.0,0.3866760432720184,321081600
1079654400.0,0.3895383477210998,408576000
1079913600.0,0.3895383477210998,419031200
1080000000.0,0.3809517621994018,385515200
1080086400.0,0.3841149806976318,428215200
1080172800.0,0.4047516286373138,566445600
1080259200.0,0.4073126316070556,419893600
1080518400.0,0.4204180538654327,350728000
1080604800.0,0.4205681681632995,359676800
1080691200.0,0.4073126316070556,390773600
1080777600.0,0.4083670377731323,318332000
1080864000.0,0.4142415225505829,274478400
1081123200.0,0.4265935719013214,385672000
1081209600.0,0.4192125797271728,257992000
1081296000.0,0.4113802909851074,255119200
1081382400.0,0.4146937429904938,240917600
1081728000.0,0.4223758578300476,230540800
1081814400.0,0.4056558907032013,436396800
1081900800.0,0.4012871384620666,639732800
1081987200.0,0.4413556754589081,1761446400
1082073600.0,0.4395479261875152,402931200
1082332800.0,0.4270457625389099,712353600
1082419200.0,0.4177068769931793,354519200
1082505600.0,0.4177068769931793,325875200
1082592000.0,0.4184592962265014,344584800
1082678400.0,0.4172546863555908,315828800
1082937600.0,0.4086682796478271,231128800
1083024000.0,0.40580615401268,283864000
1083110400.0,0.3984250128269195,231168000
1083196800.0,0.4032458961009979,460790400
1083283200.0,0.3883329033851623,466502400
1083542400.0,0.3927016258239746,297634400
1083628800.0,0.3937559425830841,279983200
1083715200.0,0.4014381468296051,238106400
1083801600.0,0.4003838002681732,263558400
1083888000.0,0.4017394185066223,419036800
1084147200.0,0.3958649337291717,249978400
1084233600.0,0.4088192582130432,305172000
1084320000.0,0.4112293124198913,245420000
1084406400.0,0.4095726311206817,229852000
1084492800.0,0.4076138436794281,257801600
1084752000.0,0.4012871384620666,300445600
1084838400.0,0.4076138436794281,206063200
1084924800.0,0.3987270295619964,375592000
1085011200.0,0.4023416638374328,196296800
1085097600.0,0.4083670377731323,179894400
1085356800.0,0.4118315577507019,235603200
1085443200.0,0.4279491901397705,319978400
1085529600.0,0.4294557571411133,322168000
1085616000.0,0.4243345856666565,235972800
1085702400.0,0.4226770401000976,145717600
1086048000.0,0.4226770401000976,182134400
1086134400.0,0.4356323182582855,318712800
1086220800.0,0.4277991056442261,250930400
1086307200.0,0.4335231781005859,399112000
1086566400.0,0.4490377902984619,295876000
1086652800.0,0.4571720659732818,415620800
1086739200.0,0.4549131393432617,349204800
1086825600.0,0.463047444820404,257577600
1087171200.0,0.4537078142166137,243986400
1087257600.0,0.4622942507266998,444634400
1087344000.0,0.4931741058826446,909641600
1087430400.0,0.4942281544208526,551320000
1087516800.0,0.4957349002361297,406252000
1087776000.0,0.4869976639747619,390213600
1087862400.0,0.4970904886722564,360511200
1087948800.0,0.5076349973678589,390868800
1088035200.0,0.4998016655445099,252515200
1088121600.0,0.5076349973678589,323428000
1088380800.0,0.4894083142280578,521096800
1088467200.0,0.4895584881305694,590553600
1088553600.0,0.4901606142520904,373044000
1088640000.0,0.4865463674068451,341941600
1088726400.0,0.4681686758995056,910683200
1089072000.0,0.4662107229232788,348980800
1089158400.0,0.4577752649784088,397992000
1089244800.0,0.4540089666843414,233380000
1089331200.0,0.452352225780487,208863200
1089590400.0,0.4389457702636719,511621600
1089676800.0,0.4401511549949646,316176000
1089763200.0,0.4455732405185699,835800000
1089849600.0,0.4960359930992126,1767724000
1089936000.0,0.4850396513938904,488381600
1090195200.0,0.4815751612186432,533170400
1090281600.0,0.4850396513938904,323747200
1090368000.0,0.4763029217720032,301257600
1090454400.0,0.4772065281867981,334118400
1090540800.0,0.4624445140361786,273571200
1090800000.0,0.4708799123764038,393932000
1090886400.0,0.4885042607784271,425006400
1090972800.0,0.486094057559967,285051200
1091059200.0,0.4916673898696899,222157600
1091145600.0,0.4871484339237213,243023200
1091404800.0,0.4757007956504822,365092000
1091491200.0,0.471331924200058,211629600
1091577600.0,0.4788641035556793,276488800
1091664000.0,0.4728386104106903,244501600
1091750400.0,0.4485867917537689,492290400
1092009600.0,0.4564189910888672,290847200
1092096000.0,0.4747962951660156,351036000
1092182400.0,0.4671142399311065,322392000
1092268800.0,0.4574734568595886,226200800
1092355200.0,0.4645532667636871,328048000
1092614400.0,0.4636497497558594,435674400
1092700800.0,0.4650053977966308,323019200
1092787200.0,0.4781107604503631,364655200
1092873600.0,0.4625954329967499,388920000
1092960000.0,0.4639509916305542,316780800
1093219200.0,0.4681686758995056,254660000
1093305600.0,0.4812740385532379,374136000
1093392000.0,0.4978439509868622,505618400
1093478400.0,0.5220960974693298,955858400
1093564800.0,0.5174260139465332,388813600
1093824000.0,0.5139615535736084,218142400
1093910400.0,0.519534707069397,376560800
1093996800.0,0.5401712656021118,515726400
1094083200.0,0.5371590852737427,406324800
1094169600.0,0.5306811332702637,293468000
1094515200.0,0.5386648178100586,301957600
1094601600.0,0.5475524067878723,343526400
1094688000.0,0.5377615690231323,461339200
1094774400.0,0.540322482585907,328014400
1095033600.0,0.536104679107666,281976800
1095120000.0,0.5345979928970337,254822400
1095206400.0,0.530229389667511,232668800
1095292800.0,0.5475524067878723,501916800
1095379200.0,0.5594521760940552,502308800
1095638400.0,0.568038821220398,245000000
1095724800.0,0.5725575685501099,386652000
1095811200.0,0.5561388731002808,401688000
1095897600.0,0.5614109635353088,397404000
1095984000.0,0.5617122054100037,369488000
1096243200.0,0.5653276443481445,397516000
1096329600.0,0.5730096697807312,353186400
1096416000.0,0.5826497673988342,273509600
1096502400.0,0.58370441198349,425012000
1096588800.0,0.582499623298645,465404800
1096848000.0,0.5843073129653931,574084000
1096934400.0,0.5930442214012146,406162400
1097020800.0,0.6121739745140076,446303200
1097107200.0,0.5968093276023865,426148800
1097193600.0,0.588374137878418,359228800
1097452800.0,0.5812939405441284,323870400
1097539200.0,0.5767754912376404,460191200
1097625600.0,0.5987674593925476,1163008000
1097712000.0,0.6775489449501038,2768427200
1097798400.0,0.6853821873664856,1031128000
1098057600.0,0.7192748188972473,1200752000
1098144000.0,0.7143040299415588,801992800
1098230400.0,0.7150575518608093,605108000
1098316800.0,0.722136378288269,724505600
1098403200.0,0.7141528725624084,483067200
1098662400.0,0.7162619233131409,392644000
1098748800.0,0.722588300704956,594361600
1098835200.0,0.7576858997344971,1193494400
1098921600.0,0.786155641078949,864264800
1099008000.0,0.7893187999725342,810219200
1099267200.0,0.7900721430778503,602050400
1099353600.0,0.8058885931968689,729988000
1099440000.0,0.8331539034843445,1204173600
1099526400.0,0.8201988339424133,928625600
1099612800.0,0.8242663145065308,1205047200
1099872000.0,0.8191442489624023,526920800
1099958400.0,0.8141738176345825,475764800
1100044800.0,0.8247184753417969,508676000
1100131200.0,0.8330031037330627,407299200
1100217600.0,0.8360150456428528,395701600
1100476800.0,0.832099437713623,376045600
1100563200.0,0.8275797367095947,295103200
1100649600.0,0.8269771337509155,397751200
1100736000.0,0.834358274936676,459149600
1100822400.0,0.8310449123382568,765279200
1101081600.0,0.9241364002227784,2568210400
1101168000.0,0.9229305982589722,911450400
1101254400.0,0.964807152748108,1390788000
1101427200.0,0.97233909368515,550144000
1101686400.0,1.0309351682662964,1712916800
1101772800.0,1.0099968910217283,1028518400
1101859200.0,1.021144151687622,800553600
1101945600.0,0.982280135154724,987442400
1102032000.0,0.94417005777359,1238848800
1102291200.0,0.9908667802810668,1247920800
1102377600.0,0.9473341107368468,1056899200
1102464000.0,0.9532081484794616,691902400
1102550400.0,0.9639037251472472,741501600
1102636800.0,0.9813767075538636,775773600
1102896000.0,0.977761447429657,395040800
1102982400.0,0.9834856986999512,415721600
1103068800.0,0.9830334782600404,398361600
1103155200.0,1.0032187700271606,1126115200
1103241600.0,0.9789667725563048,783496000
1103500800.0,0.9447728991508484,1168126400
1103587200.0,0.959384024143219,1064414400
1103673600.0,0.960288107395172,565829600
1103760000.0,0.964204728603363,245929600
1104105600.0,0.9514007568359376,559490400
1104192000.0,0.9667648077011108,611755200
1104278400.0,0.9706818461418152,449562400
1104364800.0,0.9761050343513488,345340800
1104451200.0,0.9700793027877808,278588800
1104710400.0,0.9533591270446776,691992000
1104796800.0,0.9631503224372864,1096810400
1104883200.0,0.9715859889984132,680433600
1104969600.0,0.97233909368515,705555200
1105056000.0,1.0431365966796875,2227450400
1105315200.0,1.038768291473389,1725309600
1105401600.0,0.9724896550178528,2611627200
1105488000.0,0.986046552658081,1919702400
1105574400.0,1.0514215230941772,3164716800
1105660800.0,1.057446002960205,1770742400
1106006400.0,1.0642249584197998,1006460000
1106092800.0,1.052626132965088,751895200
1106179200.0,1.0613622665405271,914922400
1106265600.0,1.0618150234222412,911332800
1106524800.0,1.0658822059631348,841629600
1106611200.0,1.08531391620636,969231200
1106697600.0,1.0883268117904663,739496800
1106784000.0,1.0942013263702393,496227200
1106870400.0,1.1143858432769775,801612000
1107129600.0,1.158371090888977,1681097600
1107216000.0,1.1678603887557983,678395200
1107302400.0,1.1994938850402832,1020062400
1107388800.0,1.1720783710479736,731651200
1107475200.0,1.187593698501587,563556000
1107734400.0,1.1891002655029297,524456800
1107820800.0,1.218624472618103,890019200
1107907200.0,1.1860874891281128,1191456000
1107993600.0,1.1803638935089111,1093019200
1108080000.0,1.223294377326965,1201054400
1108339200.0,1.274810791015625,1271463200
1108425600.0,1.3317503929138184,2312217600
1108512000.0,1.3576589822769165,1639243200
1108598400.0,1.3227121829986572,1518473600
1108684800.0,1.3076492547988892,1163254400
1109030400.0,1.2847529649734497,1219293600
1109116800.0,1.3290389776229858,1345181600
1109203200.0,1.3395832777023315,1519028000
1109289600.0,1.340486764907837,915510400
1109548800.0,1.3514832258224487,651610400
1109635200.0,1.3406375646591189,468188000
1109721600.0,1.3291895389556885,458161200
1109808000.0,1.258994221687317,1411653600
1109894400.0,1.2897239923477173,756618800
1110153600.0,1.28791606426239,450632000
1110240000.0,1.2210350036621094,1021451200
1110326400.0,1.185484766960144,1322465200
1110412800.0,1.1999459266662598,777109200
1110499200.0,1.2132011651992798,632830800
1110758400.0,1.2147079706192017,605385200
1110844800.0,1.2339887619018557,508608800
1110931200.0,1.2406166791915894,697813200
1111017600.0,1.2728524208068848,801920000
1111104000.0,1.2942427396774292,940150400
1111363200.0,1.3165359497070312,541128000
1111449600.0,1.2903263568878174,551415200
1111536000.0,1.2818903923034668,609823200
1111622400.0,1.280383586883545,352704800
1111968000.0,1.2812882661819458,275410800
1112054400.0,1.257788896560669,461356000
1112140800.0,1.289421796798706,394959600
1112227200.0,1.2553789615631104,636134800
1112313600.0,1.2318801879882812,641284000
1112572800.0,1.2379052639007568,580014400
1112659200.0,1.262006163597107,556239600
1112745600.0,1.2752625942230225,414825600
1112832000.0,1.3123180866241455,506987600
1112918400.0,1.3177415132522583,649950000
1113177600.0,1.2629108428955078,821662800
1113264000.0,1.285204291343689,981061200
1113350400.0,1.2363988161087036,1371946800
1113436800.0,1.122519850730896,2753192400
1113523200.0,1.0649784803390503,1728087200
1113782400.0,1.0731126070022583,1327177600
1113868800.0,1.1173990964889526,1081642800
1113955200.0,1.0697985887527466,945131600
1114041600.0,1.120110034942627,759592400
1114128000.0,1.0694972276687622,839129200
1114387200.0,1.1140849590301514,746460400
1114473600.0,1.090284824371338,810507600
1114560000.0,1.083054780960083,613888800
1114646400.0,1.0707025527954102,575106000
1114732800.0,1.0863683223724363,671630400
1114992000.0,1.0975146293640137,465920000
1115078400.0,1.0908869504928589,496739600
1115164800.0,1.1192069053649902,448176400
1115251200.0,1.1050471067428589,387366000
1115337600.0,1.121917724609375,326247600
1115596800.0,1.1137837171554563,355695200
1115683200.0,1.0972135066986084,440263600
1115769600.0,1.0728113651275637,2041981200
1115856000.0,1.0282244682312012,970242000
1115942400.0,1.0475049018859863,702713200
1116201600.0,1.071003794670105,474294800
1116288000.0,1.065279245376587,588344400
1116374400.0,1.079740285873413,636722800
1116460800.0,1.131256341934204,793161600
1116547200.0,1.131256341934204,452650800
1116806400.0,1.1978371143341064,1042574400
1116892800.0,1.1960294246673584,593460000
1116979200.0,1.198439359664917,396006800
1117065600.0,1.2273609638214111,525520800
1117152000.0,1.2219382524490356,316008000
1117497600.0,1.1978371143341064,404205200
1117584000.0,1.2141056060791016,453812800
1117670400.0,1.2062726020812988,373973600
1117756800.0,1.1520438194274902,956869200
1118016000.0,1.1424041986465454,811966400
1118102400.0,1.100828766822815,745264800
1118188800.0,1.1122766733169556,404006400
1118275200.0,1.1342697143554688,390255600
1118361600.0,1.078837513923645,678932800
1118620800.0,1.081547737121582,435772400
1118707200.0,1.0845602750778198,347846800
1118793600.0,1.1186035871505735,563343200
1118880000.0,1.144211769104004,547674400
1118966400.0,1.1541529893875122,596125600
1119225600.0,1.1330641508102417,323716400
1119312000.0,1.140596628189087,370526800
1119398400.0,1.1613839864730835,424925200
1119484800.0,1.171627163887024,674254000
1119571200.0,1.137583613395691,410709600
1119830400.0,1.1176997423171997,600171600
1119916800.0,1.1240264177322388,350299600
1120003200.0,1.0957074165344238,448358400
1120089600.0,1.1089636087417605,418390000
1120176000.0,1.0996233224868774,250000800
1120521600.0,1.144211769104004,454269200
1120608000.0,1.126436471939087,394626400
1120694400.0,1.1336678266525269,383723200
1120780800.0,1.1523456573486328,290735200
1121040000.0,1.1478267908096311,388788400
1121126400.0,1.1520438194274902,387038400
1121212800.0,1.1553583145141602,684835200
1121299200.0,1.2276620864868164,2096060400
1121385600.0,1.251763939857483,687682800
1121644800.0,1.249956488609314,586297600
1121731200.0,1.3011713027954102,671062000
1121817600.0,1.314427375793457,453395600
1121904000.0,1.304183840751648,404264000
1121990400.0,1.32557475566864,301106400
1122249600.0,1.3198505640029907,294627200
1122336000.0,1.314427375793457,268592800
1122422400.0,1.325272798538208,283749200
1122508800.0,1.319549560546875,251311200
1122595200.0,1.284902811050415,562080400
1122854400.0,1.28791606426239,314249600
1122940800.0,1.3011713027954102,296875600
1123027200.0,1.302074670791626,258322400
1123113600.0,1.286710500717163,269304000
1123200000.0,1.295145869255066,241931200
1123459200.0,1.284902811050415,176383200
1123545600.0,1.3201510906219482,380839200
1123632000.0,1.306896090507507,360945200
1123718400.0,1.32557475566864,271983600
1123804800.0,1.3888405561447144,916036800
1124064000.0,1.4364405870437622,1086727600
1124150400.0,1.393359661102295,537622400
1124236800.0,1.420473575592041,499724400
1124323200.0,1.3948649168014526,442559600
1124409600.0,1.3807060718536377,376569200
1124668800.0,1.3819106817245483,387732800
1124755200.0,1.377994179725647,295604400
1124841600.0,1.3788986206054688,572070800
1124928000.0,1.3876349925994873,276253600
1125014400.0,1.377994179725647,261058000
1125273600.0,1.3810073137283323,256295200
1125360000.0,1.4029994010925293,518761600
1125446400.0,1.4126402139663696,402956400
1125532800.0,1.3936606645584106,356367200
1125619200.0,1.392454981803894,222378800
1125964800.0,1.4701822996139526,818619200
1126051200.0,1.466566801071167,963074000
1126137600.0,1.499706149101257,702640400
1126224000.0,1.545799970626831,615641600
1126483200.0,1.548511266708374,452796400
1126569600.0,1.5310381650924685,492884000
1126656000.0,1.494585037231445,474426400
1126742400.0,1.5024176836013794,415156000
1126828800.0,1.542788028717041,591004400
1127088000.0,1.5858683586120603,783731200
1127174400.0,1.6024385690689087,819828800
1127260800.0,1.569901466369629,434747600
1127347200.0,1.5635746717453003,463727600
1127433600.0,1.6027395725250244,558457200
1127692800.0,1.622020244598389,546562800
1127779200.0,1.6099696159362793,341703600
1127865600.0,1.5388715267181396,1125544000
1127952000.0,1.5768314599990845,636846000
1128038400.0,1.6150918006896973,531633200
1128297600.0,1.6400970220565796,507553200
1128384000.0,1.619309663772583,539459200
1128470400.0,1.590086579322815,610769600
1128556800.0,1.557550072669983,757537200
1128643200.0,1.5454990863800049,677882800
1128902400.0,1.517481565475464,507505600
1128988800.0,1.5542356967926023,1225884800
1129075200.0,1.483739733695984,2697486400
1129161600.0,1.6190083026885986,1865575600
1129248000.0,1.6268409490585327,1035552000
1129507200.0,1.6099696159362793,616834400
1129593600.0,1.572914719581604,609588000
1129680000.0,1.6551599502563477,1008683200
1129766400.0,1.6913121938705444,1357762000
1129852800.0,1.6768511533737185,796726000
1130112000.0,1.710894227027893,609753200
1130198400.0,1.6901065111160278,465127600
1130284800.0,1.7181254625320437,631593200
1130371200.0,1.6693196296691897,411541200
1130457600.0,1.6410003900527954,769787200
1130716800.0,1.7349960803985596,940844800
1130803200.0,1.7322839498519895,749686000
1130889600.0,1.8060946464538572,857060400
1130976000.0,1.8633370399475095,884382800
1131062400.0,1.842247486114502,878035200
1131321600.0,1.8145298957824707,638831200
1131408000.0,1.8045891523361208,473765600
1131494400.0,1.81091570854187,552930000
1131580800.0,1.8431495428085327,665344400
1131667200.0,1.853995442390442,425448800
1131926400.0,1.8512853384017944,369933200
1132012800.0,1.8762906789779663,536841200
1132099200.0,1.956727743148804,784515200
1132185600.0,1.943773627281189,676205600
1132272000.0,1.9449793100357056,524960800
1132531200.0,1.9570293426513672,511711200
1132617600.0,2.004027366638184,540282400
1132704000.0,2.021802425384521,485853200
1132876800.0,2.088984727859497,395012800
1133136000.0,2.0986249446868896,1018519600
1133222400.0,2.0516271591186523,891433200
1133308800.0,2.04319167137146,595674800
1133395200.0,2.157070636749268,812893200
1133481600.0,2.188101530075073,895762000
1133740800.0,2.163698673248291,583671200
1133827200.0,2.230881452560425,857029600
1133913600.0,2.22786808013916,679464800
1134000000.0,2.2317843437194824,790479200
1134086400.0,2.239316701889038,555402400
1134345600.0,2.256789445877075,524994400
1134432000.0,2.258898496627808,493816400
1134518400.0,2.1694228649139404,1450716400
1134604800.0,2.174544334411621,561162000
1134691200.0,2.142308235168457,671171200
1134950400.0,2.1504430770874023,529295200
1135036800.0,2.1724350452423096,479108000
1135123200.0,2.214311361312866,475736800
1135209600.0,2.229976892471313,370610800
1135296000.0,2.209792375564575,229857600
1135641600.0,2.2363035678863525,590590000
1135728000.0,2.216420412063598,398115200
1135814400.0,2.152551889419556,490025200
1135900800.0,2.1658074855804443,624262800
1136246400.0,2.2519702911376958,807234400
1136332800.0,2.2585983276367188,619603600
1136419200.0,2.24082350730896,449422400
1136505600.0,2.29866623878479,704457600
1136764800.0,2.291134119033813,675040800
1136851200.0,2.436044454574585,2279869200
1136937600.0,2.527629137039185,1493794400
1137024000.0,2.5393776893615723,1280809600
1137110400.0,2.578542709350586,776305600
1137456000.0,2.5520315170288086,835623600
1137542400.0,2.485148906707764,1200637200
1137628800.0,2.381213426589966,1695848000
1137715200.0,2.2923388481140137,1134758800
1137974400.0,2.3399407863616943,1059730000
1138060800.0,2.290832757949829,1142254400
1138147200.0,2.2353994846343994,1275786400
1138233600.0,2.179062604904175,1181387200
1138320000.0,2.170025110244751,953864800
1138579200.0,2.259500503540039,1398401200
1138665600.0,2.274866342544556,913542000
1138752000.0,2.2721545696258545,521186400
1138838400.0,2.172133684158325,707322000
1138924800.0,2.164601802825928,692123600
1139184000.0,2.0275254249572754,1651767600
1139270400.0,2.0365636348724365,1388830800
1139356800.0,2.073017120361328,953114400
1139443200.0,1.956727743148804,1149764000
1139529600.0,2.027827739715576,1760477600
1139788800.0,1.9494972229003904,883498000
1139875200.0,2.037768602371216,1160938800
1139961600.0,2.08536958694458,1159771200
1140048000.0,2.1260406970977783,948175200
1140134400.0,2.1176044940948486,575999200
1140480000.0,2.081151962280273,779606800
1140566400.0,2.1486353874206543,978238800
1140652800.0,2.161590099334717,856917600
1140739200.0,2.152852296829224,534744000
1140998400.0,2.138692855834961,791240800
1141084800.0,2.063375949859619,1266980400
1141171200.0,2.081753969192505,763817600
1141257600.0,2.097118616104126,625273600
1141344000.0,2.0401790142059326,737668400
1141603200.0,1.9726954698562624,912665600
1141689600.0,1.9977006912231443,872877600
1141776000.0,1.9781177043914795,653251200
1141862400.0,1.9259988069534304,799304800
1141948800.0,1.9037054777145384,1043142800
1142208000.0,1.9787206649780276,861187600
1142294400.0,2.0281283855438232,642020400
1142380800.0,1.9952901601791384,891996000
1142467200.0,1.9374473094940183,749638400
1142553600.0,1.9479920864105225,812042000
1142812800.0,1.9278068542480469,605441200
1142899200.0,1.8621302843093872,1345366400
1142985600.0,1.8579124212265012,1345895600
1143072000.0,1.81242036819458,1427826400
1143158400.0,1.8063968420028689,1071980000
1143417600.0,1.7928389310836792,1108072000
1143504000.0,1.76873779296875,1370322800
1143590400.0,1.877795934677124,2346834000
1143676800.0,1.890449047088623,1390650800
1143763200.0,1.8895457983016968,815357200
1144022400.0,1.8874361515045168,815791200
1144108800.0,1.8428492546081543,931924000
1144195200.0,2.0248143672943115,2233408800
1144281600.0,2.1462252140045166,2663768800
1144368000.0,2.102541923522949,1545238800
1144627200.0,2.068799495697021,903515200
1144713600.0,2.048312902450561,939316000
1144800000.0,2.0097506046295166,739894400
1144886400.0,2.002520799636841,734678000
1145232000.0,1.9525107145309448,721938000
1145318400.0,1.9949887990951536,794844400
1145404800.0,1.977817177772522,1086033200
1145491200.0,2.0374679565429688,1666982800
1145577600.0,2.019693613052368,788986800
1145836800.0,1.9808300733566284,707028000
1145923200.0,1.99348258972168,529062800
1146009600.0,2.053133964538574,710886400
1146096000.0,2.0895872116088867,845947200
1146182400.0,2.120617151260376,760037600
1146441600.0,2.0968172550201416,750380400
1146528000.0,2.1576743125915527,771663200
1146614400.0,2.14321231842041,686991200
1146700800.0,2.142911672592163,860420400
1146787200.0,2.1658074855804443,563911600
1147046400.0,2.1658074855804443,594851600
1147132800.0,2.139899253845215,531666800
1147219200.0,2.1269447803497314,459888800
1147305600.0,2.053133964538574,812688800
1147392000.0,2.039576292037964,641774000
1147651200.0,2.042287349700928,529177600
1147737600.0,1.9576318264007568,936740000
1147824000.0,1.9660669565200808,754194000
1147910400.0,1.903403759002685,658442400
1147996800.0,1.9434733390808103,985866000
1148256000.0,1.909429788589477,718975600
1148342400.0,1.90250027179718,694414000
1148428800.0,1.9082245826721191,916031200
1148515200.0,1.938049554824829,463372000
1148601600.0,1.9145511388778689,432950000
1148947200.0,1.8443562984466555,563402000
1149033600.0,1.8006722927093506,1280977600
1149120000.0,1.8729761838912964,942508000
1149206400.0,1.8576114177703855,685787200
1149465600.0,1.8076012134552,605785600
1149552000.0,1.7991658449172974,726037200
1149638400.0,1.764218807220459,750506400
1149724800.0,1.83049738407135,1397482800
1149811200.0,1.7847046852111816,775838000
1150070400.0,1.7172205448150637,717785600
1150156800.0,1.7572894096374512,1080643200
1150243200.0,1.73559832572937,878136000
1150329600.0,1.7889221906661987,1190383600
1150416000.0,1.7340915203094482,838101600
1150675200.0,1.7232458591461182,704575200
1150761600.0,1.7313809394836426,672974400
1150848000.0,1.7431305646896362,863296000
1150934400.0,1.7949484586715698,965633200
1151020800.0,1.7723525762557983,660203600
1151280000.0,1.7771732807159424,466536000
1151366400.0,1.7301751375198364,550611600
1151452800.0,1.6876970529556274,850704400
1151539200.0,1.7765703201293943,873398400
1151625600.0,1.7253551483154297,739695600
1151884800.0,1.7458420991897583,194770800
1152057600.0,1.7172205448150637,518240800
1152144000.0,1.6801657676696775,633208800
1152230400.0,1.6690179109573364,799360800
1152489600.0,1.6569677591323853,529345600
1152576000.0,1.6765499114990234,825022800
1152662400.0,1.5955097675323486,927329200
1152748800.0,1.5741190910339355,1249906000
1152835200.0,1.5265190601348877,993036800
1153094400.0,1.5777344703674316,1024542400
1153180800.0,1.593701958656311,1000448400
1153267200.0,1.6298538446426392,1390743200
1153353600.0,1.8226642608642576,1972146400
1153440000.0,1.8292922973632808,891892400
1153699200.0,1.850380778312683,722856400
1153785600.0,1.8657457828521729,589069600
1153872000.0,1.9241902828216555,898427600
1153958400.0,1.9100321531295776,735044800
1154044800.0,1.9760096073150637,691507600
1154304000.0,2.047410011291504,892841600
1154390400.0,2.023910522460937,711765600
1154476800.0,2.0534348487854004,550768400
1154563200.0,2.0965163707733154,841044400
1154649600.0,2.057652950286865,1852866400
1154908800.0,2.0248143672943115,1245512800
1154995200.0,1.9516059160232544,997864000
1155081600.0,1.9157558679580688,955838800
1155168000.0,1.9302170276641848,697760000
1155254400.0,1.917563796043396,777529200
1155513600.0,1.9262996912002563,717620400
1155600000.0,2.001918315887451,861352800
1155686400.0,2.048012971878052,781284000
1155772800.0,2.036262989044189,581148400
1155859200.0,2.04590392112732,536354000
1156118400.0,2.005232334136963,526226400
1156204800.0,2.0371665954589844,576968000
1156291200.0,2.027827739715576,536258800
1156377600.0,2.042891502380371,655191600
1156464000.0,2.0712099075317383,543958800
1156723200.0,2.017885684967041,738161200
1156809600.0,2.0028226375579834,947332400
1156896000.0,2.0172834396362305,680142400
1156982400.0,2.0440948009490967,574697200
1157068800.0,2.060063362121582,408494800
1157414400.0,2.153456211090088,1012457600
1157500800.0,2.109771490097046,974103200
1157587200.0,2.193222999572754,1267957600
1157673600.0,2.1847870349884038,895921600
1157932800.0,2.1841840744018555,949124400
1158019200.0,2.188101530075073,1684687200
1158105600.0,2.2353994846343994,1146138000
1158192000.0,2.2344963550567627,801729600
1158278400.0,2.232388734817505,981853600
1158537600.0,2.226061582565308,705278000
1158624000.0,2.2224457263946533,710049200
1158710400.0,2.2673346996307373,822791200
1158796800.0,2.2489571571350098,794124800
1158883200.0,2.199247360229492,665112000
1159142400.0,2.2820968627929688,858992400
1159228800.0,2.338131904602051,1102948000
1159315200.0,2.301980495452881,810373200
1159401600.0,2.320055723190308,723609600
1159488000.0,2.3191521167755127,405812400
1159747200.0,2.2552835941314697,712639200
1159833600.0,2.2317843437194824,790708800
1159920000.0,2.270949602127075,829082800
1160006400.0,2.254380226135254,683883200
1160092800.0,2.236002206802368,466958800
1160352000.0,2.248353958129883,438222400
1160438400.0,2.2236499786376958,531588400
1160524800.0,2.206176519393921,571855200
1160611200.0,2.2673346996307373,592855200
1160697600.0,2.260103702545166,684196800
1160956800.0,2.271552085876465,508692800
1161043200.0,2.2381112575531006,480925200
1161129600.0,2.2453413009643555,1133907600
1161216000.0,2.3797056674957275,1512977200
1161302400.0,2.408627510070801,639413600
1161561600.0,2.4541208744049072,832507200
1161648000.0,2.441767930984497,463212400
1161734400.0,2.460747718811035,485214800
1161820800.0,2.476111650466919,432756800
1161907200.0,2.4224863052368164,594966400
1162166400.0,2.422788381576538,499917600
1162252800.0,2.44267201423645,501474400
1162339200.0,2.384828805923462,611192400
1162425600.0,2.3794057369232178,465483200
1162512000.0,2.3586180210113525,431888800
1162771200.0,2.401397943496704,434576800
1162857600.0,2.425499200820923,525932400
1162944000.0,2.483945608139038,690916800
1163030400.0,2.510758638381958,923053600
1163116800.0,2.504129409790039,373864400
1163376000.0,2.5411860942840576,450674000
1163462400.0,2.56076717376709,588954800
1163548800.0,2.5321478843688965,655323200
1163635200.0,2.579145669937134,693940800
1163721600.0,2.586375951766968,466424000
1163980800.0,2.605054378509521,570794000
1164067200.0,2.669224739074707,622666800
1164153600.0,2.720741510391236,671941200
1164326400.0,2.7605085372924805,518677600
1164585600.0,2.697543144226074,1074836000
1164672000.0,2.765931844711304,1036173600
1164758400.0,2.76563024520874,1157083200
1164844800.0,2.761411190032959,870486400
1164931200.0,2.751168727874756,795079600
1165190400.0,2.7451446056365967,709536800
1165276800.0,2.749662399291992,662838400
1165363200.0,2.7062795162200928,638184400
1165449600.0,2.6222262382507324,1004827600
1165536000.0,2.6589813232421875,784277200
1165795200.0,2.67374324798584,499780400
1165881600.0,2.5951123237609863,1026620000
1165968000.0,2.682781219482422,857052000
1166054400.0,2.667717218399048,832330800
1166140800.0,2.6427130699157715,739939200
1166400000.0,2.574927806854248,721576800
1166486400.0,2.6002330780029297,911405600
1166572800.0,2.5535385608673096,567691600
1166659200.0,2.497502326965332,903599200
1166745600.0,2.4764137268066406,613303600
1167091200.0,2.4556260108947754,490688800
1167177600.0,2.455927848815918,1935754800
1167264000.0,2.436344861984253,1119876800
1167350400.0,2.555949211120605,1076429200
1167782400.0,2.5246148109436035,1238319600
1167868800.0,2.5806527137756348,847260400
1167955200.0,2.562274694442749,834741600
1168214400.0,2.574927806854248,797106800
1168300800.0,2.788827657699585,3349298400
1168387200.0,2.922288656234741,2952880000
1168473600.0,2.886137008666992,1440252800
1168560000.0,2.8505873680114746,1312690400
1168905600.0,2.9253008365631104,1244076400
1168992000.0,2.8605287075042725,1646260000
1169078400.0,2.683384418487549,2364605600
1169164800.0,2.6662113666534424,1364473600
1169424000.0,2.614695310592652,1454026000
1169510400.0,2.581858396530152,1207424400
1169596800.0,2.6119842529296875,927813600
1169683200.0,2.5984256267547607,905973600
1169769600.0,2.572217464447021,986874000
1170028800.0,2.589087009429932,901664400
1170115200.0,2.577338457107544,577970400
1170201600.0,2.58276104927063,856069200
1170288000.0,2.5529351234436035,664342000
1170374400.0,2.5532376766204834,621530000
1170633600.0,2.528834342956543,578852400
1170720000.0,2.535160541534424,864393600
1170806400.0,2.595414400100708,1066825200
1170892800.0,2.5963170528411865,679030800
1170979200.0,2.5086493492126465,860540800
1171238400.0,2.557154417037964,724071600
1171324800.0,2.551730155944824,580986000
1171411200.0,2.5698063373565674,507981600
1171497600.0,2.5670948028564453,363661200
1171584000.0,2.5556464195251465,399868000
1171929600.0,2.5878827571868896,617702400
1172016000.0,2.687299966812134,1155313600
1172102400.0,2.696640014648437,838224800
1172188800.0,2.683384418487549,517893600
1172448000.0,2.6665127277374268,615848800
1172534400.0,2.5285322666168213,1145813200
1172620800.0,2.5490193367004395,919475200
1172707200.0,2.6228296756744385,1415528800
1172793600.0,2.573119640350342,860000400
1173052800.0,2.600534677505493,838899600
1173139200.0,2.656872272491455,723186800
1173225600.0,2.6427130699157715,626284400
1173312000.0,2.651148557662964,511011200
1173398400.0,2.650245189666748,451836000
1173657600.0,2.7074854373931885,729408400
1173744000.0,2.663198947906494,867890800
1173830400.0,2.7114017009735107,796586000
1173916800.0,2.698446750640869,559498800
1174003200.0,2.699049949645996,571704000
1174262400.0,2.7454450130462646,712961200
1174348800.0,2.7559893131256104,488916400
1174435200.0,2.8279919624328613,686896000
1174521600.0,2.8307034969329834,561492400
1174608000.0,2.8174471855163574,450884000
1174867200.0,2.8876421451568604,864987200
1174953600.0,2.87589430809021,932052800
1175040000.0,2.809011697769165,942337200
1175126400.0,2.824376344680786,725723600
1175212800.0,2.799070119857788,600558000
1175472000.0,2.821364402770996,501992400
1175558400.0,2.8469717502593994,583934400
1175644800.0,2.8400425910949707,476784000
1175731200.0,2.8523952960968018,355516000
1176076800.0,2.821364402770996,413341600
1176163200.0,2.83944034576416,352466800
1176249600.0,2.7894301414489746,549018400
1176336000.0,2.7773797512054443,656675600
1176422400.0,2.718632221221924,719941600
1176681600.0,2.7544825077056885,609033600
1176768000.0,2.721946954727173,751920400
1176854400.0,2.7234511375427246,464044000
1176940800.0,2.719536781311035,425913600
1177027200.0,2.7406249046325684,522779600
1177286400.0,2.817146062850952,780290000
1177372800.0,2.809011697769165,1055252800
1177459200.0,2.872579574584961,1187144000
1177545600.0,2.97772216796875,1737778000
1177632000.0,3.0102579593658447,699403600
1177891200.0,3.006643056869507,616509600
1177977600.0,2.996701717376709,532523600
1178064000.0,3.0244171619415283,505145200
1178150400.0,3.0247180461883545,576077600
1178236800.0,3.037071228027344,381987200
1178496000.0,3.130765438079834,861557200
1178582400.0,3.165109395980835,783997200
1178668800.0,3.219940185546875,717757600
1178755200.0,3.233798027038574,1197257600
1178841600.0,3.275975227355957,653696400
1179100800.0,3.29465389251709,651946400
1179187200.0,3.239221334457397,954514400
1179273600.0,3.233798027038574,1126767600
1179360000.0,3.2970645427703857,735291200
1179446400.0,3.314537763595581,621345200
1179705600.0,3.373586177825928,639892400
1179792000.0,3.420583724975586,572409600
1179878400.0,3.401001453399658,911374800
1179964800.0,3.3347225189208984,887362000
1180051200.0,3.4229936599731445,632959600
1180396800.0,3.444986343383789,645694000
1180483200.0,3.5781474113464355,1478444800
1180569600.0,3.651052236557007,1297066400
1180656000.0,3.5669989585876465,885262000
1180915200.0,3.6552700996398926,886673200
1181001600.0,3.6956398487091056,920785600
1181088000.0,3.724862575531006,1112241200
1181174400.0,3.737818479537964,1915079600
1181260800.0,3.750469923019409,1241682400
1181520000.0,3.620926856994629,1874258400
1181606400.0,3.626650333404541,1426566400
1181692800.0,3.539884328842163,1721353200
1181779200.0,3.577542781829834,973266000
1181865600.0,3.630265235900879,811218800
1182124800.0,3.7685487270355225,910604800
1182211200.0,3.725465774536133,943026000
1182297600.0,3.661898612976074,897512000
1182384000.0,3.732697010040283,867045200
1182470400.0,3.7055814266204834,631876000
1182729600.0,3.6856985092163086,965403600
1182816000.0,3.604658603668213,1345005200
1182902400.0,3.672140598297119,974696800
1182988800.0,3.632072687149048,838143600
1183075200.0,3.6766607761383057,1137841600
1183334400.0,3.653162956237793,994862400
1183420800.0,3.831210374832153,1162481600
1183593600.0,3.9993157386779785,1453051600
1183680000.0,3.98576021194458,874694800
1183939200.0,3.926412582397461,995820000
1184025600.0,3.987267017364502,1255007600
1184112000.0,3.9884707927703857,821772000
1184198400.0,4.0390825271606445,704608800
1184284800.0,4.149347305297852,907606000
1184544000.0,4.160495758056641,936112800
1184630400.0,4.184898853302002,709959600
1184716800.0,4.161098003387451,756856800
1184803200.0,4.217735767364502,732891600
1184889600.0,4.330711841583252,1167773600
1185148800.0,4.329204559326172,1036490000
1185235200.0,4.063789367675781,1795292800
1185321600.0,4.135190486907959,1496182800
1185408000.0,4.398494720458984,2186629200
1185494400.0,4.3337225914001465,1161098400
1185753600.0,4.26081657409668,1106988400
1185840000.0,3.969492435455322,1762392800
1185926400.0,4.067101955413818,1750156800
1186012800.0,4.111990928649902,852644800
1186099200.0,3.9722049236297607,679187600
1186358400.0,4.074633598327637,925170400
1186444800.0,4.068006992340088,949936400
1186531200.0,4.037278652191162,808096800
1186617600.0,3.807711601257324,1125395600
1186704000.0,3.765835762023926,1410749200
1186963200.0,3.849889516830444,752911600
1187049600.0,3.7366127967834473,739006800
1187136000.0,3.612190008163452,992852000
1187222400.0,3.5263283252716064,1866690000
1187308800.0,3.6772637367248535,1195062400
1187568000.0,3.68208384513855,803317200
1187654400.0,3.8432600498199454,1303047200
1187740800.0,3.9920871257781982,1061765600
1187827200.0,3.94870400428772,866838000
1187913600.0,4.076141834259033,911834000
1188172800.0,3.984254121780396,707439600
1188259200.0,3.820667743682861,1179365600
1188345600.0,4.039386749267578,1166860800
1188432000.0,4.10476016998291,1435582400
1188518400.0,4.171942710876465,876887200
1188864000.0,4.343062400817871,1316842800
1188950400.0,4.120126724243164,2328222400
1189036800.0,4.0674028396606445,1901261600
1189123200.0,3.969792604446411,1430576000
1189382400.0,4.118618488311768,1487838800
1189468800.0,4.081866264343262,971885600
1189555200.0,4.122837543487549,1022770000
1189641600.0,4.133380889892578,656163200
1189728000.0,4.181885242462158,607320000
1189987200.0,4.169835567474365,793371600
1190073600.0,4.245450019836426,1064089600
1190160000.0,4.240933895111084,1026880400
1190246400.0,4.227073669433594,691840800
1190332800.0,4.3427605628967285,1138880400
1190592000.0,4.467185974121094,1052161600
1190678400.0,4.614804267883301,1192550800
1190764800.0,4.602453708648682,975268000
1190851200.0,4.654572486877441,658198800
1190937600.0,4.623541831970215,615101200
1191196800.0,4.710005283355713,837068400
1191283200.0,4.77357292175293,792069600
1191369600.0,4.757606029510498,692518400
1191456000.0,4.706993103027344,656958400
1191542400.0,4.863952159881592,943471200
1191801600.0,5.058572292327881,835928800
1191888000.0,5.057064533233643,1104286400
1191974400.0,5.024828910827637,667590000
1192060800.0,4.887453079223633,1643992000
1192147200.0,5.038690090179443,988176000
1192406400.0,5.030553817749023,1077930000
1192492800.0,5.108881950378418,1067830400
1192579200.0,5.204385757446289,1127613200
1192665600.0,5.226981163024902,823676000
1192752000.0,5.134190559387207,1291780000
1193011200.0,5.2528886795043945,1649499600
1193097600.0,5.608384132385254,1795164000
1193184000.0,5.601454257965088,1288481600
1193270400.0,5.506555557250977,973602000
1193356800.0,5.564399719238281,706876800
1193616000.0,5.576146602630615,540554000
1193702400.0,5.633689880371094,939414000
1193788800.0,5.722563743591309,833310800
1193875200.0,5.646945953369141,805036400
1193961600.0,5.659901142120361,1002114400
1194220800.0,5.60898494720459,804176800
1194307200.0,5.777997016906738,954727200
1194393600.0,5.612600326538086,994327600
1194480000.0,5.286330699920654,1890378000
1194566400.0,4.98205041885376,1526380800
1194825600.0,4.632279396057129,1769065200
1194912000.0,5.12033224105835,1739446800
1194998400.0,5.004343509674072,1449168000
1195084800.0,4.949814796447754,1487410400
1195171200.0,5.012780666351318,1383494000
1195430400.0,4.939270973205566,1154428800
1195516800.0,5.086893558502197,1543642800
1195603200.0,5.075141906738281,1217809600
1195776000.0,5.167931079864502,465757600
1196035200.0,5.198058605194092,1305754800
1196121600.0,5.266445636749268,1317030400
1196208000.0,5.429433345794678,1150912000
1196294400.0,5.552046775817871,1050926800
1196380800.0,5.489686012268066,1187802000
1196640000.0,5.388458728790283,961469600
1196726400.0,5.417079925537109,773799600
1196812800.0,5.588499546051025,892402000
1196899200.0,5.722563743591309,899810800
1196985600.0,5.8536152839660645,1066066400
1197244800.0,5.850903511047363,722377600
1197331200.0,5.680084705352783,1110925200
1197417600.0,5.749979972839356,1225660800
1197504000.0,5.779201984405518,864617600
1197590400.0,5.735820293426514,674312800
1197849600.0,5.555360317230225,1024693600
1197936000.0,5.512580394744873,1222603200
1198022400.0,5.516798496246338,827478400
1198108800.0,5.640016555786133,774057200
1198195200.0,5.841866970062256,993960800
1198454400.0,5.989185333251953,480202800
1198627200.0,5.993703365325928,703732400
1198713600.0,5.982254981994629,795527600
1198800000.0,6.020215034484863,699647200
1199059200.0,5.967493534088135,539333200
1199232000.0,5.869882583618164,1079178800
1199318400.0,5.872593402862549,842066400
1199404800.0,5.424309730529785,1455832000
1199664000.0,5.3517045974731445,2072193200
1199750400.0,5.159194469451904,1523816000
1199836800.0,5.404727458953857,1813882000
1199923200.0,5.363152503967285,1482975200
1200009600.0,5.20257568359375,1232285600
1200268800.0,5.386049270629883,1100450400
1200355200.0,5.092614650726318,2343278000
1200441600.0,4.809425354003906,2213845200
1200528000.0,4.847082138061523,1757859600
1200614400.0,4.861241817474365,1724343600
1200960000.0,4.68891716003418,2434754000
1201046400.0,4.189718723297119,3372969600
1201132800.0,4.085177421569824,2005866800
1201219200.0,3.91677188873291,1554739200
1201478400.0,3.91677188873291,1474844000
1201564800.0,3.9628639221191406,1099982800
1201651200.0,3.98214602470398,1243051600
1201737600.0,4.077948570251465,1345674400
1201824000.0,4.029444694519043,1010744000
1202083200.0,3.966177701950073,899234000
1202169600.0,3.8971874713897705,1141042000
1202256000.0,3.67545485496521,1573272400
1202342400.0,3.6525590419769287,2083331600
1202428800.0,3.7802963256835938,1355972800
1202688000.0,3.8998987674713135,1201432400
1202774400.0,3.7616195678710938,1225980000
1202860800.0,3.8983945846557617,968534000
1202947200.0,3.839946746826172,954097200
1203033600.0,3.754688262939453,901300400
1203379200.0,3.680877923965454,1005046000
1203465600.0,3.730285882949829,967439200
1203552000.0,3.661597728729248,938114800
1203638400.0,3.5989339351654053,1529878000
1203897600.0,3.6073696613311768,1256774400
1203984000.0,3.58959436416626,1504888000
1204070400.0,3.704377412796021,1475138000
1204156800.0,3.913757085800171,1618254400
1204243200.0,3.766436815261841,1255480800
1204502400.0,3.6673214435577393,1593043200
1204588800.0,3.754386425018311,1785383600
1204675200.0,3.750469923019409,1221836000
1204761600.0,3.643219947814941,1473698800
1204848000.0,3.682986497879028,1230462800
1205107200.0,3.605862617492676,999588800
1205193600.0,3.836633682250977,1163943200
1205280000.0,3.796865940093994,1059629200
1205366400.0,3.8544087409973145,1262102800
1205452800.0,3.814340829849243,1156640800
1205712000.0,3.817955732345581,1072598800
1205798400.0,4.001425266265869,1205120000
1205884800.0,3.906528234481812,1010536800
1205971200.0,4.014981746673584,908787600
1206316800.0,4.203575611114502,1066920400
1206403200.0,4.247260093688965,1052391200
1206489600.0,4.370176315307617,1182084400
1206576000.0,4.22526741027832,999829600
1206662400.0,4.308417320251465,714610400
1206921600.0,4.323180198669434,768065200
1207008000.0,4.504843711853027,1032567200
1207094400.0,4.443385601043701,1044968400
1207180800.0,4.567508220672607,1051568000
1207267200.0,4.611793518066406,854417200
1207526400.0,4.696447849273682,1158326400
1207612800.0,4.604560375213623,1014294400
1207699200.0,4.562385082244873,873398400
1207785600.0,4.65608024597168,955763200
1207872000.0,4.432840824127197,1210076000
1208131200.0,4.452122211456299,845087600
1208217600.0,4.470197677612305,698037200
1208304000.0,4.630471229553223,795774000
1208390400.0,4.65427303314209,704267200
1208476800.0,4.851603984832764,1026765600
1208736000.0,5.066103458404541,1039152800
1208822400.0,4.826296806335449,1439572400
1208908800.0,4.907336235046387,1504190800
1208995200.0,5.089602470397949,1696066400
1209081600.0,5.113401889801025,992474000
1209340800.0,5.18902063369751,787214400
1209427200.0,5.273676872253418,923476400
1209513600.0,5.240536689758301,1139524400
1209600000.0,5.422802448272705,903576800
1209686400.0,5.451122283935547,1006082000
1209945600.0,5.565300941467285,854557200
1210032000.0,5.623447418212891,918870400
1210118400.0,5.500829696655273,1157133600
1210204800.0,5.575244426727295,899085600
1210291200.0,5.526740074157715,673072400
1210550400.0,5.668637275695801,818563200
1210636800.0,5.722867012023926,823236400
1210723200.0,5.61139726638794,916823600
1210809600.0,5.715936183929443,873208000
1210896000.0,5.652368545532227,765769200
1211155200.0,5.531261444091797,945820400
1211241600.0,5.600551605224609,969850000
1211328000.0,5.368273735046387,1157657200
1211414400.0,5.333929061889648,1206735600
1211500800.0,5.458051681518555,906917200
1211846400.0,5.616517543792725,789905200
1211932800.0,5.633993148803711,743979600
1212019200.0,5.6243510246276855,647186400
1212105600.0,5.6864118576049805,610184400
1212364800.0,5.606575965881348,679840000
1212451200.0,5.584583759307861,750520400
1212537600.0,5.579161167144775,726983600
1212624000.0,5.706897735595703,755445600
1212710400.0,5.592719078063965,966422800
1212969600.0,5.47130823135376,1888392800
1213056000.0,5.592719078063965,1140941200
1213142400.0,5.44720458984375,961550800
1213228800.0,5.219749927520752,1308333600
1213315200.0,5.192934989929199,1345957200
1213574400.0,5.327602863311768,1051730400
1213660800.0,5.465884685516357,899656800
1213747200.0,5.385144710540772,811468000
1213833600.0,5.449916362762451,791949200
1213920000.0,5.280303001403809,888367200
1214179200.0,5.216737270355225,645780800
1214265600.0,5.219448566436768,621947200
1214352000.0,5.34417200088501,644450800
1214438400.0,5.069114208221436,869610000
1214524800.0,5.124248504638672,1042249600
1214784000.0,5.044411659240723,684196800
1214870400.0,5.262526988983154,1111280800
1214956800.0,5.066706657409668,837519200
1215043200.0,5.125151634216309,523362000
1215388800.0,5.276991367340088,820391600
1215475200.0,5.409247398376465,888350400
1215561600.0,5.249575138092041,895776000
1215648000.0,5.321276664733887,840688800
1215734400.0,5.199263572692871,930011600
1215993600.0,5.238428592681885,886054400
1216080000.0,5.110690116882324,1040043200
1216166400.0,5.206192970275879,747790400
1216252800.0,5.176066875457764,757526000
1216339200.0,4.97542142868042,868414400
1216598400.0,5.009768009185791,1360469600
1216684800.0,4.881125450134277,1879592400
1216771200.0,5.008863925933838,1061768400
1216857600.0,4.7910475730896,839619200
1216944000.0,4.8841400146484375,633637200
1217203200.0,4.651561260223389,780712800
1217289600.0,4.732300758361816,684070800
1217376000.0,4.816652774810791,725183200
1217462400.0,4.788637161254883,637498400
1217548800.0,4.719644546508789,544639200
1217808000.0,4.616311550140381,592527600
1217894400.0,4.839550018310547,688371600
1217980800.0,4.9465012550354,791408800
1218067200.0,4.927822113037109,672372400
1218153600.0,5.107979774475098,713997200
1218412800.0,5.228787899017334,891304400
1218499200.0,5.324288845062256,836278800
1218585600.0,5.40171480178833,842346400
1218672000.0,5.402319431304932,711300800
1218758400.0,5.294464111328125,708251600
1219017600.0,5.283919334411621,552014400
1219104000.0,5.227884292602539,616204400
1219190400.0,5.2974772453308105,506951200
1219276800.0,5.2507805824279785,539744800
1219363200.0,5.32609748840332,439611200
1219622400.0,5.198359489440918,484425200
1219708800.0,5.231197357177734,445550000
1219795200.0,5.2622270584106445,477780800
1219881600.0,5.23421049118042,431384800
1219968000.0,5.107378005981445,599289600
1220313600.0,5.006752014160156,780763200
1220400000.0,5.029950141906738,734834800
1220486400.0,4.857025623321533,743386000
1220572800.0,4.825692176818848,786884000
1220832000.0,4.757606029510498,1045979200
1220918400.0,4.569615840911865,1245025600
1221004800.0,4.567508220672607,973142800
1221091200.0,4.598837852478027,971135200
1221177600.0,4.487070083618164,793027200
1221436800.0,4.22858190536499,920634400
1221523200.0,4.214120388031006,1199836400
1221609600.0,3.851093292236328,1200455200
1221696000.0,4.039687156677246,1676253600
1221782400.0,4.245149612426758,1430875600
1222041600.0,3.948101758956909,856713200
1222128000.0,3.821269989013672,1280364400
1222214400.0,3.87760591506958,1047015200
1222300800.0,3.9746131896972656,1006045600
1222387200.0,3.863446712493897,1126451200
1222646400.0,3.1711342334747314,2622057200
1222732800.0,3.42419981956482,1626682400
1222819200.0,3.287423849105835,1296484000
1222905600.0,3.015681266784668,1609364400
1222992000.0,2.9243972301483154,2294398400
1223251200.0,2.9566330909729004,2107417200
1223337600.0,2.68609619140625,1878772000
1223424000.0,2.705075740814209,2207741200
1223510400.0,2.6734426021575928,1617383600
1223596800.0,2.9162635803222656,2219299600
1223856000.0,3.3217687606811523,1539076000
1223942400.0,3.135584831237793,1980994400
1224028800.0,2.95090913772583,1584175600
1224115200.0,3.069608449935913,1980521200
1224201600.0,2.934338092803955,1762227600
1224460800.0,2.965670347213745,1549170000
1224547200.0,2.7562901973724365,2193660000
1224633600.0,2.918372869491577,2248808800
1224720000.0,2.959344387054444,1675430400
1224806400.0,2.9036102294921875,1590058400
1225065600.0,2.774367332458496,1208771200
1225152000.0,3.009956121444702,1634133200
1225238400.0,3.149745464324951,1950978400
1225324800.0,3.3452672958374023,1638089600
1225411200.0,3.241330146789551,1659756000
1225670400.0,3.2223498821258545,1057938000
1225756800.0,3.3437609672546387,1398681200
1225843200.0,3.112086534500122,1256455200
1225929600.0,2.9855546951293945,1319074400
1226016000.0,2.959644079208374,1095253600
1226275200.0,2.888546705245972,1123822000
1226361600.0,2.8551061153411865,1224538000
1226448000.0,2.715016841888428,1178976400
1226534400.0,2.9054183959960938,1854087200
1226620800.0,2.718632221221924,1405266800
1226880000.0,2.6553657054901123,1162526400
1226966400.0,2.7086899280548096,1209695200
1227052800.0,2.5996322631835938,1171900800
1227139200.0,2.4248971939086914,1716814400
1227225600.0,2.487861394882202,1569271200
1227484800.0,2.8002758026123047,1442257600
1227571200.0,2.735502243041992,1235292800
1227657600.0,2.862035036087036,899836000
1227830400.0,2.7918405532836914,297774400
1228089600.0,2.679166078567505,923767600
1228176000.0,2.785814046859741,1148722400
1228262400.0,2.889148712158203,1338680000
1228348800.0,2.7538809776306152,1091370000
1228435200.0,2.831908941268921,1043795200
1228694400.0,3.0042335987091064,1185142000
1228780800.0,3.014474868774414,1203496000
1228867200.0,2.9587416648864746,938047600
1228953600.0,2.862035036087036,1040617200
1229040000.0,2.9605486392974854,1041174400
1229299200.0,2.854503631591797,891758000
1229385600.0,2.874989748001098,1093506400
1229472000.0,2.68609619140625,1293860400
1229558400.0,2.6942298412323,857416000
1229644800.0,2.7114017009735107,801920000
1229904000.0,2.583063125610352,844740400
1229990400.0,2.6023426055908203,635031600
1230076800.0,2.561973094940185,271334000
1230249600.0,2.5851707458496094,308324800
1230508800.0,2.609271764755249,686000000
1230595200.0,2.5996322631835938,967601600
1230681600.0,2.571312427520752,607541200
1230854400.0,2.733996629714966,746015200
1231113600.0,2.849381923675537,1181608400
1231200000.0,2.8023838996887207,1289310400
1231286400.0,2.741829395294189,753048800
1231372800.0,2.79274320602417,673500800
1231459200.0,2.728875160217285,546845600
1231718400.0,2.671031951904297,617716400
1231804800.0,2.642411708831787,798397600
1231891200.0,2.570709705352783,1021664000
1231977600.0,2.511962652206421,1831634000
1232064000.0,2.4803295135498047,1047625600
1232409600.0,2.355907440185547,919914800
1232496000.0,2.4953930377960205,1089270000
1232582400.0,2.66199254989624,1409528400
1232668800.0,2.66199254989624,763770000
1232928000.0,2.700556755065918,692238400
1233014400.0,2.733393430709839,618038400
1233100800.0,2.837934732437134,861406000
1233187200.0,2.8017830848693848,592729200
1233273600.0,2.7153189182281494,651478800
1233532800.0,2.7568929195404053,558247200
1233619200.0,2.8011794090271,599309200
1233705600.0,2.8183510303497314,808421600
1233792000.0,2.906019687652588,749246400
1233878400.0,3.0042335987091064,687209600
1234137600.0,3.0882856845855717,715010800
1234224000.0,2.947293758392334,849060800
1234310400.0,2.916865587234497,674973600
1234396800.0,2.9906768798828125,817188400
1234483200.0,2.9873623847961426,608977600
1234828800.0,2.847874879837036,678238400
1234915200.0,2.843055248260498,684779200
1235001600.0,2.7306830883026123,922804400
1235088000.0,2.747553825378418,750316000
1235347200.0,2.6195144653320312,786982000
1235433600.0,2.718932867050171,807105600
1235520000.0,2.7463479042053223,833053200
1235606400.0,2.686999797821045,629868400
1235692800.0,2.690614700317383,706658400
1235952000.0,2.649340867996216,770929600
1236038400.0,2.662294626235962,724340400
1236124800.0,2.7466495037078857,741403600
1236211200.0,2.676454782485962,706899200
1236297600.0,2.5698063373565674,1011147200
1236556800.0,2.5038280487060547,698297600
1236643200.0,2.670127868652344,844258800
1236729600.0,2.7921407222747803,846372800
1236816000.0,2.9027059078216557,768457200
1236902400.0,2.890052080154419,601168400
1237161600.0,2.874688148498535,797244000
1237248000.0,3.002426147460937,786646000
1237334400.0,3.0584609508514404,796037200
1237420800.0,3.061474084854126,500180800
1237507200.0,3.060569524765014,695587200
1237766400.0,3.243438959121704,666397200
1237852800.0,3.208491325378418,640612000
1237939200.0,3.2081902027130127,646618000
1238025600.0,3.310018539428711,616252000
1238112000.0,3.2190358638763428,492872800
1238371200.0,3.147937774658203,502796000
1238457600.0,3.166917562484741,570080000
1238544000.0,3.274470090866089,589372000
1238630400.0,3.395578384399414,812366800
1238716800.0,3.494394540786743,636241200
1238976000.0,3.5685043334960938,658064400
1239062400.0,3.464568614959717,536580800
1239148800.0,3.50433611869812,455630000
1239235200.0,3.602247953414917,530756800
1239580800.0,3.621830463409424,389236400
1239667200.0,3.564286947250366,454622000
1239753600.0,3.544103145599365,412882400
1239840000.0,3.6588852405548096,593446000
1239926400.0,3.7182366847991934,497495600
1240185600.0,3.630265235900879,466466000
1240272000.0,3.6682262420654297,470685600
1240358400.0,3.6606931686401367,938767200
1240444800.0,3.777885913848877,945156800
1240531200.0,3.732697010040283,540764000
1240790400.0,3.757701873779297,480690000
1240876800.0,3.732697010040283,455856800
1240963200.0,3.770053625106812,458110800
1241049600.0,3.7908413410186768,498489600
1241136000.0,3.8333182334899902,397516000
1241395200.0,3.9788315296173096,609358400
1241481600.0,3.998111963272095,398255200
1241568000.0,3.9917867183685294,473538800
1241654400.0,3.888149738311768,531776000
1241740800.0,3.892066240310669,467964000
1242000000.0,3.9035143852233887,404658800
1242086400.0,3.748362064361572,609481600
1242172800.0,3.5998380184173584,595971600
1242259200.0,3.704075574874878,447826400
1242345600.0,3.688109397888184,367567200
1242604800.0,3.8155457973480233,458841600
1242691200.0,3.839646816253662,372422400
1242777600.0,3.792046546936035,388584000
1242864000.0,3.741132259368897,407946000
1242950400.0,3.690519094467163,297998400
1243296000.0,3.939965724945069,636927200
1243382400.0,4.008357048034668,646422000
1243468800.0,4.069213390350342,487552800
1243555200.0,4.091504096984863,456534400
1243814400.0,4.198153972625732,452499600
1243900800.0,4.202371597290039,456223600
1243987200.0,4.246356964111328,565199600
1244073600.0,4.330410003662109,550634000
1244160000.0,4.35842752456665,632716000
1244419200.0,4.3337225914001465,931652400
1244505600.0,4.299683094024658,676964400
1244592000.0,4.22526741027832,688623600
1244678400.0,4.216229438781738,524823600
1244764800.0,4.126452922821045,563085600
1245024000.0,4.099939346313477,539750400
1245110400.0,4.107773780822754,514805200
1245196800.0,4.084575653076172,571412800
1245283200.0,4.09361457824707,427680400
1245369600.0,4.20206880569458,721856800
1245628800.0,4.1385040283203125,634914000
1245715200.0,4.037278652191162,706532400
1245801600.0,4.103854656219482,485525600
1245888000.0,4.213517189025879,589447600
1245974400.0,4.2912445068359375,439384400
1246233600.0,4.2770843505859375,567616000
1246320000.0,4.290943622589111,434224000
1246406400.0,4.302993774414063,414178800
1246492800.0,4.218338966369629,370479200
1246838400.0,4.175858497619629,498688400
1246924800.0,4.079152584075928,461596800
1247011200.0,4.133983135223389,575929200
1247097600.0,4.108073711395264,343025200
1247184000.0,4.173149585723877,445275600
1247443200.0,4.288232326507568,483501200
1247529600.0,4.286122798919678,347247600
1247616000.0,4.425007343292236,485587200
1247702400.0,4.44428825378418,393570800
1247788800.0,4.571725368499756,602154000
1248048000.0,4.606670379638672,735526400
1248134400.0,4.564493179321289,874781600
1248220800.0,4.722056865692139,874104000
1248307200.0,4.7545928955078125,526962800
1248393600.0,4.819969654083252,438362400
1248652800.0,4.823282241821289,433311200
1248739200.0,4.820269584655762,363554800
1248825600.0,4.821172714233398,382158000
1248912000.0,4.904323577880859,469604800
1248998400.0,4.922399997711182,422536800
1249257600.0,5.013984680175781,394240000
1249344000.0,4.987472534179688,395810800
1249430400.0,4.974216938018799,423183600
1249516800.0,4.9380645751953125,341616800
1249603200.0,4.98626708984375,387354800
1249862400.0,4.962467193603516,300294400
1249948800.0,4.9055256843566895,355342400
1250035200.0,4.980241298675537,445071200
1250121600.0,5.073936939239502,439980800
1250208000.0,5.024529933929443,305816000
1250467200.0,4.807919025421143,524381200
1250553600.0,4.940776348114014,431152400
1250640000.0,4.958853721618652,413271600
1250726400.0,5.010972499847412,342031200
1250812800.0,5.0980377197265625,416074400
1251072000.0,5.093215465545654,406929600
1251158400.0,5.103460311889648,324354800
1251244800.0,5.043508529663086,303998800
1251331200.0,5.104968547821045,449181600
1251417600.0,5.123041152954102,453700800
1251676800.0,5.0676093101501465,311337600
1251763200.0,4.979939937591553,469028000
1251849600.0,4.976325035095215,364249200
1251936000.0,5.017598628997803,293955200
1252022400.0,5.130877494812012,374628800
1252368000.0,5.209807872772217,315047600
1252454400.0,5.155882358551025,811087200
1252540800.0,5.198660373687744,491134000
1252627200.0,5.186609268188477,348961200
1252886400.0,5.233607292175293,322011200
1252972800.0,5.276991367340088,426470800
1253059200.0,5.479139804840088,754023200
1253145600.0,5.559878349304199,810572000
1253232000.0,5.574038028717041,601582800
1253491200.0,5.543911933898926,437715600
1253577600.0,5.557770729064941,356753600
1253664000.0,5.588499546051025,593563600
1253750400.0,5.537887096405029,550880400
1253836800.0,5.494203090667725,445239200
1254096000.0,5.6080827713012695,337444800
1254182400.0,5.584886074066162,345385600
1254268800.0,5.583981037139893,539585200
1254355200.0,5.448712348937988,524711600
1254441600.0,5.570423603057861,553308000
1254700800.0,5.60416316986084,423133200
1254787200.0,5.724372386932373,605085600
1254873600.0,5.731601715087891,465668000
1254960000.0,5.702077865600586,438211200
1255046400.0,5.738230228424072,293272000
1255305600.0,5.748472213745117,288024800
1255392000.0,5.724672794342041,348020400
1255478400.0,5.762935161590576,375510800
1255564800.0,5.740940570831299,373556400
1255651200.0,5.665321826934815,431426800
1255910400.0,5.719853401184082,942230800
1255996800.0,5.987979888916016,1141039200
1256083200.0,6.173559665679932,1193726800
1256169600.0,6.181995391845703,791392000
1256256000.0,6.144034862518311,420786800
1256515200.0,6.100050926208496,484338400
1256601600.0,5.946105480194092,756551600
1256688000.0,5.7963738441467285,818386800
1256774400.0,5.915372848510742,570270400
1256860800.0,5.678881645202637,717525200
1257120000.0,5.703282833099365,678983200
1257206400.0,5.6864118576049805,522541600
1257292800.0,5.748472213745117,487530400
1257379200.0,5.845481872558594,384801200
1257465600.0,5.85482120513916,295097600
1257724800.0,6.069322109222412,528855600
1257811200.0,6.115115642547607,401195200
1257897600.0,6.123247146606445,443870000
1257984000.0,6.085289001464844,363731200
1258070400.0,6.159399509429932,343240800
1258329600.0,6.225077152252197,485206400
1258416000.0,6.236225128173828,396513600
1258502400.0,6.204891204833984,374320800
1258588800.0,6.040701866149902,542326400
1258675200.0,6.0229268074035645,406666400
1258934400.0,6.202480316162109,474896800
1259020800.0,6.1590986251831055,318438400
1259107200.0,6.151566982269287,286454000
1259280000.0,6.0431108474731445,295257200
1259539200.0,6.022625923156738,424858000
1259625600.0,5.934053897857666,465763200
1259712000.0,5.911758899688721,715260000
1259798400.0,5.9192891120910645,448719600
1259884800.0,5.824090957641602,826884800
1260144000.0,5.692436218261719,714758800
1260230400.0,5.720152854919434,690398800
1260316800.0,5.959059238433838,684782000
1260403200.0,5.917783737182617,489669600
1260489600.0,5.864762306213379,429774800
1260748800.0,5.934356212615967,495790400
1260835200.0,5.849699020385742,419459600
1260921600.0,5.875607490539551,352984800
1261008000.0,5.780105113983154,388838800
1261094400.0,5.88765811920166,608770400
1261353600.0,5.972010612487793,611906400
1261440000.0,6.0361833572387695,349515600
1261526400.0,6.088603496551514,345525600
1261612800.0,6.297683238983154,500889200
1261958400.0,6.37510871887207,644565600
1262044800.0,6.299489974975586,445205600
1262131200.0,6.376011371612549,412084400
1262217600.0,6.348596572875977,352410800
1262563200.0,6.447410583496094,493729600
1262649600.0,6.458559036254883,601904800
1262736000.0,6.355827331542969,552160000
1262822400.0,6.344075679779053,477131200
1262908800.0,6.386254787445068,447610800
1263168000.0,6.329919815063477,462229600
1263254400.0,6.257916450500488,594459600
1263340800.0,6.346186637878418,605892000
1263427200.0,6.309432029724121,432894000
1263513600.0,6.203989505767822,594067600
1263859200.0,6.478442668914795,730007600
1263945600.0,6.378724098205566,612152800
1264032000.0,6.268458843231201,608154400
1264118400.0,5.957551956176758,881767600
1264377600.0,6.117824554443359,1065699600
1264464000.0,6.204290390014648,1867110000
1264550400.0,6.262734889984131,1722568400
1264636800.0,6.0039472579956055,1173502400
1264723200.0,5.786130428314209,1245952400
1264982400.0,5.866569995880127,749876400
1265068800.0,5.900612831115723,698342400
1265155200.0,6.002140045166016,615328000
1265241600.0,5.785830020904541,757652000
1265328000.0,5.888562202453613,850306800
1265587200.0,5.84819221496582,478270800
1265673600.0,5.9105544090271,632886800
1265760000.0,5.878318309783936,370361600
1265846400.0,5.9852681159973145,550345600
1265932800.0,6.036785125732422,655468800
1266278400.0,6.127767086029053,543737600
1266364800.0,6.1021599769592285,436396800
1266451200.0,6.113607883453369,422825200
1266537600.0,6.075649261474609,415469600
1266796800.0,6.037991523742676,390563600
1266883200.0,5.936764717102051,575094800
1266969600.0,6.045221328735352,460566400
1267056000.0,6.085590839385986,665126000
1267142400.0,6.164522171020508,507460800
1267401600.0,6.296176910400391,550093600
1267488000.0,6.291959762573242,566546400
1267574400.0,6.30642032623291,372052800
1267660800.0,6.347993850708008,366041200
1267747200.0,6.59623908996582,899620400
1268006400.0,6.60015344619751,429889600
1268092800.0,6.718852519989014,920259200
1268179200.0,6.773684501647949,596218000
1268265600.0,6.793567180633545,405700400
1268352000.0,6.826707363128662,416323600
1268611200.0,6.743557929992676,493502800
1268697600.0,6.761933326721191,446908000
1268784000.0,6.75199556350708,450956800
1268870400.0,6.7679595947265625,342109600
1268956800.0,6.6956562995910645,559445600
1269216000.0,6.77097225189209,456419600
1269302400.0,6.879730701446533,602431200
1269388800.0,6.910158634185791,597780400
1269475200.0,6.828214168548584,542284400
1269561600.0,6.9562530517578125,640875200
1269820800.0,7.00114107131958,540744400
1269907200.0,7.105379581451416,527310000
1269993600.0,7.07976770401001,430659600
1270080000.0,7.108992099761963,603145200
1270425600.0,7.184915065765381,684507600
1270512000.0,7.216545104980469,447017200
1270598400.0,7.248479843139648,628502000
1270684800.0,7.2288994789123535,572989200
1270771200.0,7.284332752227783,334182800
1271030400.0,7.299392700195312,333026400
1271116800.0,7.30361270904541,306210800
1271203200.0,7.401827812194824,404076400
1271289600.0,7.499135494232178,376784800
1271376000.0,7.453346729278564,750545600
1271635200.0,7.443398952484131,566924400
1271721600.0,7.368687629699707,738326400
1271808000.0,7.80944013595581,982391200
1271894400.0,8.027853965759277,793424800
1271980800.0,8.159213066101074,796955600
1272240000.0,8.119139671325684,479068800
1272326400.0,7.894396305084228,709343600
1272412800.0,7.88114070892334,758402400
1272499200.0,8.093234062194824,558840800
1272585600.0,7.86577558517456,542463600
1272844800.0,8.02424144744873,454342000
1272931200.0,7.793171882629394,723819600
1273017600.0,7.712130069732666,883103200
1273104000.0,7.418699264526367,1285860800
1273190400.0,7.105679988861084,1676018400
1273449600.0,7.651878833770752,984306400
1273536000.0,7.72809886932373,848906800
1273622400.0,7.895904541015625,654379600
1273708800.0,7.783529281616211,599712400
1273795200.0,7.646754741668701,759362800
1274054400.0,7.65880537033081,762834800
1274140800.0,7.60276985168457,782678400
1274227200.0,7.481660842895508,1025726800
1274313600.0,7.162921905517578,1282915200
1274400000.0,7.300300121307373,1223891200
1274659200.0,7.434065341949463,754238800
1274745600.0,7.387664794921875,1048006400
1274832000.0,7.354223251342773,850654000
1274918400.0,7.63259220123291,666282400
1275004800.0,7.73893928527832,815614800
1275350400.0,7.8579421043396,876472800
1275436800.0,7.951939105987549,688548000
1275523200.0,7.926933288574219,650106800
1275609600.0,7.711227893829346,758304400
1275868800.0,7.559988021850586,886942000
1275955200.0,7.51148796081543,1000770400
1276041600.0,7.326809406280518,854630000
1276128000.0,7.547036647796631,776356000
1276214400.0,7.637413501739502,545759200
1276473600.0,7.660610198974609,602960400
1276560000.0,7.823599815368652,585074000
1276646400.0,8.051358222961426,783678000
1276732800.0,8.190540313720703,872855200
1276819200.0,8.256820678710938,784621600
1277078400.0,8.139326095581055,776490400
1277164800.0,8.250190734863281,717262000
1277251200.0,8.163426399230957,768457200
1277337600.0,8.10407829284668,714277200
1277424000.0,8.0347900390625,549942400
1277683200.0,8.082988739013672,584948000
1277769600.0,7.717555046081543,1133344800
1277856000.0,7.577763557434082,739452000
1277942400.0,7.485880851745605,1022896000
1278028800.0,7.439483165740967,693842800
1278374400.0,7.49039888381958,615235600
1278460800.0,7.792869091033935,654556000
1278547200.0,7.775393962860107,738144400
1278633600.0,7.82149076461792,433322400
1278892800.0,7.751296043395996,562878400
1278979200.0,7.585896968841553,1190924000
1279065600.0,7.613916397094727,812047600
1279152000.0,7.575354099273682,824866000
1279238400.0,7.528655529022217,1039858400
1279497600.0,7.398508548736572,1024478000
1279584000.0,7.588610172271728,1074950800
1279670400.0,7.659408092498779,1185671200
1279756800.0,7.80341100692749,645318800
1279843200.0,7.831130027770996,533388800
1280102400.0,7.811246395111084,420551600
1280188800.0,7.955854892730713,584771600
1280275200.0,7.861860752105713,519985200
1280361600.0,7.775998115539551,643806800
1280448000.0,7.750089168548584,448210000
1280707200.0,7.888669967651367,428055600
1280793600.0,7.891082286834717,417653600
1280880000.0,7.922715663909912,420375200
1280966400.0,7.884152889251709,289097200
1281052800.0,7.835649490356445,444897600
1281312000.0,7.885658740997314,303128000
1281398400.0,7.815158367156982,451920000
1281484800.0,7.537393093109131,620054400
1281571200.0,7.585598468780518,534920400
1281657600.0,7.504558563232422,354869200
1281916800.0,7.460571765899658,318430000
1282003200.0,7.591018199920654,422640400
1282089600.0,7.624161243438721,339696000
1282176000.0,7.52805757522583,426706000
1282262400.0,7.52082347869873,384230000
1282521600.0,7.405140399932861,414041600
1282608000.0,7.228296279907227,602565600
1282694400.0,7.317471027374268,596867600
1282780800.0,7.238840103149414,466505200
1282867200.0,7.279210090637207,548391200
1283126400.0,7.305721759796143,383289200
1283212800.0,7.323798179626465,420786800
1283299200.0,7.541615009307861,697037600
1283385600.0,7.597045421600342,415427600
1283472000.0,7.795879364013672,520788800
1283817600.0,7.766958236694336,342557600
1283904000.0,7.920907497406006,526551200
1283990400.0,7.925427436828613,438575200
1284076800.0,7.935672760009766,387542400
1284336000.0,8.045032501220703,388780000
1284422400.0,8.075760841369629,408150400
1284508800.0,8.140832901000977,429368800
1284595200.0,8.332136154174805,652103200
1284681600.0,8.295985221862793,634477200
1284940800.0,8.532782554626465,658677600
1285027200.0,8.549049377441406,668074400
1285113600.0,8.668952941894531,585289600
1285200000.0,8.704201698303223,786116800
1285286400.0,8.80663013458252,649488000
1285545600.0,8.771684646606445,482834800
1285632000.0,8.642142295837402,1035042400
1285718400.0,8.657504081726074,469644000
1285804800.0,8.548446655273438,673391600
1285891200.0,8.511392593383789,448142800
1286150400.0,8.394500732421875,435302000
1286236800.0,8.704804420471191,501967200
1286323200.0,8.712337493896484,670868800
1286409600.0,8.713239669799805,408399600
1286496000.0,8.85935115814209,658403200
1286755200.0,8.898216247558594,427753200
1286841600.0,8.994019508361816,558544000
1286928000.0,9.042222023010254,630092400
1287014400.0,9.107598304748535,435296400
1287100800.0,9.482072830200195,922194000
1287360000.0,9.580286979675291,1093010800
1287446400.0,9.32390594482422,1232784000
1287532800.0,9.355238914489746,721624400
1287619200.0,9.324810981750488,551460000
1287705600.0,9.263056755065918,372778000
1287964800.0,9.304325103759766,392462000
1288051200.0,9.280527114868164,392929600
1288137600.0,9.273895263671877,399002800
1288224000.0,9.19586944580078,551051200
1288310400.0,9.067529678344728,430511200
1288569600.0,9.163935661315918,423889200
1288656000.0,9.319989204406738,433930000
1288742400.0,9.423630714416504,508348400
1288828800.0,9.588421821594238,642488000
1288915200.0,9.5540771484375,361253200
1289174400.0,9.598960876464844,281758400
1289260800.0,9.522440910339355,383544000
1289347200.0,9.581192016601562,384227200
1289433600.0,9.539613723754885,361284000
1289520000.0,9.279924392700195,795846800
1289779200.0,9.250100135803224,403606000
1289865600.0,9.08590602874756,657650000
1289952000.0,9.053070068359377,479449600
1290038400.0,9.291973114013672,494491200
1290124800.0,9.240757942199709,384843200
1290384000.0,9.440496444702148,393075200
1290470400.0,9.30101203918457,519447600
1290556800.0,9.483879089355469,413725200
1290729600.0,9.489908218383787,237585600
1290988800.0,9.546245574951172,445785200
1291075200.0,9.373924255371094,501858000
1291161600.0,9.532079696655272,461750800
1291248000.0,9.584806442260742,462837200
1291334400.0,9.5634183883667,342092800
1291593600.0,9.645058631896973,448481600
1291680000.0,9.5866117477417,391454000
1291766400.0,9.670968055725098,321935600
1291852800.0,9.633305549621582,294151200
1291939200.0,9.657411575317385,262511200
1292198400.0,9.690848350524902,439815600
1292284800.0,9.649273872375488,351008000
1292371200.0,9.651385307312012,417312000
1292457600.0,9.678197860717772,322030800
1292544000.0,9.658917427062988,386929200
1292803200.0,9.707120895385742,385610400
1292889600.0,9.767070770263672,256354000
1292976000.0,9.795995712280272,265921600
1293062400.0,9.748994827270508,223157200
1293408000.0,9.78153133392334,249816000
1293494400.0,9.80533218383789,175924000
1293580800.0,9.79990577697754,163139200
1293667200.0,9.75080394744873,157494400
1293753600.0,9.717663764953612,193508000
1294012800.0,9.92885398864746,445138400
1294099200.0,9.980669975280762,309080800
1294185600.0,10.062312126159668,255519600
1294272000.0,10.05417823791504,300428800
1294358400.0,10.12618350982666,311931200
1294617600.0,10.31688117980957,448560000
1294704000.0,10.292479515075684,444108000
1294790400.0,10.37623405456543,302590400
1294876800.0,10.414193153381348,296780400
1294963200.0,10.498546600341797,308840000
1295308800.0,10.262654304504396,1880998000
1295395200.0,10.20812702178955,1135612800
1295481600.0,10.02254867553711,764789200
1295568000.0,9.842989921569824,754401200
1295827200.0,10.166251182556152,574683200
1295913600.0,10.285250663757324,546868000
1296000000.0,10.35906219482422,506875600
1296086400.0,10.339781761169434,285026000
1296172800.0,10.12557888031006,592057200
1296432000.0,10.222585678100586,377246800
1296518400.0,10.394609451293944,426633200
1296604800.0,10.373218536376951,258955200
1296691200.0,10.346708297729492,393797600
1296777600.0,10.438897132873535,321840400
1297036800.0,10.600979804992676,485021600
1297123200.0,10.70099639892578,381040800
1297209600.0,10.790173530578612,482745200
1297296000.0,10.681117057800291,928550000
1297382400.0,10.750707626342772,367572800
1297641600.0,10.820903778076172,310416400
1297728000.0,10.842592239379885,284174800
1297814400.0,10.939905166625977,481157600
1297900800.0,10.794391632080078,530583200
1297987200.0,10.561208724975586,816057200
1298332800.0,10.20119857788086,872555600
1298419200.0,10.32200527191162,671854400
1298505600.0,10.329839706420898,499900800
1298592000.0,10.488906860351562,380018800
1298851200.0,10.641046524047852,403074000
1298937600.0,10.523553848266602,456136800
1299024000.0,10.608206748962402,602590800
1299110400.0,10.832354545593262,500788400
1299196800.0,10.845605850219728,453266800
1299456000.0,10.705820083618164,546123200
1299542400.0,10.71786880493164,356316800
1299628800.0,10.61875343322754,453306000
1299715200.0,10.44402027130127,507539200
1299801600.0,10.604290008544922,471080400
1300060800.0,10.65158748626709,435957200
1300147200.0,10.406661987304688,721081200
1300233600.0,9.94210720062256,1162011200
1300320000.0,10.081594467163086,659422400
1300406400.0,9.961990356445312,753214000
1300665600.0,10.221985816955566,409402000
1300752000.0,10.279223442077637,325922800
1300838400.0,10.218669891357422,372996400
1300924800.0,10.392803192138672,404712000
1301011200.0,10.59073543548584,448910000
1301270400.0,10.557594299316406,309355200
1301356800.0,10.573262214660645,352900800
1301443200.0,10.503066062927246,329406000
1301529600.0,10.499448776245115,274019200
1301616000.0,10.380449295043944,418661600
1301875200.0,10.278921127319336,460084800
1301961600.0,10.209633827209473,482731200
1302048000.0,10.184025764465332,402539200
1302134400.0,10.185229301452637,373447200
1302220800.0,10.09424877166748,377535200
1302480000.0,9.965909957885742,398946800
1302566400.0,10.01410961151123,425639200
1302652800.0,10.126482009887695,346220000
1302739200.0,10.014708518981934,301800800
1302825600.0,9.86528778076172,453605600
1303084800.0,9.997539520263672,609898800
1303171200.0,10.178604125976562,419378400
1303257600.0,10.315679550170898,700666400
1303344000.0,10.56542682647705,753810400
1303689600.0,10.635021209716797,266546000
1303776000.0,10.556995391845703,338800000
1303862400.0,10.548857688903809,356213200
1303948800.0,10.446428298950195,360959200
1304035200.0,10.548258781433104,1006345200
1304294400.0,10.432266235351562,442713600
1304380800.0,10.4901123046875,313348000
1304467200.0,10.53138542175293,389250400
1304553600.0,10.446428298950195,335969200
1304640000.0,10.443714141845703,280134400
1304899200.0,10.472033500671388,204747200
1304985600.0,10.527769088745115,282091600
1305072000.0,10.460887908935549,336000000
1305158400.0,10.44100570678711,322000000
1305244800.0,10.258135795593262,326116000
1305504000.0,10.041224479675291,449775200
1305590400.0,10.126782417297363,452334400
1305676800.0,10.239158630371094,334776400
1305763200.0,10.259039878845217,261170000
1305849600.0,10.099065780639648,337968400
1306108800.0,10.07436752319336,383600000
1306195200.0,10.00778579711914,321927200
1306281600.0,10.146066665649414,294224000
1306368000.0,10.092439651489258,222560800
1306454400.0,10.165045738220217,203599200
1306800000.0,10.478964805603027,417754400
1306886400.0,10.409070014953612,554682800
1306972800.0,10.426849365234377,338783200
1307059200.0,10.346708297729492,313250000
1307318400.0,10.184025764465332,461941200
1307404800.0,10.00326442718506,529785200
1307491200.0,10.009288787841797,333723600
1307577600.0,9.986696243286133,275088800
1307664000.0,9.818285942077637,433955200
1307923200.0,9.839373588562012,329473200
1308009600.0,10.01531219482422,334569200
1308096000.0,9.843894958496094,399196000
1308182400.0,9.795995712280272,510591200
1308268800.0,9.6483736038208,615020000
1308528000.0,9.49954891204834,640645600
1308614400.0,9.800212860107422,493382400
1308700800.0,9.719172477722168,390583200
1308787200.0,9.978863716125488,559759200
1308873600.0,9.831843376159668,439807200
1309132800.0,10.00326442718506,339813600
1309219200.0,10.10027313232422,294299600
1309305600.0,10.063519477844238,352545200
1309392000.0,10.112624168395996,322954800
1309478400.0,10.341282844543455,435313200
1309824000.0,10.527166366577148,355054000
1309910400.0,10.59736442565918,444626000
1309996800.0,10.761253356933594,399663600
1310083200.0,10.836869239807127,489633200
1310342400.0,10.66484546661377,442674400
1310428800.0,10.65731716156006,451609200
1310515200.0,10.785955429077148,391638800
1310601600.0,10.778424263000488,430533600
1310688000.0,10.993825912475586,484467200
1310947200.0,11.26135540008545,572653200
1311033600.0,11.353242874145508,819145600
1311120000.0,11.656012535095217,941340400
1311206400.0,11.667764663696287,526534400
1311292800.0,11.848828315734863,516728800
1311552000.0,12.005483627319336,589806000
1311638400.0,12.153406143188477,476582400
1311724800.0,11.827433586120604,659324400
1311811200.0,11.804242134094238,594034000
1311897600.0,11.76386833190918,632584400
1312156800.0,11.952764511108398,612836000
1312243200.0,11.71656894683838,639539600
1312329600.0,11.826833724975586,732508000
1312416000.0,11.36890697479248,871407600
1312502400.0,11.255928993225098,1204590800
1312761600.0,10.641046524047852,1143833600
1312848000.0,11.267682075500488,1082583600
1312934400.0,10.956774711608888,878656800
1313020800.0,11.258345603942873,741969200
1313107200.0,11.357460021972656,528976000
1313366400.0,11.550873756408691,460544000
1313452800.0,11.462600708007812,498750000
1313539200.0,11.461398124694824,442061200
1313625600.0,11.027874946594238,851435200
1313712000.0,10.726001739501951,775888400
1313971200.0,10.73835563659668,535315200
1314057600.0,11.255328178405762,656835200
1314144000.0,11.333054542541504,626267600
1314230400.0,11.258944511413574,871346000
1314316800.0,11.555994033813477,641477200
1314576000.0,11.748501777648926,405269200
1314662400.0,11.749106407165527,417922400
1314748800.0,11.59364891052246,522586400
1314835200.0,11.479174613952637,343725200
1314921600.0,11.26888656616211,438939200
1315267200.0,11.440306663513184,509698000
1315353600.0,11.566536903381348,350576800
1315440000.0,11.572867393493652,416158400
1315526400.0,11.372220993041992,564813200
1315785600.0,11.446331024169922,467832400
1315872000.0,11.587325096130373,440560400
1315958400.0,11.728316307067873,534724400
1316044800.0,11.838578224182127,417818800
1316131200.0,12.0657377243042,698513200
1316390400.0,12.401046752929688,823860800
1316476800.0,12.455876350402832,775754000
1316563200.0,12.41641330718994,605976000
1316649600.0,12.105504989624023,968480800
1316736000.0,12.180219650268556,546277200
1316995200.0,12.146174430847168,812876400
1317081600.0,12.028380393981934,632497600
1317168000.0,11.960596084594728,429637600
1317254400.0,11.766579627990724,651086800
1317340800.0,11.487908363342283,547640800
1317600000.0,11.285455703735352,669099200
1317686400.0,11.22219181060791,1233677200
1317772800.0,11.39542007446289,786469600
1317859200.0,11.36890697479248,812582400
1317945600.0,11.14084815979004,535458000
1318204800.0,11.71355438232422,442514800
1318291200.0,12.059410095214844,605687600
1318377600.0,12.116652488708496,622286000
1318464000.0,12.30463981628418,426185200
1318550400.0,12.71346664428711,573367200
1318809600.0,12.652908325195312,686044800
1318896000.0,12.72069263458252,881602400
1318982400.0,12.009100914001465,1104059600
1319068800.0,11.909380912780762,549270400
1319155200.0,11.835867881774902,621244400
1319414400.0,12.224505424499512,502138000
1319500800.0,11.983490943908691,430427200
1319587200.0,12.06874942779541,456304800
1319673600.0,12.191969871520996,494664800
1319760000.0,12.199799537658691,322842800
1320019200.0,12.194679260253906,385501200
1320105600.0,11.945530891418455,531790000
1320192000.0,11.972644805908203,327350800
1320278400.0,12.143163681030272,441386400
1320364800.0,12.057901382446287,302229200
1320624000.0,12.042540550231934,270275600
1320710400.0,12.238362312316896,400442000
1320796800.0,11.908474922180176,558684000
1320883200.0,11.605401039123535,744752400
1320969600.0,11.587325096130373,653786000
1321228800.0,11.425846099853516,432905200
1321315200.0,11.714158058166504,430810800
1321401600.0,11.591843605041504,349210400
1321488000.0,11.370113372802734,479900400
1321574400.0,11.295697212219238,371938000
1321833600.0,11.11704921722412,447980400
1321920000.0,11.342995643615724,409021200
1322006400.0,11.056191444396973,428271200
1322179200.0,10.953161239624023,254760800
1322438400.0,11.331247329711914,346413200
1322524800.0,11.24327564239502,375855200
1322611200.0,11.514416694641112,405938400
1322697600.0,11.687047004699709,387181200
1322784000.0,11.74036693572998,379055600
1323043200.0,11.840089797973633,357210000
1323129600.0,11.778027534484863,283598000
1323216000.0,11.721990585327148,304746400
1323302400.0,11.769291877746582,376356400
1323388800.0,11.858465194702148,296993200
1323648000.0,11.804841995239258,301067200
1323734400.0,11.71355438232422,338928800
1323820800.0,11.453864097595217,406887600
1323907200.0,11.41620922088623,256200000
1323993600.0,11.478867530822754,421478400
1324252800.0,11.514718055725098,235530400
1324339200.0,11.928656578063965,337215200
1324425600.0,11.943730354309082,262948000
1324512000.0,12.006988525390623,202358800
1324598400.0,12.150997161865234,269399200
1324944000.0,12.24740219116211,265076000
1325030400.0,12.130207061767578,228662000
1325116800.0,12.204922676086426,215978000
1325203200.0,12.201302528381348,179662000
1325548800.0,12.388996124267578,302220800
1325635200.0,12.455577850341797,260022000
1325721600.0,12.593856811523438,271269600
1325808000.0,12.725510597229004,318292800
1326067200.0,12.70532512664795,394024400
1326153600.0,12.750818252563477,258196400
1326240000.0,12.73003101348877,215084800
1326326400.0,12.695083618164062,212587200
1326412800.0,12.647482872009276,226021600
1326758400.0,12.794801712036133,242897200
1326844800.0,12.927660942077637,276791200
1326931200.0,12.886691093444824,261738400
1327017600.0,12.662240982055664,413974400
1327276800.0,12.876446723937988,306062400
1327363200.0,12.66556167602539,547638000
1327449600.0,13.45638370513916,958314000
1327536000.0,13.395228385925291,323985200
1327622400.0,13.47506332397461,299709200
1327881600.0,13.647689819335938,379341200
1327968000.0,13.752232551574709,391683600
1328054400.0,13.74349308013916,270046000
1328140800.0,13.711257934570312,186796400
1328227200.0,13.848636627197266,286599600
1328486400.0,13.977879524230955,249412800
1328572800.0,14.124297142028809,316223600
1328659200.0,14.36078929901123,407890000
1328745600.0,14.85757827758789,884214800
1328832000.0,14.865108489990234,631302000
1329091200.0,15.141671180725098,517216000
1329177600.0,15.348336219787598,460398400
1329264000.0,14.993144035339355,1506120000
1329350400.0,15.129922866821287,944552000
1329436800.0,15.127208709716797,535805200
1329782400.0,15.51072120666504,605595200
1329868800.0,15.45619773864746,483302400
1329955200.0,15.557117462158203,568027600
1330041600.0,15.738487243652344,415072000
1330300800.0,15.839409828186035,547582000
1330387200.0,16.130126953125,600387200
1330473600.0,16.341920852661133,952011200
1330560000.0,16.403074264526367,683270000
1330646400.0,16.424463272094727,431712400
1330905600.0,16.062335968017578,809124400
1330992000.0,15.974980354309082,810238800
1331078400.0,15.987934112548828,798520800
1331164800.0,16.328359603881836,516457200
1331251200.0,16.42416000366211,418919200
1331510400.0,16.629924774169922,407282400
1331596800.0,17.114971160888672,690855200
1331683200.0,17.76209831237793,1418844000
1331769600.0,17.640975952148438,1159718000
1331856000.0,17.641281127929688,825487600
1332115200.0,18.109149932861328,901236000
1332201600.0,18.25556755065918,816662000
1332288000.0,18.15133285522461,644042000
1332374400.0,18.056127548217773,623870800
1332460800.0,17.95701026916504,430488800
1332720000.0,18.286296844482425,595742000
1332806400.0,18.51223564147949,607129600
1332892800.0,18.60684585571289,655460400
1332979200.0,18.3730583190918,608238400
1333065600.0,18.06245231628418,731038000
1333324800.0,18.63727378845215,598351600
1333411200.0,18.959327697753903,834559600
1333497600.0,18.808385848999023,572980800
1333584000.0,19.09068298339844,641298000
1333929600.0,19.16749763488769,597536800
1334016000.0,18.93281936645508,889725200
1334102400.0,18.865333557128903,696614800
1334188800.0,18.761993408203125,614336800
1334275200.0,18.233570098876957,859644800
1334534400.0,17.47739028930664,1050786800
1334620800.0,18.36823844909668,1025528000
1334707200.0,18.327266693115234,954531200
1334793600.0,17.697616577148438,834719200
1334880000.0,17.26198387145996,1030985200
1335139200.0,17.22342300415039,966529200
1335225600.0,16.879377365112305,1076149200
1335312000.0,18.37727928161621,905777600
1335398400.0,18.307981491088867,536068400
1335484800.0,18.166393280029297,406722400
1335744000.0,17.593381881713867,506144800
1335830400.0,17.537641525268555,610999200
1335916800.0,17.653635025024414,427389200
1336003200.0,17.528308868408203,390549600
1336089600.0,17.029111862182617,529992400
1336348800.0,17.156543731689453,460118400
1336435200.0,17.117382049560547,497252000
1336521600.0,17.147502899169922,480704000
1336608000.0,17.1878719329834,333200000
1336694400.0,17.073087692260742,399546000
1336953600.0,16.817319869995117,352626400
1337040000.0,16.665178298950195,476336000
1337126400.0,16.451583862304688,560896000
1337212800.0,15.97075653076172,717220000
1337299200.0,15.978591918945312,732292400
1337558400.0,16.909502029418945,631106000
1337644800.0,16.779661178588867,694870400
1337731200.0,17.189083099365234,584897600
1337817600.0,17.03121566772461,496230000
1337904000.0,16.9399356842041,328507200
1338249600.0,17.240602493286133,380508800
1338336000.0,17.448476791381836,529429600
1338422400.0,17.405088424682617,491674400
1338508800.0,16.90076446533203,520987600
1338768000.0,17.00019073486328,556995600
1338854400.0,16.956195831298828,388214400
1338940800.0,17.21619987487793,401455600
1339027200.0,17.224029541015625,379766800
1339113600.0,17.483116149902344,347516400
1339372800.0,17.20746421813965,591264800
1339459200.0,17.3577880859375,435380400
1339545600.0,17.23728370666504,293580000
1339632000.0,17.21830177307129,345573200
1339718400.0,17.296628952026367,335255200
1339977600.0,17.647611618041992,440412000
1340064000.0,17.696712493896484,361404400
1340150400.0,17.646408081054688,358943200
1340236800.0,17.403278350830078,326351200
1340323200.0,17.536741256713867,284471600
1340582400.0,17.195417404174805,304382400
1340668800.0,17.233362197875977,276536400
1340755200.0,17.307781219482422,202997200
1340841600.0,17.14359474182129,282836400
1340928000.0,17.593978881835938,421500800
1341187200.0,17.85066795349121,400092000
1341273600.0,18.05823516845703,241712800
1341446400.0,18.375473022460938,484383200
1341532800.0,18.253154754638672,418930400
1341792000.0,18.494474411010746,379405600
1341878400.0,18.32334899902344,511957600
1341964800.0,18.2094783782959,469322000
1342051200.0,18.04287338256836,428041600
1342137600.0,18.225740432739254,311427200
1342396800.0,18.2841911315918,301260400
1342483200.0,18.28509330749512,293624800
1342569600.0,18.264604568481445,252700000
1342656000.0,18.507421493530277,436861600
1342742400.0,18.205554962158203,397471200
1343001600.0,18.191404342651367,487975600
1343088000.0,18.10372734069824,565132400
1343174400.0,17.321943283081055,877312800
1343260800.0,17.31922721862793,406632800
1343347200.0,17.628931045532227,403936400
1343606400.0,17.9262752532959,379142400
1343692800.0,18.400177001953125,462327600
1343779200.0,18.281169891357425,384501600
1343865600.0,18.310699462890625,332158400
1343952000.0,18.54899787902832,344920800
1344211200.0,18.75536346435547,302103200
1344297600.0,18.705961227416992,290446800
1344384000.0,18.674325942993164,244706000
1344470400.0,18.78082847595215,221642400
1344556800.0,18.81017303466797,194938800
1344816000.0,19.061302185058597,278832400
1344902400.0,19.1124324798584,340169200
1344988800.0,19.08641242980957,257342400
1345075200.0,19.25312614440918,254534000
1345161600.0,19.609241485595703,442761200
1345420800.0,20.124805450439453,613384800
1345507200.0,19.84977912902832,812719600
1345593600.0,20.237348556518555,565322800
1345680000.0,20.04855728149414,420128800
1345766400.0,20.066408157348636,437340400
1346025600.0,20.44339942932129,427008400
1346112000.0,20.416770935058597,267416800
1346198400.0,20.37652969360352,202806800
1346284800.0,20.086076736450195,302699600
1346371200.0,20.12752723693848,338321200
1346716800.0,20.42191505432129,367892000
1346803200.0,20.27850914001465,336375200
1346889600.0,20.46125221252441,391196400
1346976000.0,20.58741950988769,329666400
1347235200.0,20.051881790161133,487998000
1347321600.0,19.986835479736328,503983200
1347408000.0,20.265186309814453,712233200
1347494400.0,20.664262771606445,598360000
1347580800.0,20.915401458740234,600474000
1347840000.0,21.17256546020508,398031200
1347926400.0,21.23700714111328,373503200
1348012800.0,21.242759704589844,326874800
1348099200.0,21.139890670776367,336568400
1348185600.0,21.181943893432617,571589200
1348444800.0,20.90056610107422,639766400
1348531200.0,20.378650665283203,518789600
1348617600.0,20.12570571899414,576503200
1348704000.0,20.61403465270996,594090000
1348790400.0,20.183801651000977,535110800
1349049600.0,19.95052719116211,543594800
1349136000.0,20.008621215820312,627992400
1349222400.0,20.315418243408203,424281200
1349308800.0,20.17472267150879,370725600
1349395200.0,19.74478912353516,594006000
1349654400.0,19.30849266052246,637994000
1349740800.0,19.238300323486328,838597200
1349827200.0,19.39139175415039,510356000
1349913600.0,19.003814697265625,546081200
1350000000.0,19.052526473999023,460014800
1350259200.0,19.205322265625,432502000
1350345600.0,19.66007232666016,549771600
1350432000.0,19.50333595275879,389037600
1350518400.0,19.14118003845215,476624400
1350604800.0,18.451343536376957,744086000
1350864000.0,19.18323516845703,546730800
1350950400.0,18.557842254638672,707145600
1351036800.0,18.662826538085938,558527200
1351123200.0,18.442262649536133,656325600
1351209600.0,18.27465057373047,1018432800
1351641600.0,18.012022018432617,510003200
1351728000.0,18.04893112182617,361298000
1351814400.0,17.45168113708496,599373600
1352073600.0,17.688283920288086,529135600
1352160000.0,17.634721755981445,374917200
1352246400.0,16.959980010986328,793648800
1352332800.0,16.34450340270996,1056146000
1352419200.0,16.627466201782227,929913600
1352678400.0,16.498899459838867,515802000
1352764800.0,16.501026153564453,532949200
1352851200.0,16.318052291870117,477170400
1352937600.0,15.97580623626709,789910800
1353024000.0,16.038423538208008,1266893600
1353283200.0,17.19492530822754,823317600
1353369600.0,17.048419952392578,642754000
1353456000.0,17.072439193725586,373002000
1353628800.0,17.37030029296875,272826400
1353888000.0,17.918306350708008,630579600
1353974400.0,17.77393913269043,533330000
1354060800.0,17.718006134033203,520864400
1354147200.0,17.913137435913086,514698800
1354233600.0,17.78913116455078,391319600
1354492800.0,17.816787719726562,364280000
1354579200.0,17.502521514892578,557068400
1354665600.0,16.3761043548584,1044638000
1354752000.0,16.6329345703125,1177212400
1354838400.0,16.207719802856445,787040800
1355097600.0,16.103471755981445,630484400
1355184000.0,16.45512580871582,592345600
1355270400.0,16.382482528686523,487144000
1355356800.0,16.099515914916992,625259600
1355443200.0,15.494669914245604,1009579200
1355702400.0,15.76943302154541,757607200
1355788800.0,16.227479934692383,625685200
1355875200.0,15.996787071228027,449369200
1355961600.0,15.857580184936523,481689600
1356048000.0,15.784639358520508,596268400
1356307200.0,15.810157775878906,175753200
1356480000.0,15.592233657836914,302436400
1356566400.0,15.654848098754885,455120400
1356652800.0,15.48859405517578,354278400
1356912000.0,16.174894332885742,659492400
1357084800.0,16.687339782714844,560518000
1357171200.0,16.476709365844727,352965200
1357257600.0,16.017759323120117,594333600
1357516800.0,15.92353343963623,484156400
1357603200.0,15.966391563415527,458707200
1357689600.0,15.716861724853516,407604400
1357776000.0,15.9116792678833,601146000
1357862400.0,15.814123153686523,350506800
1358121600.0,15.250308990478516,734207600
1358208000.0,14.769163131713867,876772400
1358294400.0,15.382214546203612,690804800
1358380800.0,15.278569221496582,453678400
1358467200.0,15.197113990783691,472922800
1358812800.0,15.34209442138672,461546400
1358899200.0,15.622939109802246,861509600
1358985600.0,13.692599296569824,1460852400
1359072000.0,13.369812965393066,1208026400
1359331200.0,13.672234535217283,785517600
1359417600.0,13.92876148223877,571158000
1359504000.0,13.884997367858888,417155200
1359590400.0,13.844265937805176,319334400
1359676800.0,13.787428855895996,539484400
1359936000.0,13.44397258758545,477117200
1360022400.0,13.915693283081056,573347600
1360108800.0,13.900797843933104,593706400
1360195200.0,14.314125061035156,704580800
1360281600.0,14.52078342437744,633158400
1360540800.0,14.672112464904783,517490400
1360627200.0,14.30434226989746,609053200
1360713600.0,14.27713394165039,475207600
1360800000.0,14.264297485351562,355275200
1360886400.0,14.067721366882324,391745200
1361232000.0,14.062519073486328,435783600
1361318400.0,13.72195529937744,476302400
1361404800.0,13.636663436889648,447182400
1361491200.0,13.781877517700195,330654800
1361750400.0,13.537001609802246,372579200
1361836800.0,13.725628852844238,501499600
1361923200.0,13.591115951538086,587350400
1362009600.0,13.49420166015625,322515200
1362096000.0,13.160058975219728,552448400
1362355200.0,12.84150218963623,582755600
1362441600.0,13.180540084838867,638433600
1362528000.0,13.013005256652832,460250000
1362614400.0,13.16341781616211,468473600
1362700800.0,13.198272705078123,391482000
1362960000.0,13.386281967163086,474236000
1363046400.0,13.097692489624023,465911600
1363132800.0,13.095240592956545,405549200
1363219200.0,13.222115516662598,303875600
1363305600.0,13.563288688659668,643960800
1363564800.0,13.93198013305664,606197200
1363651200.0,13.89438247680664,526775200
1363737600.0,13.82070541381836,308660800
1363824000.0,13.840576171875,383255600
1363910400.0,14.121220588684082,395105200
1364169600.0,14.172268867492676,501135600
1364256000.0,14.097679138183594,294294000
1364342400.0,13.82070541381836,331237200
1364428800.0,13.532718658447266,442839600
1364774400.0,13.112363815307615,389732000
1364860800.0,13.139267921447754,529519200
1364947200.0,13.20652675628662,363216000
1365033600.0,13.075982093811035,358447600
1365120000.0,12.937803268432615,383695200
1365379200.0,13.029823303222656,300829200
1365465600.0,13.053363800048828,306614000
1365552000.0,13.319637298583984,375928000
1365638400.0,13.278061866760254,328364400
1365724800.0,13.139570236206056,238613200
1365984000.0,12.835387229919434,317520000
1366070400.0,13.030739784240724,305771200
1366156800.0,12.314143180847168,945056000
1366243200.0,11.985503196716309,666299200
1366329600.0,11.939035415649414,609274400
1366588800.0,12.187885284423828,429920400
1366675200.0,12.415949821472168,664238400
1366761600.0,12.395464897155762,969651200
1366848000.0,12.484734535217283,384837600
1366934400.0,12.75437355041504,764097600
1367193600.0,13.149353981018066,640326400
1367280000.0,13.536389350891112,691538400
1367366400.0,13.429694175720217,506909200
1367452800.0,13.620158195495604,421828400
1367539200.0,13.75650405883789,361300800
1367798400.0,14.08453369140625,496641600
1367884800.0,14.02186679840088,483753200
1367971200.0,14.180220603942873,472598000
1368057600.0,14.056509971618652,398487600
1368144000.0,13.939570426940918,334852000
1368403200.0,13.994040489196776,316948800
1368489600.0,13.659225463867188,447118000
1368576000.0,13.197312355041504,741613600
1368662400.0,13.373642921447754,603204000
1368748800.0,13.33302116394043,427904400
1369008000.0,13.630605697631836,451578400
1369094400.0,13.529972076416016,456022000
1369180800.0,13.58198356628418,443038400
1369267200.0,13.606294631958008,353021200
1369353600.0,13.698920249938965,276166800
1369699200.0,13.58475112915039,386145200
1369785600.0,13.69276523590088,330576400
1369872000.0,13.896794319152832,353519600
1369958400.0,13.839865684509276,384302800
1370217600.0,13.870328903198242,372352400
1370304000.0,13.826942443847656,292728800
1370390400.0,13.6976900100708,290589600
1370476800.0,13.49304485321045,416934000
1370563200.0,13.59613800048828,404535600
1370822400.0,13.50627613067627,450153200
1370908800.0,13.466578483581545,286112400
1370995200.0,13.300092697143556,265227200
1371081600.0,13.416111946105955,285832400
1371168000.0,13.23423957824707,271866000
1371427200.0,13.2942476272583,259414400
1371513600.0,13.287171363830566,195025600
1371600000.0,13.017284393310549,310940000
1371686400.0,12.827717781066896,357310800
1371772800.0,12.724932670593262,481118400
1372032000.0,12.38765811920166,480746000
1372118400.0,12.390425682067873,314162800
1372204800.0,12.250096321105955,367724000
1372291200.0,12.118077278137209,337246000
1372377600.0,12.202704429626465,578516400
1372636800.0,12.593223571777344,391053600
1372723200.0,12.878493309020996,469865200
1372809600.0,12.949578285217283,240928800
1372982400.0,12.845563888549805,274024800
1373241600.0,12.772631645202637,298138400
1373328000.0,12.997279167175291,352584400
1373414400.0,12.947427749633787,281405600
1373500800.0,13.149307250976562,326292400
1373587200.0,13.125299453735352,279563200
1373846400.0,13.153921127319336,241917200
1373932800.0,13.238856315612791,216538000
1374019200.0,13.24224090576172,198990400
1374105600.0,13.286861419677734,218878800
1374192000.0,13.077292442321776,268721600
1374451200.0,13.119147300720217,207796400
1374537600.0,12.893881797790527,369395600
1374624000.0,13.55613136291504,591936800
1374710400.0,13.49427604675293,229493600
1374796800.0,13.570904731750488,200152400
1375056000.0,13.780163764953612,248057600
1375142400.0,13.950342178344728,309422400
1375228800.0,13.926029205322266,322957600
1375315200.0,14.053739547729492,206250800
1375401600.0,14.234075546264648,274783600
1375660800.0,14.446721076965332,318855600
1375747200.0,14.317472457885742,334857600
1375833600.0,14.309163093566896,298858000
1375920000.0,14.280662536621094,255777200
1376006400.0,14.0774564743042,266865200
1376265600.0,14.477367401123049,364434000
1376352000.0,15.165369033813477,881941200
1376438400.0,15.441994667053224,756372400
1376524800.0,15.423709869384766,490294000
1376611200.0,15.560629844665527,362306000
1376870400.0,15.728216171264648,510518400
1376956800.0,15.52160358428955,358688400
1377043200.0,15.561561584472656,335879600
1377129600.0,15.5801420211792,244207600
1377216000.0,15.520055770874023,222731600
1377475200.0,15.58046054840088,330965600
1377561600.0,15.13500690460205,424188800
1377648000.0,15.20656967163086,307608000
1377734400.0,15.231342315673828,239657600
1377820800.0,15.092568397521973,272297200
1378166400.0,15.134700775146484,331928800
1378252800.0,15.4478759765625,345032800
1378339200.0,15.341927528381348,236367600
1378425600.0,15.433320999145508,359525600
1378684800.0,15.679579734802246,340687200
1378771200.0,15.322415351867676,743195600
1378857600.0,14.488215446472168,898696400
1378944000.0,14.642477989196776,404051200
1379030400.0,14.401165962219238,298835600
1379289600.0,13.943326950073242,543706800
1379376000.0,14.104405403137209,399380800
1379462400.0,14.394351959228516,456862000
1379548800.0,14.630395889282228,404541200
1379635200.0,14.478920936584473,699302800
1379894400.0,15.198516845703123,762106800
1379980800.0,15.15080451965332,364344400
1380067200.0,14.916309356689451,316957200
1380153600.0,15.06159210205078,237221600
1380240000.0,14.954099655151367,228040400
1380499200.0,14.76824188232422,260156400
1380585600.0,15.115492820739746,353883600
1380672000.0,15.16505527496338,289184000
1380758400.0,14.974553108215332,322753200
1380844800.0,14.962780952453612,258868400
1381104000.0,15.108989715576172,312292400
1381190400.0,14.898036003112791,290917200
1381276800.0,15.073050498962402,301725200
1381363200.0,15.167535781860352,278602800
1381449600.0,15.26573085784912,267738800
1381708800.0,15.365784645080566,261898000
1381795200.0,15.447559356689451,320073600
1381881600.0,15.52284049987793,251101200
1381968000.0,15.627852439880373,253593200
1382054400.0,15.763836860656738,290542000
1382313600.0,16.150117874145508,398106800
1382400000.0,16.10396385192871,534063600
1382486400.0,16.261638641357422,313723200
1382572800.0,16.476926803588867,384764800
1382659200.0,16.292613983154297,337792000
1382918400.0,16.414043426513672,550440800
1383004800.0,16.005149841308594,635807200
1383091200.0,16.259782791137695,354163600
1383177600.0,16.191633224487305,275696400
1383264000.0,16.10892677307129,274890000
1383523200.0,16.31708526611328,244627600
1383609600.0,16.27681541442871,265213200
1383696000.0,16.230701446533203,223375600
1383782400.0,15.968045234680176,262620400
1383868800.0,16.219493865966797,279316800
1384128000.0,16.172433853149414,227452400
1384214400.0,16.20235824584961,204276800
1384300800.0,16.22167205810547,197220800
1384387200.0,16.45629119873047,282419200
1384473600.0,16.357519149780273,317920400
1384732800.0,16.15935516357422,244944000
1384819200.0,16.188016891479492,208938800
1384905600.0,16.046247482299805,193916800
1384992000.0,16.23756217956543,262026800
1385078400.0,16.195804595947266,223725600
1385337600.0,16.31856918334961,229311600
1385424000.0,16.61955451965332,401382800
1385510400.0,17.010896682739258,363448400
1385683200.0,17.325910568237305,318127600
1385942400.0,17.175100326538086,472544800
1386028800.0,17.645280838012695,450968000
1386115200.0,17.604145050048828,377809600
1386201600.0,17.69449806213379,447580000
1386288000.0,17.448976516723633,344352400
1386547200.0,17.6486873626709,320493600
1386633600.0,17.62127685546875,278269600
1386720000.0,17.49072265625,359718800
1386806400.0,17.465179443359375,262290000
1386892800.0,17.274803161621094,332822000
1387152000.0,17.370460510253906,282592800
1387238400.0,17.292247772216797,229902400
1387324800.0,17.160768508911133,565863200
1387411200.0,16.964155197143555,320308800
1387497600.0,17.106237411499023,436413600
1387756800.0,17.762737274169922,501306400
1387843200.0,17.687332153320312,167554800
1388016000.0,17.56986427307129,204008000
1388102400.0,17.451156616210938,225884400
1388361600.0,17.277606964111328,253629600
1388448000.0,17.48013687133789,223084400
1388620800.0,17.23429298400879,234684800
1388707200.0,16.855731964111328,392467600
1388966400.0,16.94764518737793,412610800
1389052800.0,16.826446533203125,317209200
1389139200.0,16.933000564575195,258529600
1389225600.0,16.716764450073242,279148800
1389312000.0,16.605220794677734,304976000
1389571200.0,16.692153930664062,378492800
1389657600.0,17.024295806884766,332561600
1389744000.0,17.366098403930664,391638800
1389830400.0,17.26919174194336,229278000
1389916800.0,16.8460693359375,426739600
1390262400.0,17.10779571533203,328526800
1390348800.0,17.183826446533203,379985200
1390435200.0,17.329322814941406,403239200
1390521600.0,17.014324188232422,429354800
1390780800.0,17.15235137939453,554878800
1390867200.0,15.781415939331056,1065523200
1390953600.0,15.602252960205078,502810000
1391040000.0,15.572035789489746,678501600
1391126400.0,15.597579956054688,464797200
1391385600.0,15.626550674438477,401464000
1391472000.0,15.852757453918455,376681200
1391558400.0,15.971161842346191,328344800
1391644800.0,16.064260482788086,257765200
1391731200.0,16.28899383544922,370280400
1391990400.0,16.5808048248291,345559200
1392076800.0,16.79927635192871,282256800
1392163200.0,16.798025131225586,308100800
1392249600.0,17.06476593017578,307398000
1392336000.0,17.050973892211914,272924400
1392681600.0,17.113664627075195,260251600
1392768000.0,16.843469619750977,313768000
1392854400.0,16.64850425720215,305858000
1392940800.0,16.463579177856445,278784800
1393200000.0,16.535673141479492,288909600
1393286400.0,16.363590240478516,231952000
1393372800.0,16.21596336364746,276217200
1393459200.0,16.539432525634766,301882000
1393545600.0,16.494613647460938,371968800
1393804800.0,16.542251586914062,238781200
1393891200.0,16.65132713317871,259140000
1393977600.0,16.686433792114258,200062800
1394064000.0,16.635976791381836,185488800
1394150400.0,16.626256942749023,220729600
1394409600.0,16.64130210876465,178584000
1394496000.0,16.80335235595703,279224400
1394582400.0,16.819650650024414,199326400
1394668800.0,16.63283920288086,257742800
1394755200.0,16.446025848388672,237199200
1395014400.0,16.51028060913086,199544800
1395100800.0,16.656343460083008,209647200
1395187200.0,16.651958465576172,224756000
1395273600.0,16.57171630859375,208398400
1395360000.0,16.702415466308594,374046400
1395619200.0,16.900522232055664,355700800
1395705600.0,17.08232307434082,282293200
1395792000.0,16.919008255004883,299768000
1395878400.0,16.846294403076172,222031600
1395964800.0,16.827478408813477,200564000
1396224000.0,16.82372283935547,168669200
1396310400.0,16.97762680053711,200760000
1396396800.0,17.00583839416504,180420800
1396483200.0,16.887981414794922,162344000
1396569600.0,16.66951560974121,275251200
1396828800.0,16.407785415649414,289850400
1396915200.0,16.406850814819336,243888400
1397001600.0,16.62249183654785,206169600
1397088000.0,16.408100128173828,239652000
1397174400.0,16.286800384521484,271717600
1397433600.0,16.3516845703125,205674000
1397520000.0,16.235082626342773,266490000
1397606400.0,16.267988204956055,214765600
1397692800.0,16.453876495361328,284334400
1398038400.0,16.64914321899414,182548800
1398124800.0,16.66575050354004,202563200
1398211200.0,16.44791030883789,394940000
1398297600.0,17.796335220336914,759911600
1398384000.0,17.927045822143555,390275200
1398643200.0,18.621322631835938,669485600
1398729600.0,18.56614875793457,337377600
1398816000.0,18.495943069458008,456640800
1398902400.0,18.539512634277344,244048000
1398988800.0,18.573997497558597,191514400
1399248000.0,18.83665657043457,287067200
1399334400.0,18.63135528564453,374564400
1399420800.0,18.56614875793457,282864400
1399507200.0,18.533056259155277,230297200
1399593600.0,18.455833435058597,291597600
1399852800.0,18.68560791015625,213208800
1399939200.0,18.714921951293945,159737200
1400025600.0,18.718393325805664,166404000
1400112000.0,18.55921745300293,230846000
1400198400.0,18.8331241607666,276256400
1400457600.0,19.056283950805664,317755200
1400544000.0,19.06005859375,234836000
1400630400.0,19.110492706298828,196859600
1400716800.0,19.14075088500977,200760000
1400803200.0,19.35697555541992,232209600
1401148800.0,19.719451904296875,348866000
1401235200.0,19.668386459350582,315481600
1401321600.0,20.026762008666992,376474000
1401408000.0,19.951744079589844,564020800
1401667200.0,19.81464195251465,369350800
1401753600.0,20.094839096069336,292709200
1401840000.0,20.32431030273437,335482000
1401926400.0,20.404052734375,303805600
1402012800.0,20.347938537597656,349938400
1402272000.0,20.673534393310547,301660000
1402358400.0,20.79488754272461,251108000
1402444800.0,20.708837509155277,182724000
1402531200.0,20.36244010925293,218996000
1402617600.0,20.139598846435547,218100000
1402876800.0,20.34258079528809,142244000
1402963200.0,20.316112518310547,118904000
1403049600.0,20.33816909790039,134056000
1403136000.0,20.267566680908203,142112000
1403222400.0,20.05796813964844,403592000
1403481600.0,20.040313720703125,174776000
1403568000.0,19.918960571289062,156144000
1403654400.0,19.93661499023437,147476000
1403740800.0,20.055757522583008,130516000
1403827200.0,20.29404067993164,256116000
1404086400.0,20.503650665283203,197929200
1404172800.0,20.63382148742676,152892000
1404259200.0,20.62499237060547,113860000
1404345600.0,20.7463493347168,91567200
1404691200.0,21.17438507080078,225872000
1404777600.0,21.037582397460938,260888000
1404864000.0,21.046411514282227,145744000
1404950400.0,20.96918296813965,158744000
1405036800.0,21.0089054107666,136072000
1405296000.0,21.280282974243164,171240000
1405382400.0,21.03096389770508,181911600
1405468800.0,20.91181945800781,213585200
1405555200.0,20.53895378112793,229192000
1405641600.0,20.834592819213867,199952000
1405900800.0,20.726491928100582,156316000
1405987200.0,20.898582458496094,220788000
1406073600.0,21.44355583190918,371672000
1406160000.0,21.408246994018555,182916000
1406246400.0,21.549457550048828,173876000
1406505600.0,21.847318649291992,221272000
1406592000.0,21.70610618591309,172572000
1406678400.0,21.655363082885746,132040000
1406764800.0,21.092737197875977,227372000
1406851200.0,21.20968246459961,194044000
1407110400.0,21.090539932250977,159832000
1407196800.0,20.986839294433597,223732000
1407283200.0,20.9515380859375,154232000
1407369600.0,20.94932556152344,186844000
1407456000.0,21.00697135925293,167460000
1407715200.0,21.284135818481445,146340000
1407801600.0,21.27970695495605,135180000
1407888000.0,21.56130599975586,127664000
1407974400.0,21.618955612182617,112464000
1408060800.0,21.72538185119629,195804000
1408320000.0,21.987030029296875,190288000
1408406400.0,22.290807723999023,277596000
1408492800.0,22.299673080444336,210796000
1408579200.0,22.301889419555664,133912000
1408665600.0,22.465974807739254,176736000
1408924800.0,22.514753341674805,161080000
1409011200.0,22.37062263488769,132608000
1409097600.0,22.645580291748047,209476000
1409184000.0,22.672182083129883,273840000
1409270400.0,22.72762107849121,178380000
1409616000.0,22.905010223388672,214256000
1409702400.0,21.938255310058597,501684000
1409788800.0,21.756427764892575,342872000
1409875200.0,21.94490623474121,233828000
1410134400.0,21.80964088439941,185426800
1410220800.0,21.72760772705078,759385200
1410307200.0,22.39501953125,403478400
1410393600.0,22.4903621673584,249412400
1410480000.0,22.541364669799805,250504400
1410739200.0,22.53470993041992,245266000
1410825600.0,22.36397933959961,267632400
1410912000.0,22.52362060546875,243706000
1410998400.0,22.57019424438477,149197600
1411084800.0,22.38615226745605,283609600
1411344000.0,22.40831756591797,211153600
1411430400.0,22.7586669921875,253608800
1411516800.0,22.56131935119629,240687200
1411603200.0,21.70099830627441,400368000
1411689600.0,22.339582443237305,249482000
1411948800.0,22.19767570495605,199065200
1412035200.0,22.339582443237305,221056400
1412121600.0,21.99146842956543,205965200
1412208000.0,22.15111351013184,191031200
1412294400.0,22.08902931213379,173878400
1412553600.0,22.08902931213379,148204800
1412640000.0,21.8961181640625,168376800
1412726400.0,22.35067176818848,229618800
1412812800.0,22.399457931518555,309506000
1412899200.0,22.33514976501465,265326400
1413158400.0,22.131160736083984,214333600
1413244800.0,21.8961181640625,254754400
1413331200.0,21.627824783325195,403734400
1413417600.0,21.344009399414062,288618000
1413504000.0,21.656652450561523,272718800
1413763200.0,22.120073318481445,310069200
1413849600.0,22.72096443176269,378495600
1413936000.0,22.83626747131348,273052400
1414022400.0,23.24425506591797,284298800
1414108800.0,23.33073234558105,188215600
1414368000.0,23.30633544921875,136750800
1414454400.0,23.66776466369629,192243600
1414540800.0,23.80080223083496,210751600
1414627200.0,23.720983505249023,162619200
1414713600.0,23.947145462036133,178557200
1414972800.0,24.257577896118164,209130400
1415059200.0,24.08018684387207,166297600
1415145600.0,24.137840270996094,149743600
1415232000.0,24.20687484741211,139874000
1415318400.0,24.27591133117676,134766000
1415577600.0,24.235824584960938,108782000
1415664000.0,24.42956924438477,109769200
1415750400.0,24.774747848510746,187769600
1415836800.0,25.12437438964844,238091600
1415923200.0,25.42723846435547,176254400
1416182400.0,25.38493156433105,186986800
1416268800.0,25.71451759338379,176896000
1416355200.0,25.536357879638672,167476800
1416441600.0,25.90157699584961,173582000
1416528000.0,25.93721389770508,228717200
1416787200.0,26.418228149414062,189803200
1416873600.0,26.18885040283203,275361600
1416960000.0,26.50062561035156,163073200
1417132800.0,26.48503875732422,99257600
1417392000.0,25.625436782836918,335256000
1417478400.0,25.52745246887207,237395600
1417564800.0,25.81695556640625,172253600
1417651200.0,25.718965530395508,168178000
1417737600.0,25.609851837158203,153275600
1417996800.0,25.03083610534668,230659600
1418083200.0,25.41387367248535,240832000
1418169600.0,24.930633544921875,178261200
1418256000.0,24.85714530944824,165606800
1418342400.0,24.43625259399414,224112400
1418601600.0,24.102205276489254,268872400
1418688000.0,23.772619247436523,243162800
1418774400.0,24.364990234375,213647200
1418860800.0,25.086515426635746,236024800
1418947200.0,24.892772674560547,353719200
1419206400.0,25.151098251342773,180670000
1419292800.0,25.06201934814453,104113600
1419379200.0,24.94399642944336,57918400
1419552000.0,25.38493156433105,134884000
1419811200.0,25.36711311340332,110395600
1419897600.0,25.057565689086918,119526000
1419984000.0,24.58099937438965,165613600
1420156800.0,24.347171783447266,212818400
1420416000.0,23.661266326904297,257142000
1420502400.0,23.663497924804688,263188400
1420588800.0,23.99531936645508,160423600
1420675200.0,24.91727828979492,237458000
1420761600.0,24.94399642944336,214798000
1421020800.0,24.329355239868164,198603200
1421107200.0,24.54537010192871,268367600
1421193600.0,24.45184135437012,195826400
1421280000.0,23.78821182250977,240056000
1421366400.0,23.60337257385254,314053200
1421712000.0,24.21133041381836,199599600
1421798400.0,24.396163940429688,194303600
1421884800.0,25.03083610534668,215185600
1421971200.0,25.16000747680664,185859200
1422230400.0,25.186731338500977,222460000
1422316800.0,24.304861068725582,382274800
1422403200.0,25.678882598876957,585908400
1422489600.0,26.47835731506348,337745600
1422576000.0,26.09087181091309,334982000
1422835200.0,26.418228149414062,250956400
1422921600.0,26.422683715820312,207662800
1423008000.0,26.62533187866211,280598800
1423094400.0,26.81537628173828,168984800
1423180800.0,26.589563369750977,174826400
1423440000.0,26.766185760498047,155559200
1423526400.0,27.280406951904297,248034000
1423612800.0,27.91982078552246,294247200
1423699200.0,28.27307510375977,297898000
1423785600.0,28.411684036254883,217088800
1424131200.0,28.579376220703125,252609600
1424217600.0,28.778345108032227,179566800
1424304000.0,28.717979431152344,149449600
1424390400.0,28.95273208618164,195793600
1424649600.0,29.735239028930664,283896400
1424736000.0,29.5496768951416,276912400
1424822400.0,28.794004440307617,298846800
1424908800.0,29.158416748046875,365150000
1424995200.0,28.720216751098636,248059200
1425254400.0,28.861064910888672,192386800
1425340800.0,28.921430587768555,151265200
1425427200.0,28.738094329833984,126665200
1425513600.0,28.261890411376957,226068400
1425600000.0,28.30436897277832,291368400
1425859200.0,28.42509651184082,354114000
1425945600.0,27.837106704711918,275426400
1426032000.0,27.329587936401367,275756000
1426118400.0,27.82369041442871,193450800
1426204800.0,27.631410598754883,207309200
1426464000.0,27.935474395751957,143497200
1426550400.0,28.40274429321289,204092400
1426636800.0,28.72244644165039,261083600
1426723200.0,28.50558280944824,183238000
1426809600.0,28.147869110107425,274780400
1427068800.0,28.44074440002441,150838800
1427155200.0,28.32449150085449,131369200
1427241600.0,27.58446311950684,206620800
1427328000.0,27.776735305786133,190291600
1427414400.0,27.55539894104004,158184800
1427673600.0,28.25295066833496,188398800
1427760000.0,27.819215774536133,168362400
1427846400.0,27.77897834777832,162485600
1427932800.0,28.01819610595703,128880400
1428278400.0,28.4720516204834,148776000
1428364800.0,28.17246627807617,140049200
1428451200.0,28.08079719543457,149316800
1428537600.0,28.29542732238769,129936000
1428624000.0,28.41615867614746,160752000
1428883200.0,28.360265731811523,145460400
1428969600.0,28.237302780151367,102098400
1429056000.0,28.344614028930664,115881600
1429142400.0,28.208236694335938,113476000
1429228800.0,27.890764236450195,207828000
1429488000.0,28.527944564819336,188217200
1429574400.0,28.373682022094727,129740400
1429660800.0,28.7559871673584,150618000
1429747200.0,28.99073982238769,183083600
1429833600.0,29.12710952758789,178103600
1430092800.0,29.6569881439209,387816800
1430179200.0,29.189722061157227,475696000
1430265600.0,28.760459899902344,253544400
1430352000.0,27.980188369750977,332781600
1430438400.0,28.829769134521484,234050400
1430697600.0,28.77388000488281,203953200
1430784000.0,28.125513076782227,197085600
1430870400.0,27.94889068603516,288564000
1430956800.0,28.12175941467285,175763600
1431043200.0,28.651596069335938,222201600
1431302400.0,28.359737396240234,168143200
1431388800.0,28.25871086120605,192640000
1431475200.0,28.290136337280277,138776800
1431561600.0,28.95018768310547,180814000
1431648000.0,28.909778594970703,152832000
1431907200.0,29.22858047485352,203531600
1431993600.0,29.201637268066406,178532800
1432080000.0,29.199398040771484,145819600
1432166400.0,29.49798583984375,158921600
1432252800.0,29.756162643432617,182384000
1432598400.0,29.100605010986328,282790400
1432684800.0,29.6439151763916,183332800
1432771200.0,29.585542678833008,122933200
1432857600.0,29.248783111572266,203538000
1433116800.0,29.30715560913086,128451200
1433203200.0,29.17694854736328,134670400
1433289600.0,29.212862014770508,123934000
1433376000.0,29.042236328125,153800400
1433462400.0,28.882837295532227,142507200
1433721600.0,28.69200897216797,210699200
1433808000.0,28.60669708251953,224301600
1433894400.0,28.934473037719727,156349200
1433980800.0,28.869369506835938,141563600
1434067200.0,28.550561904907227,147544800
1434326400.0,28.494443893432617,175955600
1434412800.0,28.64710235595703,125976400
1434499200.0,28.579757690429688,131672400
1434585600.0,28.7099666595459,141628800
1434672000.0,28.422595977783203,218867600
1434931200.0,28.649349212646484,136157200
1435017600.0,28.51913452148437,121075600
1435104000.0,28.76160430908203,221123600
1435190400.0,28.62465476989746,127752400
1435276800.0,28.456275939941406,176267200
1435536000.0,27.957860946655277,196645600
1435622400.0,28.159927368164062,177482800
1435708800.0,28.422595977783203,120955200
1435795200.0,28.38667869567871,108844000
1436140800.0,28.28789710998535,112241600
1436227200.0,28.218292236328125,187787200
1436313600.0,27.51783561706543,243046400
1436400000.0,26.956567764282227,314380000
1436486400.0,27.677234649658203,245418000
1436745600.0,28.211566925048828,165762000
1436832000.0,28.200336456298828,127072400
1436918400.0,28.47199440002441,134596800
1437004800.0,28.85140419006348,144889600
1437091200.0,29.100605010986328,184658800
1437350400.0,29.650653839111328,235600800
1437436800.0,29.35429573059082,307025600
1437523200.0,28.112781524658203,461802400
1437609600.0,28.09930992126465,203998000
1437696000.0,27.951133728027344,168649200
1437955200.0,27.562732696533203,177822000
1438041600.0,27.699682235717773,134472400
1438128000.0,27.612123489379883,148046800
1438214400.0,27.47293281555176,134513200
1438300800.0,27.23271369934082,171540000
1438560000.0,26.590621948242188,279904000
1438646400.0,25.737489700317383,496554400
1438732800.0,25.90812110900879,397250400
1438819200.0,25.96449851989746,211612000
1438905600.0,26.052453994750977,154681600
1439164800.0,26.99964714050293,219806400
1439251200.0,25.59464263916016,388331200
1439337600.0,25.98930931091309,404870000
1439424000.0,25.969013214111328,194143200
1439510400.0,26.15168571472168,171718000
1439769600.0,26.422313690185547,163538800
1439856000.0,26.273462295532227,138242800
1439942400.0,25.93743705749512,193146000
1440028800.0,25.405200958251957,274006400
1440115200.0,23.85134696960449,513102000
1440374400.0,23.25596618652344,648825200
1440460800.0,23.395788192749023,414406400
1440547200.0,24.737653732299805,387098400
1440633600.0,25.46609115600586,338464400
1440720000.0,25.549537658691406,212657600
1440979200.0,25.430009841918945,224917200
1441065600.0,24.29336929321289,307383600
1441152000.0,25.335285186767575,247555200
1441238400.0,24.89100456237793,212935600
1441324800.0,24.642934799194336,199985200
1441670400.0,25.328521728515625,219374400
1441756800.0,24.84139060974121,340043200
1441843200.0,25.387155532836918,251571200
1441929600.0,25.757015228271484,199662000
1442188800.0,26.00510025024414,233453600
1442275200.0,26.22385025024414,173364800
1442361600.0,26.25316429138184,148694000
1442448000.0,25.69161796569824,256450400
1442534400.0,25.58561897277832,297141200
1442793600.0,25.9825439453125,200888000
1442880000.0,25.574338912963867,201384800
1442966400.0,25.78182411193848,143026800
1443052800.0,25.9351806640625,200878000
1443139200.0,25.869775772094727,224607600
1443398400.0,25.357839584350582,208436000
1443484800.0,24.59557342529297,293461600
1443571200.0,24.875228881835938,265892000
1443657600.0,24.712852478027344,255716400
1443744000.0,24.893260955810547,232079200
1444003200.0,24.983476638793945,208258800
1444089600.0,25.103002548217773,192787200
1444176000.0,24.983476638793945,187062400
1444262400.0,24.694808959960938,247918400
1444348800.0,25.28567886352539,211064400
1444608000.0,25.168407440185547,121868800
1444694400.0,25.21125602722168,132197200
1444780800.0,24.854923248291016,177849600
1444867200.0,25.227033615112305,150694000
1444953600.0,25.042110443115234,156930400
1445212800.0,25.197723388671875,119036800
1445299200.0,25.657791137695312,195871200
1445385600.0,25.65553474426269,167180800
1445472000.0,26.047941207885746,166616400
1445558400.0,26.85531234741211,237467600
1445817600.0,25.998327255249023,265335200
1445904000.0,25.83369445800781,279537600
1445990400.0,26.898162841796875,342205600
1446076800.0,27.182329177856445,204909200
1446163200.0,26.95003318786621,197461200
1446422400.0,27.328914642333984,128813200
1446508800.0,27.64239501953125,182076000
1446595200.0,27.51384925842285,179544400
1446681600.0,27.387012481689453,158210800
1446768000.0,27.418710708618164,132169200
1447027200.0,27.307741165161133,135485600
1447113600.0,26.447084426879883,236511600
1447200000.0,26.29759788513184,180872000
1447286400.0,26.209266662597656,130102400
1447372800.0,25.4437313079834,183249600
1447632000.0,25.860475540161133,152426800
1447718400.0,25.749500274658203,110467600
1447804800.0,26.56485366821289,186698800
1447891200.0,26.902326583862305,173183200
1447977600.0,27.020099639892575,137148400
1448236800.0,26.66904067993164,129930000
1448323200.0,26.924972534179688,171212800
1448409600.0,26.73246192932129,85553200
1448582400.0,26.68262481689453,52185600
1448841600.0,26.793611526489254,156721200
1448928000.0,26.5761775970459,139409600
1449014400.0,26.33609962463379,133546400
1449100800.0,26.091495513916016,166278000
1449187200.0,26.958940505981445,231108000
1449446400.0,26.789081573486328,128336800
1449532800.0,26.77775382995605,137238000
1449619200.0,26.18661880493164,185445600
1449705600.0,26.311189651489254,116850800
1449792000.0,25.633989334106445,187544800
1450051200.0,25.475446701049805,257274800
1450137600.0,25.024734497070312,213292400
1450224000.0,25.21724510192871,224954000
1450310400.0,24.6827335357666,179091200
1450396800.0,24.01459312438965,385813200
1450656000.0,24.30902671813965,190362400
1450742400.0,24.286380767822266,131157600
1450828800.0,24.598939895629883,130629600
1450915200.0,24.467573165893555,54281600
1451260800.0,24.19351959228516,106816800
1451347200.0,24.62838363647461,123724800
1451433600.0,24.30676651000977,100855200
1451520000.0,23.84020233154297,163649200
1451865600.0,23.860584259033203,270597600
1451952000.0,23.26265525817871,223164000
1452038400.0,22.807409286499023,273829600
1452124800.0,21.84483528137207,324377600
1452211200.0,21.960344314575195,283192000
1452470400.0,22.315933227539062,198957600
1452556800.0,22.639806747436523,196616800
1452643200.0,22.05773162841797,249758400
1452729600.0,22.540149688720703,252680400
1452816000.0,21.99884414672852,319335600
1453161600.0,21.89239501953125,212350800
1453248000.0,21.921831130981445,289337600
1453334400.0,21.81086540222168,208646000
1453420800.0,22.970481872558597,263202000
1453680000.0,22.52203369140625,207178000
1453766400.0,22.6466007232666,300308000
1453852800.0,21.1585693359375,533478800
1453939200.0,21.31031990051269,222715200
1454025600.0,22.046409606933597,257666000
1454284800.0,21.840301513671875,163774000
1454371200.0,21.398653030395508,149428800
1454457600.0,21.82218742370605,183857200
1454544000.0,21.99752426147461,185886800
1454630400.0,21.41001319885254,185672400
1454889600.0,21.635454177856445,216085600
1454976000.0,21.63090133666992,177324800
1455062400.0,21.466941833496094,169374400
1455148800.0,21.337142944335938,200298800
1455235200.0,21.40318489074707,161405600
1455580800.0,22.00664520263672,196231600
1455667200.0,22.343656539916992,179452800
1455753600.0,21.92010498046875,156084000
1455840000.0,21.86999893188477,141496800
1456099200.0,22.06128692626953,137123200
1456185600.0,21.56258583068848,127770400
1456272000.0,21.883665084838867,145022800
1456358400.0,22.03396415710449,110330800
1456444800.0,22.068119049072266,115964400
1456704000.0,22.018022537231445,140865200
1456790400.0,22.89245986938477,201628400
1456876800.0,22.942550659179688,132678400
1456963200.0,23.113344192504883,147822800
1457049600.0,23.457202911376957,184220400
1457308800.0,23.197593688964844,143315600
1457395200.0,23.006319046020508,126247600
1457481600.0,23.026805877685547,108806800
1457568000.0,23.03819465637207,134054400
1457654400.0,23.28640937805176,109632800
1457913600.0,23.34561920166016,100304400
1458000000.0,23.81471061706543,160270800
1458086400.0,24.131235122680664,153214000
1458172800.0,24.092529296875,137682800
1458259200.0,24.11985206604004,176820800
1458518400.0,24.11757469177246,142010800
1458604800.0,24.302026748657227,129777600
1458691200.0,24.16767120361328,102814000
1458777600.0,24.06292533874512,104532000
1459123200.0,23.95362091064453,77645600
1459209600.0,24.5206356048584,124760400
1459296000.0,24.94874763488769,182404400
1459382400.0,24.818944931030277,103553600
1459468800.0,25.04666519165039,103496000
1459728000.0,25.303979873657227,149424800
1459814400.0,25.00567626953125,106314800
1459900800.0,25.267547607421875,105616400
1459987200.0,24.71647453308105,127207600
1460073600.0,24.74380111694336,94326800
1460332800.0,24.82578468322754,117630000
1460419200.0,25.14913749694824,108929200
1460505600.0,25.51348304748535,133029200
1460592000.0,25.527145385742188,101895600
1460678400.0,25.01478385925293,187756000
1460937600.0,24.4750919342041,243286000
1461024000.0,24.34529685974121,129539600
1461110400.0,24.395395278930664,122444000
1461196800.0,24.131235122680664,126210000
1461283200.0,24.065204620361328,134732400
1461542400.0,23.928579330444336,112126400
1461628800.0,23.762340545654297,224064800
1461715200.0,22.275346755981445,458408400
1461801600.0,21.59446144104004,328970800
1461888000.0,21.34625816345215,274126000
1462147200.0,21.32347869873047,192640400
1462233600.0,21.674165725708008,227325200
1462320000.0,21.448734283447266,164102000
1462406400.0,21.36166381835937,143562000
1462492800.0,21.24253463745117,174799600
1462752000.0,21.258569717407227,131745600
1462838400.0,21.40290260314941,134747200
1462924800.0,21.194419860839844,114876400
1463011200.0,20.697269439697266,305258800
1463097600.0,20.738494873046875,177571200
1463356800.0,21.50829315185547,245039200
1463443200.0,21.4189395904541,187667600
1463529600.0,21.66408348083496,168249600
1463616000.0,21.58160400390625,121768400
1463702400.0,21.81529235839844,128104000
1463961600.0,22.092506408691406,152074400
1464048000.0,22.429292678833008,140560800
1464134400.0,22.823354721069336,152675200
1464220800.0,23.00434875488281,225324800
1464307200.0,22.9905948638916,145364800
1464652800.0,22.87833595275879,169228800
1464739200.0,22.55759048461914,116693200
1464825600.0,22.388057708740234,160766400
1464912000.0,22.43387985229492,114019600
1465171200.0,22.596540451049805,93170000
1465257600.0,22.68817901611328,89638000
1465344000.0,22.667560577392575,83392400
1465430400.0,22.830223083496094,106405600
1465516800.0,22.642358779907227,126851600
1465776000.0,22.30099296569824,152082000
1465862400.0,22.3284854888916,127727600
1465948800.0,22.255170822143555,117780800
1466035200.0,22.349103927612305,125307200
1466121600.0,21.840499877929688,244032800
1466380800.0,21.787805557250977,137647600
1466467200.0,21.973373413085938,142185600
1466553600.0,21.89089584350586,116876400
1466640000.0,22.016902923583984,128960800
1466726400.0,21.39832305908203,301245600
1466985600.0,21.08674049377441,181958400
1467072000.0,21.44185256958008,161779600
1467158400.0,21.627426147460938,146124000
1467244800.0,21.9023551940918,143345600
1467331200.0,21.968795776367188,104106000
1467676800.0,21.76259994506836,110820800
1467763200.0,21.886320114135746,123796400
1467849600.0,21.98025131225586,100558400
1467936000.0,22.149782180786133,115648400
1468195200.0,22.218515396118164,95179600
1468281600.0,22.31932258605957,96670000
1468368000.0,22.19331932067871,103568800
1468454400.0,22.633195877075195,155676000
1468540800.0,22.63089942932129,120548000
1468800000.0,22.871458053588867,145975600
1468886400.0,22.88062858581543,95119600
1468972800.0,22.9012451171875,105104000
1469059200.0,22.77982711791992,130808000
1469145600.0,22.60341453552246,113254800
1469404800.0,22.30099296569824,161531600
1469491200.0,22.147491455078125,224959200
1469577600.0,23.58626937866211,369379200
1469664000.0,23.90472412109375,159479200
1469750400.0,23.874935150146484,110934800
1470009600.0,24.296497344970703,152671600
1470096000.0,23.936803817749023,135266400
1470182400.0,24.23692512512207,120810400
1470268800.0,24.386648178100582,109634800
1470355200.0,24.757503509521484,162213600
1470614400.0,24.962514877319336,112148800
1470700800.0,25.063861846923828,105260800
1470787200.0,24.87728309631348,96034000
1470873600.0,24.861160278320312,109938000
1470960000.0,24.918739318847656,74641600
1471219200.0,25.218196868896484,103472800
1471305600.0,25.19515991210937,135177600
1471392000.0,25.15830421447754,101424000
1471478400.0,25.12606239318848,87938800
1471564800.0,25.190549850463867,101472400
1471824000.0,24.9947566986084,103280800
1471910400.0,25.073076248168945,85030800
1471996800.0,24.88419532775879,94700400
1472083200.0,24.778234481811523,100344800
1472169600.0,24.633119583129883,111065200
1472428800.0,24.605470657348636,99881200
1472515200.0,24.41659164428711,99455600
1472601600.0,24.439620971679688,118649600
1472688000.0,24.58474349975586,106806000
1472774400.0,24.815086364746094,107210000
1473120000.0,24.808177947998047,107521600
1473206400.0,24.960208892822266,169457200
1473292800.0,24.306026458740234,212008000
1473379200.0,23.7554988861084,186228000
1473638400.0,24.28759765625,181171200
1473724800.0,24.86576271057129,248704800
1473811200.0,25.74568748474121,443554800
1473897600.0,26.620996475219727,359934400
1473984000.0,26.471267700195312,319547600
1474243200.0,26.162607192993164,188092000
1474329600.0,26.160306930541992,138057200
1474416000.0,26.15569496154785,144012800
1474502400.0,26.402172088623047,124296000
1474588800.0,25.962207794189453,209924800
1474848000.0,26.001371383666992,119477600
1474934400.0,26.04973602294922,98429600
1475020800.0,26.247833251953125,118564400
1475107200.0,25.840126037597656,143548000
1475193600.0,26.040531158447266,145516400
1475452800.0,25.918441772460938,86807200
1475539200.0,26.029008865356445,118947200
1475625600.0,26.040531158447266,85812400
1475712000.0,26.23401260375977,115117200
1475798400.0,26.273176193237305,97433600
1476057600.0,26.731565475463867,144944000
1476144000.0,26.789146423339844,256164000
1476230400.0,27.028711318969727,150347200
1476316800.0,26.94578742980957,140769600
1476403200.0,27.095504760742188,142608800
1476662400.0,27.077075958251957,94499600
1476748800.0,27.058652877807617,98214000
1476835200.0,26.9780387878418,80138400
1476921600.0,26.96421241760254,96503200
1477008000.0,26.85824966430664,92770800
1477267200.0,27.10011482238769,94154800
1477353600.0,27.23832130432129,192516000
1477440000.0,26.62559700012207,264536800
1477526400.0,26.36992073059082,138248000
1477612800.0,26.19485664367676,151446800
1477872000.0,26.153398513793945,105677600
1477958400.0,25.681190490722656,175303200
1478044800.0,25.7042236328125,113326800
1478131200.0,25.42870712280273,107730400
1478217600.0,25.199487686157227,123348000
1478476800.0,25.56299591064453,130240000
1478563200.0,25.71348190307617,97016800
1478649600.0,25.67180061340332,236705600
1478736000.0,24.95639038085937,228538000
1478822400.0,25.10456085205078,136575600
1479081600.0,24.474803924560547,204702000
1479168000.0,24.7989501953125,129058000
1479254400.0,25.465747833251957,235362000
1479340800.0,25.456483840942383,110528000
1479427200.0,25.48195457458496,113715600
1479686400.0,25.86861038208008,117058400
1479772800.0,25.884811401367188,103862000
1479859200.0,25.752843856811523,109705600
1480032000.0,25.882503509521484,45903600
1480291200.0,25.831562042236328,108776000
1480377600.0,25.80609893798828,114115200
1480464000.0,25.588457107543945,144649200
1480550400.0,25.3499813079834,148347600
1480636800.0,25.44491195678711,106112000
1480896000.0,25.26200485229492,137298000
1480982400.0,25.456483840942383,104782000
1481068800.0,25.7065372467041,119994800
1481155200.0,25.958908081054688,108273200
1481241600.0,26.382593154907227,137610400
1481500800.0,26.232112884521484,105497600
1481587200.0,26.669696807861328,174935200
1481673600.0,26.669696807861328,136127200
1481760000.0,26.81555938720703,186098000
1481846400.0,26.850292205810547,177404400
1482105600.0,27.00540542602539,111117600
1482192000.0,27.07718086242676,85700000
1482278400.0,27.10265350341797,95132800
1482364800.0,26.924373626708984,104343600
1482451200.0,26.977619171142575,56998000
1482796800.0,27.14895820617676,73187600
1482883200.0,27.033191680908203,83623600
1482969600.0,27.026247024536133,60158000
1483056000.0,26.81555938720703,122345200
1483401600.0,26.891958236694336,115127600
1483488000.0,26.861862182617188,84472400
1483574400.0,26.998464584350582,88774400
1483660800.0,27.299449920654297,127007600
1483920000.0,27.54949951171875,134247600
1484006400.0,27.577281951904297,97848400
1484092800.0,27.7254581451416,110354400
1484179200.0,27.609699249267575,108344800
1484265600.0,27.561079025268555,104447600
1484611200.0,27.783344268798828,137759200
1484697600.0,27.78102684020996,94852000
1484784000.0,27.73240852355957,102389200
1484870400.0,27.783344268798828,130391600
1485129600.0,27.801862716674805,88200800
1485216000.0,27.776397705078125,92844000
1485302400.0,28.218616485595703,129510400
1485388800.0,28.232511520385746,105350400
1485475200.0,28.23482322692871,82251600
1485734400.0,28.16073226928711,121510000
1485820800.0,28.095903396606445,196804000
1485907200.0,29.80920791625977,447940000
1485993600.0,29.75827980041504,134841600
1486080000.0,29.88561248779297,98029200
1486339200.0,30.16576194763184,107383600
1486425600.0,30.452856063842773,152735200
1486512000.0,30.57093811035156,92016400
1486598400.0,30.79184913635254,113399600
1486684800.0,30.72209358215332,80262000
1486944000.0,30.994142532348636,92141600
1487030400.0,31.396419525146484,132904800
1487116800.0,31.510374069213867,142492400
1487203200.0,31.473159790039062,90338400
1487289600.0,31.5591983795166,88792800
1487635200.0,31.78707695007324,98028800
1487721600.0,31.88241004943848,83347600
1487808000.0,31.747556686401367,83152800
1487894400.0,31.777772903442383,87106400
1488153600.0,31.840564727783203,81029600
1488240000.0,31.854516983032227,93931600
1488326400.0,32.50560760498047,145658400
1488412800.0,32.312591552734375,104844000
1488499200.0,32.50327682495117,84432400
1488758400.0,32.40096664428711,87000000
1488844800.0,32.44282150268555,69785200
1488931200.0,32.32190704345703,74828800
1489017600.0,32.24748992919922,88623600
1489104000.0,32.354461669921875,78451200
1489363200.0,32.368412017822266,69686800
1489449600.0,32.319580078125,61236400
1489536000.0,32.66140365600586,102767200
1489622400.0,32.714881896972656,76928000
1489708800.0,32.552101135253906,175540000
1489968000.0,32.89392852783203,86168000
1490054400.0,32.51722717285156,158119600
1490140800.0,32.88462829589844,103440800
1490227200.0,32.76837158203125,81385200
1490313600.0,32.70325469970703,89582400
1490572800.0,32.75905990600586,94300400
1490659200.0,33.43805694580078,133499200
1490745600.0,33.5124626159668,116760000
1490832000.0,33.468284606933594,84829200
1490918400.0,33.40549850463867,78646800
1491177600.0,33.414794921875,79942800
1491264000.0,33.66361999511719,79565600
1491350400.0,33.48921203613281,110871600
1491436800.0,33.40549850463867,84596000
1491523200.0,33.33108901977539,66688800
1491782400.0,33.29155349731445,75733600
1491868800.0,32.93346405029297,121517600
1491955200.0,32.972984313964844,81400000
1492041600.0,32.7985954284668,71291600
1492387200.0,32.97996139526367,66328400
1492473600.0,32.83346939086914,58790000
1492560000.0,32.71256637573242,69313600
1492646400.0,33.1218147277832,93278400
1492732800.0,33.0822868347168,69283600
1492992000.0,33.40085220336914,68537200
1493078400.0,33.6077995300293,75486000
1493164800.0,33.4101448059082,80164800
1493251200.0,33.435726165771484,56985200
1493337600.0,33.403175354003906,83441600
1493596800.0,34.08448791503906,134411600
1493683200.0,34.30073547363281,181408800
1493769600.0,34.19610977172852,182788000
1493856000.0,34.07286834716797,93487600
1493942400.0,34.63792037963867,109310800
1494201600.0,35.579673767089844,195009600
1494288000.0,35.80754852294922,156521600
1494374400.0,35.6378173828125,103222800
1494460800.0,35.946006774902344,109020400
1494547200.0,36.448020935058594,130108000
1494806400.0,36.35462951660156,104038800
1494892800.0,36.3009147644043,80194000
1494979200.0,35.082088470458984,203070800
1495065600.0,35.616783142089844,134272800
1495152000.0,35.73820114135742,107843200
1495411200.0,35.95534133911133,91865600
1495497600.0,35.91099548339844,79675600
1495584000.0,35.80358123779297,76712000
1495670400.0,35.927330017089844,76942400
1495756800.0,35.86662673950195,87710400
1496102400.0,35.880645751953125,80507600
1496188800.0,35.66816329956055,97804800
1496275200.0,35.76622009277344,65616400
1496361600.0,36.29624557495117,111082800
1496620800.0,35.94133758544922,101326800
1496707200.0,36.06276321411133,106499600
1496793600.0,36.27755355834961,84278400
1496880000.0,36.1888427734375,85003200
1496966400.0,34.78555679321289,259530800
1497225600.0,33.9543342590332,289229200
1497312000.0,34.227516174316406,136661600
1497398400.0,33.89362335205078,126124800
1497484800.0,33.69049072265625,128661600
1497571200.0,33.21883773803711,201444400
1497830400.0,34.16913986206055,130165600
1497916800.0,33.85859680175781,99600400
1498003200.0,34.05940628051758,85063200
1498089600.0,34.00336456298828,76425200
1498176000.0,34.15512466430664,141757600
1498435200.0,34.0477294921875,102769600
1498521600.0,33.55971908569336,99047600
1498608000.0,34.05005645751953,88329600
1498694400.0,33.54804992675781,125997600
1498780800.0,33.62744903564453,92096400
1499040000.0,33.506038665771484,57111200
1499212800.0,33.64377975463867,86278400
1499299200.0,33.32623672485352,96515200
1499385600.0,33.664798736572266,76806800
1499644800.0,33.87026596069336,84362400
1499731200.0,33.980010986328125,79127200
1499817600.0,34.02904510498047,99538000
1499904000.0,34.50303268432617,100797600
1499990400.0,34.799564361572266,80528400
1500249600.0,34.920982360839844,95174000
1500336000.0,35.04240036010742,71475200
1500422400.0,35.26188278198242,83692000
1500508800.0,35.10310745239258,68974800
1500595200.0,35.086761474609375,105010400
1500854400.0,35.511714935302734,85972800
1500940800.0,35.663482666015625,75415600
1501027200.0,35.831600189208984,63124000
1501113600.0,35.154476165771484,129905200
1501200000.0,34.9069709777832,68854800
1501459200.0,34.727195739746094,79383600
1501545600.0,35.03539276123047,141474400
1501632000.0,36.69084930419922,279747200
1501718400.0,36.32425308227539,108389200
1501804800.0,36.5157356262207,82239600
1502064000.0,37.08078002929688,87481200
1502150400.0,37.37731170654297,144823600
1502236800.0,37.60614013671875,104526000
1502323200.0,36.408302307128906,163217200
1502409600.0,36.91463088989258,105028400
1502668800.0,37.47017288208008,88490800
1502755200.0,37.88039016723633,117862000
1502841600.0,37.728023529052734,110686400
1502928000.0,37.00370788574219,111762400
1503014400.0,36.9193115234375,109712400
1503273600.0,36.851341247558594,105474000
1503360000.0,37.45376586914063,86418400
1503446400.0,37.50065231323242,77596400
1503532800.0,37.3342170715332,79275600
1503619200.0,37.47252655029297,101920400
1503878400.0,37.84992599487305,103864000
1503964800.0,38.1874885559082,118067600
1504051200.0,38.29061126708984,109078400
1504137600.0,38.442970275878906,107140400
1504224000.0,38.4547004699707,66364400
1504569600.0,37.992897033691406,117874000
1504656000.0,37.953067779541016,86606800
1504742400.0,37.80069732666016,87714000
1504828800.0,37.184200286865234,114446000
1505088000.0,37.8569564819336,126323200
1505174400.0,37.706939697265625,286856000
1505260800.0,37.42329406738281,179629600
1505347200.0,37.10215759277344,95042800
1505433600.0,37.47721099853516,196458400
1505692800.0,37.19357299804688,113077600
1505779200.0,37.2076301574707,83242400
1505865600.0,36.58412170410156,211805600
1505952000.0,35.955902099609375,150046800
1506038400.0,35.60428237915039,186581600
1506297600.0,35.290184020996094,177549200
1506384000.0,35.897300720214844,146640000
1506470400.0,36.15280532836914,102016800
1506556800.0,35.93012237548828,88022000
1506643200.0,36.12701797485352,105199200
1506902400.0,36.054344177246094,74795200
1506988800.0,36.2114143371582,64921200
1507075200.0,35.976993560791016,80655200
1507161600.0,36.42470932006836,85135200
1507248000.0,36.40361785888672,69630400
1507507200.0,36.53019332885742,65051600
1507593600.0,36.54426956176758,62468000
1507680000.0,36.69662857055664,67622400
1507766400.0,36.56770324707031,64500400
1507852800.0,36.79977035522461,65576800
1508112000.0,37.47721099853516,96486000
1508198400.0,37.61551284790039,75989200
1508284800.0,37.44908905029297,65496800
1508371200.0,36.56301498413086,170336800
1508457600.0,36.62630844116211,95896400
1508716800.0,36.60755157470703,87937200
1508803200.0,36.8255615234375,71028800
1508889600.0,36.663818359375,84828400
1508976000.0,36.898216247558594,68002000
1509062400.0,38.22028732299805,177816800
1509321600.0,39.080562591552734,178803200
1509408000.0,39.624393463134766,144187200
1509494400.0,39.12040710449219,134551200
1509580800.0,39.406394958496094,165573600
1509667200.0,40.43544769287109,237594400
1509926400.0,40.845664978027344,140105200
1510012800.0,40.9769172668457,97446000
1510099200.0,41.3121337890625,97638000
1510185600.0,41.22775268554688,117930400
1510272000.0,41.09130096435547,100582000
1510531200.0,40.92662048339844,67928400
1510617600.0,40.30791473388672,99130000
1510704000.0,39.7762451171875,116632400
1510790400.0,40.2514533996582,94550000
1510876800.0,40.02796173095703,87598000
1511136000.0,39.98796081542969,65049600
1511222400.0,40.73136520385742,100525200
1511308800.0,41.15952301025391,102355600
1511481600.0,41.1618766784668,56106800
1511740800.0,40.95484924316406,82867200
1511827200.0,40.71490478515625,105715200
1511913600.0,39.8703498840332,166665600
1512000000.0,40.42788696289063,166108800
1512086400.0,40.23968505859375,159037200
1512345600.0,39.94563674926758,130169600
1512432000.0,39.907989501953125,109400800
1512518400.0,39.75978469848633,114240000
1512604800.0,39.83271408081055,102693200
1512691200.0,39.84446334838867,93420800
1512950400.0,40.62080001831055,141095200
1513036800.0,40.39259338378906,77636800
1513123200.0,40.52669525146485,95273600
1513209600.0,40.51493835449219,81906000
1513296000.0,40.92662048339844,160677200
1513555200.0,41.50299072265625,117684400
1513641600.0,41.06071472167969,109745600
1513728000.0,41.016021728515625,93902400
1513814400.0,41.17128372192383,83799600
1513900800.0,41.17128372192383,65397600
1514246400.0,40.12677001953125,132742000
1514332800.0,40.13383865356445,85992800
1514419200.0,40.24675369262695,65920800
1514505600.0,39.8115348815918,103999600
1514851200.0,40.52433395385742,102223600
1514937600.0,40.51728439331055,118071600
1515024000.0,40.70549011230469,89738400
1515110400.0,41.16893005371094,94640000
1515369600.0,41.016021728515625,82271200
1515456000.0,41.01130294799805,86336000
1515542400.0,41.00190353393555,95839600
1515628800.0,41.23479843139648,74670800
1515715200.0,41.660606384277344,101672400
1516060800.0,41.44887924194336,118263600
1516147200.0,42.13346099853516,137547200
1516233600.0,42.17110443115234,124773600
1516320000.0,41.9828987121582,129700400
1516579200.0,41.63944625854492,108434400
1516665600.0,41.64884567260742,130756400
1516752000.0,40.98543548583984,204420400
1516838400.0,40.25380325317383,166116000
1516924800.0,40.34790802001953,156572000
1517184000.0,39.51276397705078,202561600
1517270400.0,39.27986907958984,184192800
1517356800.0,39.38807678222656,129915600
1517443200.0,39.47042083740234,188923200
1517529600.0,37.757789611816406,346375200
1517788800.0,36.81443786621094,290954000
1517875200.0,38.352970123291016,272975200
1517961600.0,37.53195571899414,206434400
1518048000.0,36.49919509887695,217562000
1518134400.0,36.94564056396485,282690400
1518393600.0,38.43376922607422,243278000
1518480000.0,38.81877899169922,130196800
1518566400.0,39.53450012207031,162579600
1518652800.0,40.862003326416016,204588800
1518739200.0,40.72971725463867,160704400
1519084800.0,40.59272384643555,135722000
1519171200.0,40.40848922729492,149886400
1519257600.0,40.74625778198242,123967600
1519344000.0,41.454891204833984,135249600
1519603200.0,42.27454376220703,152648800
1519689600.0,42.13753509521485,155712400
1519776000.0,42.07375717163086,151128400
1519862400.0,41.3367805480957,195208000
1519948800.0,41.62260818481445,153816000
1520208000.0,41.76668930053711,113605600
1520294400.0,41.73125457763672,95154000
1520380800.0,41.3438720703125,126814000
1520467200.0,41.7950325012207,95096400
1520553600.0,42.51310729980469,128740800
1520812800.0,42.92410659790039,128828400
1520899200.0,42.5107421875,126774000
1520985600.0,42.14934158325195,117473600
1521072000.0,42.19894790649414,90975200
1521158400.0,42.050140380859375,157618800
1521417600.0,41.40765380859375,133787200
1521504000.0,41.39348220825195,78597600
1521590400.0,40.45570755004883,148219600
1521676800.0,39.88410568237305,165963200
1521763200.0,38.96051025390625,164115200
1522022400.0,40.81004333496094,150164800
1522108800.0,39.76362609863281,163690400
1522195200.0,39.32427597045898,166674000
1522281600.0,39.6313362121582,153594000
1522627200.0,39.37151718139648,150347200
1522713600.0,39.77543640136719,121112000
1522800000.0,40.53602981567383,138422000
1522886400.0,40.8171272277832,107732800
1522972800.0,39.773075103759766,140021200
1523232000.0,40.16753768920898,116070800
1523318400.0,40.92342376708984,113634400
1523404800.0,40.73208618164063,89726400
1523491200.0,41.133636474609375,91557200
1523577600.0,41.27301025390625,100497200
1523836800.0,41.53047561645508,86313600
1523923200.0,42.10210800170898,106421600
1524009600.0,42.007625579833984,83018000
1524096000.0,40.8171272277832,139235200
1524182400.0,39.144752502441406,261964400
1524441600.0,39.03138732910156,146062000
1524528000.0,38.48809051513672,134768000
1524614400.0,38.65578842163086,113528400
1524700800.0,38.79044342041016,111852000
1524787200.0,38.34165191650391,142623200
1525046400.0,39.03610229492188,169709600
1525132800.0,39.94314193725586,214277600
1525219200.0,41.70762634277344,266157600
1525305600.0,41.78322219848633,136272800
1525392000.0,43.42251968383789,224805200
1525651200.0,43.73667526245117,169805600
1525737600.0,43.94691467285156,113611200
1525824000.0,44.256343841552734,92844800
1525910400.0,44.88938522338867,111957200
1525996800.0,44.718658447265625,104848800
1526256000.0,44.61432266235352,83115200
1526342400.0,44.20885467529297,94780800
1526428800.0,44.62143325805664,76732400
1526515200.0,44.33926773071289,69176000
1526601600.0,44.17802810668945,73190800
1526860800.0,44.49101257324219,73603200
1526947200.0,44.37957763671875,60962800
1527033600.0,44.66412353515625,80233600
1527120000.0,44.61432266235352,92936000
1527206400.0,44.71629333496094,69844000
1527552000.0,44.55504608154297,90056400
1527638400.0,44.4601936340332,74762000
1527724800.0,44.31079864501953,109931200
1527811200.0,45.10990905761719,93770000
1528070400.0,45.4869384765625,105064800
1528156800.0,45.837867736816406,86264000
1528243200.0,45.99673843383789,83734400
1528329600.0,45.87343978881836,85388800
1528416000.0,45.45609664916992,106627200
1528675200.0,45.34465789794922,73234000
1528761600.0,45.5936279296875,67644400
1528848000.0,45.21897888183594,86553600
1528934400.0,45.24269485473633,86440400
1529020800.0,44.77793884277344,246876800
1529280000.0,44.75423431396485,73939600
1529366400.0,44.031005859375,134314000
1529452800.0,44.22307205200195,82514800
1529539200.0,43.976470947265625,102847600
1529625600.0,43.848426818847656,108801600
1529884800.0,43.19634246826172,126652400
1529971200.0,43.732234954833984,98276800
1530057600.0,43.6682014465332,101141200
1530144000.0,43.98595428466797,69460800
1530230400.0,43.89347457885742,90950800
1530489600.0,44.38431167602539,70925200
1530576000.0,43.611305236816406,55819200
1530748800.0,43.96224212646485,66416800
1530835200.0,44.57165145874024,69940800
1531094400.0,45.19053268432617,79026400
1531180800.0,45.135990142822266,63756400
1531267200.0,44.55029678344727,75326000
1531353600.0,45.29723358154297,72164400
1531440000.0,45.36837387084961,50055600
1531699200.0,45.26877212524414,60172400
1531785600.0,45.39682388305664,62138000
1531872000.0,45.14784240722656,65573600
1531958400.0,45.49878692626953,81147200
1532044800.0,45.39445114135742,82704800
1532304000.0,45.43476867675781,63957600
1532390400.0,45.76435089111328,74791600
1532476800.0,46.19591522216797,66839600
1532563200.0,46.05128479003906,76304000
1532649600.0,45.28536987304688,96096000
1532908800.0,45.03166198730469,84118000
1532995200.0,45.12176513671875,157492000
1533081600.0,47.779884338378906,271742800
1533168000.0,49.176536560058594,249616000
1533254400.0,49.31880569458008,133789600
1533513600.0,49.57490158081055,101701600
1533600000.0,49.110130310058594,102349600
1533686400.0,49.14333724975586,90102000
1533772800.0,49.52985000610352,93970400
1533859200.0,49.382320404052734,98444800
1534118400.0,49.70117950439453,103563600
1534204800.0,49.91056823730469,82992000
1534291200.0,50.02716827392578,115230400
1534377600.0,50.760066986083984,114001600
1534464000.0,51.77373504638672,141708000
1534723200.0,51.269290924072266,121150800
1534809600.0,51.169342041015625,104639200
1534896000.0,51.171722412109375,76072400
1534982400.0,51.27642059326172,75532800
1535068800.0,51.43585205078125,73905600
1535328000.0,51.859405517578125,82100400
1535414400.0,52.2781982421875,91107200
1535500800.0,53.05868911743164,109019200
1535587200.0,53.54648971557617,195175200
1535673600.0,54.165164947509766,173360400
1536019200.0,54.3388786315918,109560400
1536105600.0,53.984317779541016,133332000
1536192000.0,53.08724212646485,137160000
1536278400.0,52.65891647338867,150479200
1536537600.0,51.95220565795898,158066000
1536624000.0,53.26570510864258,142996000
1536710400.0,52.60419464111328,197114800
1536796800.0,53.87485885620117,166825600
1536883200.0,53.26332092285156,127997200
1537142400.0,51.845123291015625,148780400
1537228800.0,51.9307861328125,126286800
1537315200.0,51.961727142333984,108495200
1537401600.0,52.356712341308594,106435200
1537488000.0,51.79277420043945,384986800
1537747200.0,52.53755569458008,110773600
1537833600.0,52.870697021484375,98217600
1537920000.0,52.44953155517578,95938800
1538006400.0,53.52744674682617,120724800
1538092800.0,53.715431213378906,91717600
1538352000.0,54.077125549316406,94403200
1538438400.0,54.55778121948242,99152800
1538524800.0,55.2216682434082,114619200
1538611200.0,54.25082778930664,128168000
1538697600.0,53.370399475097656,134322000
1538956800.0,53.24665832519531,118655600
1539043200.0,53.984317779541016,107564000
1539129600.0,51.48344039916992,167962400
1539216000.0,51.0289421081543,212497600
1539302400.0,52.85166549682617,161351600
1539561600.0,51.72139358520508,123164000
1539648000.0,52.86118698120117,116736000
1539734400.0,52.63274765014648,91541600
1539820800.0,51.402530670166016,130325200
1539907200.0,52.18540954589844,132314800
1540166400.0,52.50424575805664,115168400
1540252800.0,52.99918746948242,155071200
1540339200.0,51.18123626708984,163702000
1540425600.0,52.30199432373047,119423200
1540512000.0,51.46916198730469,189033600
1540771200.0,50.50307083129883,183742000
1540857600.0,50.75530624389648,146640000
1540944000.0,52.078311920166016,153435600
1541030400.0,52.877838134765625,233292800
1541116800.0,49.370418548583984,365314800
1541376000.0,47.96887969970703,264654800
1541462400.0,48.48760986328125,127531600
1541548800.0,49.95815658569336,133697600
1541635200.0,49.78385162353516,101450400
1541721600.0,48.82394027709961,137463200
1541980800.0,46.36447525024414,204542000
1542067200.0,45.90124130249024,187531600
1542153600.0,44.60464859008789,243204000
1542240000.0,45.70543670654297,185915200
1542326400.0,46.21165466308594,147713200
1542585600.0,44.38018798828125,167701200
1542672000.0,42.25979232788086,271300800
1542758400.0,42.2120361328125,124496800
1542931200.0,41.13991165161133,94496000
1543190400.0,41.69627380371094,179994000
1543276800.0,41.60552978515625,165549600
1543363200.0,43.20537567138672,184250000
1543449600.0,42.87347412109375,167080000
1543536000.0,42.641849517822266,158126000
1543795200.0,44.1318588256836,163210000
1543881600.0,42.190555572509766,165377200
1544054400.0,41.720157623291016,172393600
1544140800.0,40.23252868652344,169126400
1544400000.0,40.4975700378418,248104000
1544486400.0,40.265960693359375,189126800
1544572800.0,40.37818908691406,142510800
1544659200.0,40.8199348449707,127594400
1544745600.0,39.5137939453125,162814800
1545004800.0,39.14607620239258,177151600
1545091200.0,39.65468215942383,135366000
1545177600.0,38.41777801513672,196189200
1545264000.0,37.44832611083984,259092000
1545350400.0,35.99175262451172,382978400
1545609600.0,35.06049728393555,148676800
1545782400.0,37.52949905395508,234330000
1545868800.0,37.28595352172852,212468400
1545955200.0,37.3050537109375,169165600
1546214400.0,37.665618896484375,140014000
1546387200.0,37.70859909057617,148158800
1546473600.0,33.95254135131836,365248800
1546560000.0,35.40194320678711,234428400
1546819200.0,35.32314682006836,219111200
1546905600.0,35.99653625488281,164101200
1546992000.0,36.60781097412109,180396400
1547078400.0,36.72481536865234,143122800
1547164800.0,36.364253997802734,108092800
1547424000.0,35.817440032958984,129756800
1547510400.0,36.55050659179688,114843600
1547596800.0,36.997013092041016,122278800
1547683200.0,37.21670913696289,119284800
1547769600.0,37.445945739746094,135004000
1548115200.0,36.60542678833008,121576000
1548201600.0,36.75346374511719,92522400
1548288000.0,36.46215057373047,101766000
1548374400.0,37.67039108276367,134142000
1548633600.0,37.3217658996582,104768400
1548720000.0,36.934940338134766,166348800
1548806400.0,39.45886993408203,244439200
1548892800.0,39.7430305480957,162958400
1548979200.0,39.76212692260742,130672400
1549238400.0,40.89156723022461,125982000
1549324800.0,41.59120559692383,144406400
1549411200.0,41.60552978515625,112958400
1549497600.0,40.81755065917969,126966800
1549584000.0,40.86551284790039,95280000
1549843200.0,40.63050079345703,83973600
1549929600.0,40.98063278198242,89134000
1550016000.0,40.81035614013672,89960800
1550102400.0,40.95903396606445,87342800
1550188800.0,40.86790084838867,98507200
1550534400.0,40.99021530151367,75891200
1550620800.0,41.25399398803711,104457600
1550707200.0,41.02138137817383,68998800
1550793600.0,41.47942352294922,75652800
1551052800.0,41.78157043457031,87493600
1551139200.0,41.80554962158203,68280800
1551225600.0,41.9350471496582,111341600
1551312000.0,41.5225830078125,112861600
1551398400.0,41.95903396606445,103544800
1551657600.0,42.17006301879883,109744800
1551744000.0,42.09332275390625,78949600
1551830400.0,41.85113143920898,83241600
1551916800.0,41.366695404052734,99185600
1552003200.0,41.46502685546875,95997600
1552262400.0,42.90147018432617,128044000
1552348800.0,43.383487701416016,129870400
1552435200.0,43.57533264160156,124130000
1552521600.0,44.05973434448242,94318000
1552608000.0,44.63287734985352,156171600
1552867200.0,45.0885124206543,104879200
1552953600.0,44.731201171875,126585600
1553040000.0,45.12208938598633,124140800
1553126400.0,46.7839469909668,204136800
1553212800.0,45.81513595581055,169630800
1553472000.0,45.26117706298828,175381200
1553558400.0,44.793548583984375,199202000
1553644800.0,45.19642639160156,119393600
1553731200.0,45.256378173828125,83121600
1553817600.0,45.55133438110352,94256000
1554076800.0,45.86069869995117,111448000
1554163200.0,46.52734756469727,91062800
1554249600.0,46.8463020324707,93087200
1554336000.0,46.927833557128906,76457200
1554422400.0,47.24197769165039,74106400
1554681600.0,47.985389709472656,103526800
1554768000.0,47.84149932861328,143072800
1554854400.0,48.110084533691406,86781200
1554940800.0,47.7096061706543,83603200
1555027200.0,47.69042205810547,111042800
1555286400.0,47.77675247192383,70146400
1555372800.0,47.781551361083984,102785600
1555459200.0,48.71199798583984,115627200
1555545600.0,48.88705825805664,96783200
1555891200.0,49.0477294921875,77758000
1555977600.0,49.75516128540039,93292000
1556064000.0,49.67842102050781,70162400
1556150400.0,49.22757339477539,74172800
1556236800.0,48.99256896972656,74596400
1556496000.0,49.06691360473633,88818800
1556582400.0,48.1220703125,186139600
1556668800.0,50.48417282104492,259309200
1556755200.0,50.15563201904297,127985200
1556841600.0,50.77913284301758,83569600
1557100800.0,49.99496078491211,129772400
1557187200.0,48.64725112915039,155054800
1557273600.0,48.656837463378906,105358000
1557360000.0,48.13406753540039,139634400
1557446400.0,47.46724319458008,164834800
1557705600.0,44.708473205566406,229722400
1557792000.0,45.41621398925781,146118800
1557878400.0,45.96026611328125,106178800
1557964800.0,45.758056640625,132125600
1558051200.0,45.4980583190918,131516400
1558310400.0,44.07534408569336,154449200
1558396800.0,44.92030334472656,113459200
1558483200.0,44.00072860717773,118994400
1558569600.0,43.2496337890625,146118800
1558656000.0,43.08353805541992,94858800
1559001600.0,42.905391693115234,111792800
1559088000.0,42.70077896118164,113924800
1559174400.0,42.9222526550293,84873600
1559260800.0,42.14468002319336,108174400
1559520000.0,41.71858596801758,161584400
1559606400.0,43.24482727050781,123872000
1559692800.0,43.94293975830078,119093600
1559779200.0,44.58810043334961,90105200
1559865600.0,45.774898529052734,122737600
1560124800.0,46.35987854003906,104883600
1560211200.0,46.896705627441406,107731600
1560297600.0,46.74745941162109,73012800
1560384000.0,46.73782730102539,86698400
1560470400.0,46.398399353027344,75046000
1560729600.0,46.67523193359375,58676400
1560816000.0,47.7729721069336,106204000
1560902400.0,47.63335037231445,84496800
1560988800.0,48.0161018371582,86056000
1561075200.0,47.85241317749024,191202400
1561334400.0,47.80426025390625,72881600
1561420800.0,47.07966613769531,84281200
1561507200.0,48.09794998168945,104270000
1561593600.0,48.08351135253906,83598800
1561680000.0,47.64537811279297,124442400
1561939200.0,48.51923751831055,109012000
1562025600.0,48.80329132080078,67740800
1562112000.0,49.20771408081055,45448000
1562284800.0,49.16439437866211,69062000
1562544000.0,48.150917053222656,101354400
1562630400.0,48.444610595703125,82312000
1562716800.0,48.92365646362305,71588400
1562803200.0,48.5673828125,80767200
1562889600.0,48.94051361083984,70380800
1563148800.0,49.40030670166016,67789600
1563235200.0,49.22939300537109,67467200
1563321600.0,48.95255661010742,56430000
1563408000.0,49.50863265991211,74162400
1563494400.0,48.76959228515625,83717200
1563753600.0,49.88416290283203,89111600
1563840000.0,50.2741584777832,73420800
1563926400.0,50.23323440551758,59966400
1564012800.0,49.836029052734375,55638400
1564099200.0,50.00935745239258,70475600
1564358400.0,50.47636413574219,86693600
1564444800.0,50.25971603393555,135742800
1564531200.0,51.28522109985352,277125600
1564617600.0,50.17546463012695,216071600
1564704000.0,49.11382675170898,163448400
1564963200.0,46.54283142089844,209572000
1565049600.0,47.42391204833984,143299200
1565136000.0,47.91499328613281,133457600
1565222400.0,48.971805572509766,108038000
1565308800.0,48.56826400756836,98478800
1565568000.0,48.445011138916016,89927600
1565654400.0,50.49658203125,188874000
1565740800.0,48.99355697631836,146189600
1565827200.0,48.74949264526367,108909600
1565913600.0,49.89972305297852,110481600
1566172800.0,50.83005142211914,97654400
1566259200.0,50.83247756958008,107537200
1566345600.0,51.383419036865234,86141600
1566432000.0,51.33992767333984,89014800
1566518400.0,48.96697235107422,187272000
1566777600.0,49.89730072021485,104174400
1566864000.0,49.33427810668945,103493200
1566950400.0,49.66532897949219,63755200
1567036800.0,50.50624847412109,83962000
1567123200.0,50.44101333618164,84573600
1567468800.0,49.70641326904297,80092000
1567555200.0,50.54975128173828,76752400
1567641600.0,51.53808975219727,95654800
1567728000.0,51.53324890136719,77449200
1567987200.0,51.75313568115234,109237600
1568073600.0,52.36449432373047,127111600
1568160000.0,54.029441833496094,177158400
1568246400.0,53.90861511230469,128906800
1568332800.0,52.85986709594727,159053200
1568592000.0,53.13776016235352,84632400
1568678400.0,53.331085205078125,73274800
1568764800.0,53.83129119873047,101360000
1568851200.0,53.3939094543457,88242400
1568937600.0,52.61339569091797,221652400
1569196800.0,52.85262680053711,76662000
1569283200.0,52.60131454467773,124763200
1569369600.0,53.410831451416016,87613600
1569456000.0,53.135353088378906,75334000
1569542400.0,52.87677764892578,101408000
1569801600.0,54.12126159667969,103909600
1569888000.0,54.27108001708984,139223200
1569974400.0,52.91062927246094,138449200
1570060800.0,53.36008071899414,114426000
1570147200.0,54.85586166381836,138478800
1570406400.0,54.86794662475586,122306000
1570492800.0,54.22516632080078,111820000
1570579200.0,54.86069869995117,74770400
1570665600.0,55.60013198852539,113013600
1570752000.0,57.07899856567383,166795600
1571011200.0,56.9968376159668,96427600
1571097600.0,56.86393356323242,87360000
1571184000.0,56.63436508178711,73903200
1571270400.0,56.85427474975586,67585200
1571356800.0,57.1273307800293,97433600
1571616000.0,58.11808013916016,87247200
1571702400.0,57.98517227172852,82293600
1571788800.0,58.76325988769531,75828800
1571875200.0,58.85992050170898,69275200
1571961600.0,59.58486175537109,73477200
1572220800.0,60.181732177734375,96572800
1572307200.0,58.78985595703125,142839600
1572393600.0,58.7825927734375,124522000
1572480000.0,60.11164474487305,139162000
1572566400.0,61.81766891479492,151125200
1572825600.0,62.22362518310547,103272000
1572912000.0,62.13422393798828,79897600
1572998400.0,62.16080093383789,75864400
1573084800.0,62.87821578979492,94940400
1573171200.0,63.05030059814453,69986400
1573430400.0,63.549583435058594,81821200
1573516800.0,63.49141693115234,87388800
1573603200.0,64.09974670410156,102734400
1573689600.0,63.65622329711914,89182800
1573776000.0,64.41241455078125,100206400
1574035200.0,64.7371826171875,86703200
1574121600.0,64.54087829589844,76167200
1574208000.0,63.789512634277344,106234400
1574294400.0,63.503536224365234,121395200
1574380800.0,63.447792053222656,65325200
1574640000.0,64.56025695800781,84020400
1574726400.0,64.05613708496094,105207600
1574812800.0,64.91653442382812,65235600
1574985600.0,64.7735595703125,46617600
1575244800.0,64.02461242675781,94487200
1575331200.0,62.88307189941406,114430400
1575417600.0,63.438079833984375,67181600
1575504000.0,64.3687973022461,74424400
1575590400.0,65.6121597290039,106075600
1575849600.0,64.693603515625,128042400
1575936000.0,65.07166290283203,90420400
1576022400.0,65.626708984375,78756800
1576108800.0,65.79393768310547,137310400
1576195200.0,66.68827056884766,133587600
1576454400.0,67.82984924316406,128186000
1576540800.0,67.9631576538086,114158400
1576627200.0,67.80076599121094,116028400
1576713600.0,67.86860656738281,98369200
1576800000.0,67.72804260253906,275978000
1577059200.0,68.83326721191406,98572000
1577145600.0,68.89869689941406,48478800
1577318400.0,70.26568603515625,93121200
1577404800.0,70.23900604248047,146266000
1577664000.0,70.6558837890625,144114400
1577750400.0,71.1721420288086,100805600
1577923200.0,72.7960433959961,135480400
1578009600.0,72.08830261230469,146322800
1578268800.0,72.66271209716797,118387200
1578355200.0,72.32096862792969,108872000
1578441600.0,73.484375,132079200
1578528000.0,75.04520416259766,170108400
1578614400.0,75.21487426757812,140644800
1578873600.0,76.8218002319336,121532000
1578960000.0,75.78443908691406,161954400
1579046400.0,75.45968627929688,121923600
1579132800.0,76.4049072265625,108829200
1579219200.0,77.25080871582031,137816400
1579564800.0,76.72727966308594,110843200
1579651200.0,77.00115966796875,101832400
1579737600.0,77.3719711303711,104472000
1579824000.0,77.14899444580078,146537600
1580083200.0,74.88041687011719,161940000
1580169600.0,76.99871826171875,162234000
1580256000.0,78.6104965209961,216229200
1580342400.0,78.49656677246094,126743200
1580428800.0,75.01611328125,199588400
1580688000.0,74.81013488769531,173788400
1580774400.0,77.27986907958984,136616400
1580860800.0,77.91001892089844,118826800
1580947200.0,78.82134246826172,105425600
1581033600.0,77.74995422363281,117684000
1581292800.0,78.1192398071289,109348800
1581379200.0,77.64790344238281,94323200
1581465600.0,79.49188995361328,113730400
1581552000.0,78.92581939697266,94747600
1581638400.0,78.94526672363281,80113600
1581984000.0,77.4997329711914,152531200
1582070400.0,78.62213897705078,93984000
1582156800.0,77.81555938720703,100566000
1582243200.0,76.05418395996094,129554000
1582502400.0,72.44159698486328,222195200
1582588800.0,69.98782348632812,230673600
1582675200.0,71.09810638427734,198054800
1582761600.0,66.45055389404297,320605600
1582848000.0,66.41165924072266,426510000
1583107200.0,72.59465026855469,341397200
1583193600.0,70.28910064697266,319475600
1583280000.0,73.5494155883789,219178400
1583366400.0,71.1637191772461,187572800
1583452800.0,70.21862030029297,226176800
1583712000.0,64.66488647460938,286744800
1583798400.0,69.3221664428711,285290000
1583884800.0,66.9145736694336,255598800
1583971200.0,60.30644989013672,418474000
1584057600.0,67.53166198730469,370732000
1584316800.0,58.84392166137695,322423600
1584403200.0,61.43128204345703,324056000
1584489600.0,59.92745208740234,300233600
1584576000.0,59.46828079223633,271857200
1584662400.0,55.69291305541992,401693200
1584921600.0,54.5097541809082,336752800
1585008000.0,59.978477478027344,287531200
1585094400.0,59.64806365966797,303602000
1585180800.0,62.786922454833984,252087200
1585267200.0,60.18740081787109,204216800
1585526400.0,61.90502548217773,167976400
1585612800.0,61.77870178222656,197002000
1585699200.0,58.52808380126953,176218400
1585785600.0,59.50473403930664,165934000
1585872000.0,58.64956665039063,129880000
1586131200.0,63.765995025634766,201820400
1586217600.0,63.02744674682617,202887200
1586304000.0,64.64058685302734,168895200
1586390400.0,65.1070556640625,161834800
1586736000.0,66.38496398925781,131022800
1586822400.0,69.73761749267578,194994800
1586908800.0,69.10107421875,131154400
1586995200.0,69.65015411376953,157125200
1587081600.0,68.705078125,215250000
1587340800.0,67.27899932861328,130015200
1587427200.0,65.19937133789062,180991600
1587513600.0,67.07733917236328,116862400
1587600000.0,66.81739807128906,124814400
1587686400.0,68.74638366699219,126161200
1587945600.0,68.79498291015625,117087600
1588032000.0,67.67984008789062,112004800
1588118400.0,69.90279388427734,137280800
1588204800.0,71.37748718261719,183064000
1588291200.0,70.2283706665039,240616800
1588550400.0,71.22201538085938,133568000
1588636800.0,72.29096984863281,147751200
1588723200.0,73.03681182861328,142333600
1588809600.0,73.79237365722656,115215200
1588896000.0,75.54875946044922,133838400
1589155200.0,76.73754119873047,145946400
1589241600.0,75.86056518554688,162301200
1589328000.0,74.94461822509766,200622400
1589414400.0,75.40502166748047,158929200
1589500800.0,74.959228515625,166348400
1589760000.0,76.72534942626953,135178400
1589846400.0,76.28199768066406,101729600
1589932800.0,77.76554870605469,111504800
1590019200.0,77.18576049804688,102688800
1590105600.0,77.6827163696289,81803200
1590451200.0,77.15653991699219,125522000
1590537600.0,77.49271392822266,112945200
1590624000.0,77.52680969238281,133560800
1590710400.0,77.4512939453125,153532400
1590969600.0,78.40380096435547,80791200
1591056000.0,78.76675415039062,87642800
1591142400.0,79.20036315917969,104491200
1591228800.0,78.51827239990234,87560400
1591315200.0,80.7545394897461,137250400
1591574400.0,81.23201751708984,95654400
1591660800.0,83.79716491699219,147712400
1591747200.0,85.95304107666016,166651600
1591833600.0,81.826416015625,201662400
1591920000.0,82.53286743164062,200146000
1592179200.0,83.5535659790039,138808800
1592265600.0,85.76790618896484,165428800
1592352000.0,85.64854431152344,114406400
1592438400.0,85.68266296386719,96820400
1592524800.0,85.1930160522461,264476000
1592784000.0,87.42198181152344,135445200
1592870400.0,89.28800201416016,212155600
1592956800.0,87.71188354492188,192623200
1593043200.0,88.87629699707031,137522400
1593129600.0,86.14550018310547,205256800
1593388800.0,88.1308822631836,130646000
1593475200.0,88.86656188964844,140223200
1593561600.0,88.69847106933594,110737200
1593648000.0,88.69847106933594,114041600
1593993600.0,91.07117462158205,118655600
1594080000.0,90.78858184814452,112424400
1594166400.0,92.90306091308594,117092000
1594252800.0,93.30258178710938,125642800
1594339200.0,93.46576690673828,90257200
1594598400.0,93.0346221923828,191649200
1594684800.0,94.57418823242188,170989200
1594771200.0,95.22460174560548,153198000
1594857600.0,94.05286407470705,110577600
1594944000.0,93.8628387451172,92186800
1595203200.0,95.84092712402344,90318000
1595289600.0,94.51815032958984,103433200
1595376000.0,94.78369140625,89001600
1595462400.0,90.4694595336914,197004400
1595548800.0,90.24535369873048,185438800
1595808000.0,92.38420104980467,121214000
1595894400.0,90.8665542602539,103625600
1595980800.0,92.60831451416016,90329200
1596067200.0,93.72887420654295,158130000
1596153600.0,103.54122924804688,374336800
1596412800.0,106.15022277832033,308151200
1596499200.0,106.85911560058594,173071600
1596585600.0,107.2464370727539,121776800
1596672000.0,110.98818969726562,202428800
1596758400.0,108.46476745605467,198045600
1597017600.0,110.04129791259766,212403600
1597104000.0,106.7686767578125,187902400
1597190400.0,110.31705474853516,165598000
1597276800.0,112.26941680908205,210082000
1597363200.0,112.16935729980467,165565200
1597622400.0,111.87650299072266,119561600
1597708800.0,112.80875396728516,105633600
1597795200.0,112.95027923583984,145538000
1597881600.0,115.45661163330078,126907200
1597968000.0,121.4063720703125,338054800
1598227200.0,122.85843658447266,345937600
1598313600.0,121.85052490234376,211495600
1598400000.0,123.50757598876952,163022400
1598486400.0,122.03113555908205,155552400
1598572800.0,121.8334503173828,187630000
1598832000.0,125.96508026123048,225702700
1598918400.0,130.9825897216797,151948100
1599004800.0,128.2688446044922,200119000
1599091200.0,117.99952697753906,257599600
1599177600.0,118.07762145996094,332607200
1599523200.0,110.131591796875,231366600
1599609600.0,114.52435302734376,176940500
1599696000.0,110.78564453125,182274400
1599782400.0,109.3311538696289,180860300
1600041600.0,112.61107635498048,140150100
1600128000.0,112.78677368164062,184642000
1600214400.0,109.45802307128906,154679000
1600300800.0,107.710693359375,178011000
1600387200.0,104.2940902709961,287104900
1600646400.0,107.4568862915039,195713800
1600732800.0,109.14564514160156,183055400
1600819200.0,104.5674285888672,150718700
1600905600.0,105.64120483398438,167743300
1600992000.0,109.60446166992188,149981400
1601251200.0,112.22061157226562,137672400
1601337600.0,111.37133026123048,99382200
1601424000.0,113.05033111572266,142675200
1601510400.0,114.0069808959961,116120400
1601596800.0,110.32682800292967,144712000
1601856000.0,113.72391510009766,106243800
1601942400.0,110.46348571777344,161498200
1602028800.0,112.33773040771484,96849000
1602115200.0,112.23037719726562,83477200
1602201600.0,114.18268585205078,100506900
1602460800.0,121.43565368652344,240226800
1602547200.0,118.21429443359376,262330500
1602633600.0,118.3021469116211,150712000
1602720000.0,117.83358001708984,112559200
1602806400.0,116.18385314941406,115393800
1603065600.0,113.21629333496094,120639300
1603152000.0,114.7098388671875,124423700
1603238400.0,114.0851058959961,89946000
1603324800.0,112.99179077148438,101988000
1603411200.0,112.2987060546875,82572600
1603670400.0,112.30845642089844,111850700
1603756800.0,113.82151794433594,92276800
1603843200.0,108.55018615722656,143937800
1603929600.0,112.5720443725586,146129200
1604016000.0,106.26595306396484,190272600
1604275200.0,106.1781005859375,122866900
1604361600.0,107.80829620361328,107624400
1604448000.0,112.21084594726562,138235500
1604534400.0,116.19361877441406,126387100
1604620800.0,116.06161499023438,114457900
1604880000.0,113.7440948486328,154515300
1604966400.0,113.40184783935548,138023400
1605052800.0,116.84390258789062,112295000
1605139200.0,116.57009887695312,103162300
1605225600.0,116.61898803710938,81581900
1605484800.0,117.63595581054688,91183000
1605571200.0,116.74610137939452,74271000
1605657600.0,115.41622161865234,76322100
1605744000.0,116.01270294189452,74113000
1605830400.0,114.74150848388672,73604300
1606089600.0,111.32879638671876,127959300
1606176000.0,112.61956024169922,113874200
1606262400.0,113.46050262451172,76499200
1606435200.0,114.0081024169922,46691300
1606694400.0,116.41363525390624,169410200
1606780800.0,120.00237274169922,127728200
1606867200.0,120.35440063476562,89004200
1606953600.0,120.21749114990234,78967600
1607040000.0,119.5427703857422,78260400
1607299200.0,121.00955200195312,86712000
1607385600.0,121.6256103515625,82225500
1607472000.0,119.08317565917967,115089200
1607558400.0,120.5108413696289,81312200
1607644800.0,119.69921875,86939800
1607904000.0,119.08317565917967,79184500
1607990400.0,125.048095703125,157243700
1608076800.0,124.97964477539062,98208600
1608163200.0,125.84992218017578,94359800
1608249600.0,123.8551025390625,192541500
1608508800.0,125.39035034179688,121251600
1608595200.0,128.9595489501953,168904800
1608681600.0,128.0598907470703,88223700
1608768000.0,129.0475311279297,54930100
1609113600.0,133.66299438476562,124486200
1609200000.0,131.88331604003906,121047300
1609286400.0,130.75877380371094,96452100
1609372800.0,129.7515869140625,99116600
1609718400.0,126.54420471191406,143301900
1609804800.0,128.10877990722656,97664900
1609891200.0,123.79644012451172,155088000
1609977600.0,128.02076721191406,109578200
1610064000.0,129.12576293945312,105158200
1610323200.0,126.12372589111328,100384500
1610409600.0,125.9477310180664,91951100
1610496000.0,127.99144744873048,88636800
1610582400.0,126.05529022216795,90221800
1610668800.0,124.3244857788086,111598500
1611014400.0,124.99919891357422,90757300
1611100800.0,129.10621643066406,104319500
1611187200.0,133.83900451660156,120150900
1611273600.0,135.9903106689453,114459400
1611532800.0,139.75506591796875,157611700
1611619200.0,139.98973083496094,98390600
1611705600.0,138.91409301757812,140843800
1611792000.0,134.05413818359375,142621100
1611878400.0,129.03775024414062,177523800
1612137600.0,131.1694793701172,106239800
1612224000.0,132.00067138671875,83305400
1612310400.0,130.97389221191406,89880900
1612396800.0,134.34751892089844,84183100
1612483200.0,133.93128967285156,75693800
1612742400.0,134.0782012939453,71297200
1612828800.0,133.19677734375,76774200
1612915200.0,132.58963012695312,73046600
1613001600.0,132.33499145507812,64280000
1613088000.0,132.57005310058594,60145100
1613433600.0,130.4351806640625,80576300
1613520000.0,128.13372802734375,97918500
1613606400.0,127.027099609375,96856700
1613692800.0,127.18376159667967,87668800
1613952000.0,123.3938217163086,103916400
1614038400.0,123.2567367553711,158273000
1614124800.0,122.75728607177734,111039900
1614211200.0,118.4874496459961,148199500
1614297600.0,118.75189208984376,164560400
1614556800.0,125.1468276977539,116307900
1614643200.0,122.53205108642578,102260900
1614729600.0,119.53533172607422,112966300
1614816000.0,117.64524841308594,178155000
1614902400.0,118.90857696533205,153766600
1615161600.0,113.9532470703125,154376600
1615248000.0,118.5854034423828,129525800
1615334400.0,117.49836730957033,111943300
1615420800.0,119.43740844726562,103026500
1615507200.0,118.52664184570312,88105100
1615766400.0,121.4254150390625,92403800
1615852800.0,122.97273254394533,115227900
1615939200.0,122.17949676513672,111932600
1616025600.0,118.0369873046875,121229700
1616112000.0,117.50814819335938,185549500
1616371200.0,120.8378448486328,111912300
1616457600.0,120.00540161132812,95467100
1616544000.0,117.60608673095705,88530500
1616630400.0,118.09573364257812,98844700
1616716800.0,118.70291137695312,94071200
1616976000.0,118.8791961669922,80819200
1617062400.0,117.42001342773438,85671900
1617148800.0,119.62348175048828,118323800
1617235200.0,120.45589447021484,75089100
1617580800.0,123.29591369628906,88651200
1617667200.0,123.59949493408205,80171300
1617753600.0,125.25456237792967,83466700
1617840000.0,127.66365814208984,88844600
1617926400.0,130.24905395507812,106686700
1618185600.0,128.5254669189453,91420000
1618272000.0,131.6494598388672,91266500
1618358400.0,129.2991180419922,87222800
1618444800.0,131.71803283691406,89347100
1618531200.0,131.3850555419922,84922400
1618790400.0,132.051025390625,94264200
1618876800.0,130.35679626464844,94812300
1618963200.0,130.73873901367188,68847100
1619049600.0,129.21099853515625,84566500
1619136000.0,131.54176330566406,78657500
1619395200.0,131.9334716796875,66905100
1619481600.0,131.61032104492188,66015800
1619568000.0,130.8170623779297,107760100
1619654400.0,130.7191162109375,151101000
1619740800.0,128.74090576171875,109839500
1620000000.0,129.79856872558594,75135100
1620086400.0,125.20558166503906,137564700
1620172800.0,125.45042419433594,84000900
1620259200.0,127.05651092529295,78128300
1620345600.0,127.7333526611328,78973300
1620604800.0,124.43727111816406,88071200
1620691200.0,123.51515197753906,126142800
1620777600.0,120.43486785888672,112172300
1620864000.0,122.59302520751952,105861300
1620950400.0,125.0258560180664,81918000
1621209600.0,123.8683090209961,74244600
1621296000.0,122.47530364990234,63342900
1621382400.0,122.318359375,92612000
1621468800.0,124.88851165771484,76857100
1621555200.0,123.04428100585938,79295400
1621814400.0,124.68251037597656,63092900
1621900800.0,124.48633575439452,72009500
1621987200.0,124.43727111816406,56575900
1622073600.0,122.8971176147461,94625600
1622160000.0,122.2398681640625,71311100
1622505600.0,121.91615295410156,67637100
1622592000.0,122.68132019042967,59278900
1622678400.0,121.19024658203124,76229200
1622764800.0,123.49552917480467,75169300
1623024000.0,123.50534057617188,71057600
1623110400.0,124.32937622070312,74403800
1623196800.0,124.7119369506836,56877900
1623283200.0,123.7113265991211,71186400
1623369600.0,124.92776489257812,53522400
1623628800.0,127.99823760986328,96906500
1623715200.0,127.1741943359375,62746300
1623801600.0,127.67452239990234,91815000
1623888000.0,129.2833251953125,96721700
1623974400.0,127.97860717773438,108953300
1624233600.0,129.7836151123047,79663300
1624320000.0,131.431640625,74783600
1624406400.0,131.15696716308594,60214200
1624492800.0,130.87254333496094,68711000
1624579200.0,130.5782012939453,70783700
1624838400.0,132.21644592285156,62111300
1624924800.0,133.7369384765625,64556100
1625011200.0,134.35498046875,63261400
1625097600.0,134.65907287597656,52485800
1625184000.0,137.2979278564453,78852600
1625529600.0,139.31874084472656,108181800
1625616000.0,141.82025146484375,104911600
1625702400.0,140.5155487060547,105575500
1625788800.0,142.34991455078125,99890800
1626048000.0,141.7515411376953,76299700
1626134400.0,142.869873046875,100827100
1626220800.0,146.3131103515625,127050800
1626307200.0,145.6558380126953,106820300
1626393600.0,143.6056365966797,93251400
1626652800.0,139.74053955078125,121434600
1626739200.0,143.37017822265625,96350000
1626825600.0,142.6344451904297,74993500
1626912000.0,144.00779724121094,77338200
1626998400.0,145.73434448242188,71447400
1627257600.0,146.15615844726562,72434100
1627344000.0,143.97837829589844,104818600
1627430400.0,142.222412109375,118931200
1627516800.0,142.869873046875,56699500
1627603200.0,143.08570861816406,70440600
1627862400.0,142.75216674804688,62880000
1627948800.0,144.55714416503906,64786600
1628035200.0,144.1549835205078,56368300
1628121600.0,144.2628631591797,46397700
1628208000.0,143.5751495361328,54126800
1628467200.0,143.5260467529297,48908700
1628553600.0,143.04464721679688,69023100
1628640000.0,143.30007934570312,48493500
1628726400.0,146.27688598632812,72282600
1628812800.0,146.48321533203125,59375000
1629072000.0,148.46775817871094,103296000
1629158400.0,147.5540771484375,92229700
1629244800.0,143.79127502441406,86326000
1629331200.0,144.1253204345703,86960300
1629417600.0,145.5891876220703,60549600
1629676800.0,147.08250427246094,60131800
1629763200.0,146.99407958984375,48606400
1629849600.0,145.75621032714844,58991300
1629936000.0,144.95059204101562,48597200
1630022400.0,145.9919891357422,55802400
1630281600.0,150.43264770507812,90956700
1630368000.0,149.16526794433594,86453100
1630454400.0,149.83335876464844,80313700
1630540800.0,150.95335388183594,71115500
1630627200.0,151.5919647216797,57808700
1630972800.0,153.94003295898438,82278300
1631059200.0,152.38771057128906,74420200
1631145600.0,151.36598205566406,57305700
1631232000.0,146.3555145263672,140893200
1631491200.0,146.92532348632812,102404300
1631577600.0,145.52040100097656,109296300
1631664000.0,146.4144287109375,83281300
1631750400.0,146.17861938476562,68034100
1631836800.0,143.49656677246094,129868800
1632096000.0,140.4313201904297,123478900
1632182400.0,140.9127197265625,75834000
1632268800.0,143.29025268554688,76404300
1632355200.0,144.2530517578125,64838200
1632441600.0,144.3414764404297,53477900
1632700800.0,142.81863403320312,74150700
1632787200.0,139.41941833496094,108972300
1632873600.0,140.32325744628906,74602000
1632960000.0,139.01663208007812,89056700
1633046400.0,140.1464080810547,94639600
1633305600.0,136.697998046875,98322000
1633392000.0,138.63343811035156,80861100
1633478400.0,139.5078125,83221100
1633564800.0,140.77517700195312,61732700
1633651200.0,140.39199829101562,58773200
1633910400.0,140.30361938476562,64452200
1633996800.0,139.02642822265625,73035900
1634083200.0,138.43695068359375,78762700
1634169600.0,141.23692321777344,69907100
1634256000.0,142.2979736328125,67940300
1634515200.0,143.97796630859375,85589200
1634601600.0,146.14918518066406,76378900
1634688000.0,146.64039611816406,58418800
1634774400.0,146.85653686523438,61421000
1634860800.0,146.08041381835938,58883400
1635120000.0,146.03128051757812,50720600
1635206400.0,146.6993865966797,60893400
1635292800.0,146.23760986328125,56094900
1635379200.0,149.89231872558594,100077900
1635465600.0,147.1709442138672,124953200
1635724800.0,146.34568786621094,74588300
1635811200.0,147.38705444335938,69122000
1635897600.0,148.83126831054688,54511500
1635984000.0,148.310546875,60394600
1636070400.0,148.8418731689453,65463900
1636329600.0,148.01539611816406,55020900
1636416000.0,148.37942504882812,56787900
1636502400.0,145.5360107421875,65187100
1636588800.0,145.48681640625,41000000
1636675200.0,147.57264709472656,63804000
1636934400.0,147.58248901367188,59222800
1637020800.0,148.56639099121094,59256200
1637107200.0,151.01622009277344,88807000
1637193600.0,155.3256378173828,137827700
1637280000.0,157.96246337890625,117305600
1637539200.0,158.4248809814453,117467900
1637625600.0,158.80859375,96041900
1637712000.0,159.33006286621094,69463600
1637884800.0,154.28274536132812,76959800
1638144000.0,157.65745544433594,88748200
1638230400.0,162.63589477539062,174048100
1638316800.0,162.11444091796875,152052500
1638403200.0,161.1207275390625,136739200
1638489600.0,159.2316436767578,118023100
1638748800.0,162.6555938720703,107497000
1638835200.0,168.421142578125,120405400
1638921600.0,172.25830078125,116998900
1639008000.0,171.74668884277344,108923700
1639094400.0,176.55784606933594,115402700
1639353600.0,172.90765380859375,153237000
1639440000.0,171.52037048339844,139380400
1639526400.0,176.41029357910156,131063300
1639612800.0,169.48373413085938,150185800
1639699200.0,168.3817901611328,195432700
1639958400.0,167.01417541503906,107499100
1640044800.0,170.20196533203125,91185900
1640131200.0,172.8092498779297,92135300
1640217600.0,173.43893432617188,68356600
1640563200.0,177.42364501953125,74919600
1640649600.0,176.40042114257812,79144300
1640736000.0,176.48899841308594,62348900
1640822400.0,175.32798767089844,59773000
1640908800.0,174.70816040039062,64062300
1641168000.0,179.0765838623047,104487900
1641254400.0,176.80381774902344,99310400
1641340800.0,172.10086059570312,94537600
1641427200.0,169.22792053222656,96904000
1641513600.0,169.39520263671875,86709100
1641772800.0,169.4148406982422,106765600
1641859200.0,172.25830078125,76138300
1641945600.0,172.70103454589844,74805200
1642032000.0,169.4148406982422,84505800
1642118400.0,170.2806854248047,80440800
1642464000.0,167.06336975097656,90956700
1642550400.0,163.55091857910156,94815000
1642636800.0,161.85862731933594,91420500
1642723200.0,159.79246520996094,122848900
1642982400.0,159.01519775390625,162294600
1643068800.0,157.2048797607422,115798400
1643155200.0,157.11630249023438,108275300
1643241600.0,156.65390014648438,121954600
1643328000.0,167.5848388671875,179935700
1643587200.0,171.963134765625,115541600
1643673600.0,171.7958526611328,86213900
1643760000.0,173.0060272216797,84914300
1643846400.0,170.1134033203125,89418100
1643932800.0,169.82772827148438,82465400
1644192000.0,169.1085662841797,77251200
1644278400.0,172.2314453125,74829200
1644364800.0,173.659912109375,71285000
1644451200.0,169.56175231933594,90865900
1644537600.0,166.13348388671875,98670700
1644796800.0,166.3699188232422,86185500
1644883200.0,170.22178649902344,62527400
1644969600.0,169.98536682128906,61177400
1645056000.0,166.3699188232422,69589300
1645142400.0,164.81338500976562,82772700
1645488000.0,161.87770080566406,91162800
1645574400.0,157.6908721923828,90009200
1645660800.0,160.32115173339844,141147500
1645747200.0,162.39979553222656,91974200
1646006400.0,162.66578674316406,95056600
1646092800.0,160.77430725097656,83474400
1646179200.0,164.0843963623047,79724800
1646265600.0,163.75929260253906,76678400
1646352000.0,160.74478149414062,83737200
1646611200.0,156.9322967529297,96418800
1646697600.0,155.09994506835938,131148300
1646784000.0,160.52801513671875,91454900
1646870400.0,156.16387939453125,105342000
1646956800.0,152.4302215576172,96970100
1647216000.0,148.3813018798828,108732100
1647302400.0,152.78488159179688,92964300
1647388800.0,157.2179718017578,102300200
1647475200.0,158.232666015625,75615400
1647561600.0,161.542724609375,123511700
1647820800.0,162.9219207763672,95811400
1647907200.0,166.31080627441406,81532000
1647993600.0,167.68014526367188,98062700
1648080000.0,171.4827880859375,90131400
1648166400.0,172.12310791015625,80546200
1648425600.0,172.99002075195312,90371900
1648512000.0,176.30010986328125,100589400
1648598400.0,175.12774658203125,92633200
1648684800.0,172.0147247314453,103049300
1648771200.0,171.71920776367188,78751300
1649030400.0,175.78782653808594,76468400
1649116800.0,172.45803833007812,73401800
1649203200.0,169.27609252929688,89058800
1649289600.0,169.58145141601562,77594700
1649376000.0,167.56190490722656,76575500
1649635200.0,163.28640747070312,72246700
1649721600.0,165.1680450439453,79265200
1649808000.0,167.86729431152344,70618900
1649894400.0,162.83326721191406,75329400
1650240000.0,162.61654663085938,69023900
1650326400.0,164.91188049316406,67723800
1650412800.0,164.74440002441406,67929800
1650499200.0,163.9464569091797,87227800
1650585600.0,159.38526916503906,84882400
1650844800.0,160.45909118652344,96046400
1650931200.0,154.46945190429688,95623200
1651017600.0,154.2428741455078,88063200
1651104000.0,161.207763671875,130216800
1651190400.0,155.3068084716797,131747600
1651449600.0,155.61221313476562,123055300
1651536000.0,157.10960388183594,88966500
1651622400.0,163.5524139404297,108256500
1651708800.0,154.4398956298828,130525300
1651795200.0,155.16998291015625,116124600
1652054400.0,150.01998901367188,131577900
1652140800.0,152.4371337890625,115366700
1652227200.0,144.53456115722656,142689800
1652313600.0,140.64743041992188,182602000
1652400000.0,145.13641357421875,113990900
1652659200.0,143.5874786376953,86643800
1652745600.0,147.23782348632812,78336300
1652832000.0,138.93080139160156,109742900
1652918400.0,135.50732421875,136095600
1653004800.0,135.744140625,137426100
1653264000.0,141.1900634765625,117726300
1653350400.0,138.4769744873047,104132700
1653436800.0,138.6348114013672,92482700
1653523200.0,141.85110473632812,90601500
1653609600.0,147.63247680664062,90978500
1653955200.0,146.84320068359375,103718400
1654041600.0,146.71493530273438,74286600
1654128000.0,149.18142700195312,72348100
1654214400.0,143.42962646484375,88570300
1654473600.0,144.17942810058594,71598400
1654560000.0,146.71493530273438,67808200
1654646400.0,145.97499084472656,53950200
1654732800.0,140.7263641357422,69473000
1654819200.0,135.29029846191406,91437900
1655078400.0,130.11073303222656,122207100
1655164800.0,130.9789276123047,84784300
1655251200.0,133.6131134033203,91533000
1655337600.0,128.3151397705078,108123900
1655424000.0,129.7949981689453,134520300
1655769600.0,134.0471954345703,81000500
1655856000.0,133.53419494628906,73409200
1655942400.0,136.41497802734375,72433800
1656028800.0,139.75950622558594,89116800
1656288000.0,139.75950622558594,70207900
1656374400.0,135.59613037109375,67083400
1656460800.0,137.36215209960938,66242400
1656547200.0,134.88580322265625,98964500
1656633600.0,137.06613159179688,71051600
1656979200.0,139.66087341308594,73353800
1657065600.0,141.0026092529297,74064300
1657152000.0,144.38661193847656,66253700
1657238400.0,145.0673370361328,64547800
1657497600.0,142.9264678955078,63141600
1657584000.0,143.9031982421875,77588800
1657670400.0,143.53811645507812,71185600
1657756800.0,146.47816467285156,78140700
1657843200.0,148.1553497314453,76259900
1658102400.0,145.09695434570312,81420900
1658188800.0,148.97421264648438,82982400
1658275200.0,150.98683166503906,64823400
1658361600.0,153.265869140625,65086600
1658448000.0,152.0227813720703,66675400
1658707200.0,150.8980712890625,53623900
1658793600.0,149.566162109375,55138700
1658880000.0,154.68653869628906,78620700
1658966400.0,155.23904418945312,81378700
1659052800.0,160.32980346679688,101786900
1659312000.0,159.34320068359375,67829400
1659398400.0,157.86334228515625,59907000
1659484800.0,163.9011993408203,82507500
1659571200.0,163.58554077148438,55474100
1659657600.0,163.3583221435547,56697000
1659916800.0,162.88406372070312,60276900
1660003200.0,162.93350219726562,63135500
1660089600.0,167.20147705078125,70170500
1660176000.0,166.46046447753906,57149200
1660262400.0,170.0269775390625,68039400
1660521600.0,171.1038360595703,54091700
1660608000.0,170.94577026367188,56377100
1660694400.0,172.44747924804688,79542000
1660780800.0,172.05227661132812,62290100
1660867200.0,169.45399475097656,70346300
1661126400.0,165.5515594482422,69026800
1661212800.0,165.2156524658203,54147100
1661299200.0,165.51202392578125,53841500
1661385600.0,167.98190307617188,51218200
1661472000.0,161.6491241455078,78961000
1661731200.0,159.43612670898438,73314000
1661817600.0,156.99586486816406,77906200
1661904000.0,155.3262481689453,87991100
1661990400.0,156.05731201171875,74229900
1662076800.0,153.93319702148438,76957800
1662422400.0,152.6686248779297,73714800
1662508800.0,154.0814208984375,87449600
1662595200.0,152.59947204589844,84923800
1662681600.0,155.47442626953125,68028800
1662940800.0,161.46142578125,104956000
1663027200.0,151.98695373535156,122656600
1663113600.0,153.43923950195312,87965400
1663200000.0,150.53463745117188,90481100
1663286400.0,148.884765625,162278800
1663545600.0,152.6192169189453,81474200
1663632000.0,155.0100860595703,107689800
1663718400.0,151.86839294433594,101696800
1663804800.0,150.9001922607422,86652500
1663891200.0,148.6179962158203,96029900
1664150400.0,148.95391845703125,93339400
1664236800.0,149.93199157714844,84442700
1664323200.0,148.03512573242188,146691400
1664409600.0,140.76377868652344,128138200
1664496000.0,136.53533935546875,124925300
1664755200.0,140.734130859375,114311700
1664841600.0,144.34017944335938,87830100
1664928000.0,144.63653564453125,79471000
1665014400.0,143.67825317382812,68402200
1665100800.0,138.4025421142578,85925600
1665360000.0,138.7285614013672,74899000
1665446400.0,137.30593872070312,77033700
1665532800.0,136.6736297607422,70433700
1665619200.0,141.2676544189453,113224000
1665705600.0,136.71316528320312,88598000
1665964800.0,140.6946258544922,85250900
1666051200.0,142.01846313476562,99136600
1666137600.0,142.12716674804688,61758300
1666224000.0,141.66278076171875,64522000
1666310400.0,145.49607849121094,86548600
1666569600.0,147.64981079101562,75981900
1666656000.0,150.5050048828125,74732300
1666742400.0,147.55104064941406,88194300
1666828800.0,143.05584716796875,109180200
1666915200.0,153.8640594482422,164762400
1667174400.0,151.49295043945312,97943200
1667260800.0,148.83534240722656,80379300
1667347200.0,143.28306579589844,93604600
1667433600.0,137.2071533203125,97918500
1667520000.0,136.93995666503906,140814800
1667779200.0,137.4743194580078,83374600
1667865600.0,138.04827880859375,89908500
1667952000.0,133.4664764404297,74917800
1668038400.0,145.3416290283203,118854000
1668124800.0,148.14215087890625,93979700
1668384000.0,146.73692321777344,73374100
1668470400.0,148.47860717773438,89868300
1668556800.0,147.24160766601562,64218300
1668643200.0,149.15151977539062,80389400
1668729600.0,149.71560668945312,74829600
1668988800.0,146.4697265625,58724100
1669075200.0,148.6171417236328,51804100
1669161600.0,149.49789428710938,58301400
1669334400.0,146.5687255859375,35195900
1669593600.0,142.7191925048828,69246000
1669680000.0,139.70091247558594,83763800
1669766400.0,146.48953247070312,111380900
1669852800.0,146.76661682128906,71250400
1669939200.0,146.27183532714844,65447400
1670198400.0,145.1040802001953,68826400
1670284800.0,141.42282104492188,64727200
1670371200.0,139.47329711914062,69721100
1670457600.0,141.16551208496094,62128300
1670544000.0,140.6806182861328,76097000
1670803200.0,142.9863739013672,70462700
1670889600.0,143.95616149902344,93886200
1670976000.0,141.7196807861328,82291200
1671062400.0,135.0795135498047,98931900
1671148800.0,133.11021423339844,160156900
1671408000.0,130.9924774169922,79592600
1671494400.0,130.92320251464844,77432800
1671580800.0,134.04043579101562,85928000
1671667200.0,130.85394287109375,77852100
1671753600.0,130.48779296875,63814900
1672099200.0,128.6768341064453,69007800
1672185600.0,124.7283706665039,85438400
1672272000.0,128.26121520996094,75703700
1672358400.0,128.577880859375,77034200
1672704000.0,123.7684555053711,112117500
1672790400.0,125.04503631591795,89113600
1672876800.0,123.71898651123048,80962700
1672963200.0,128.27110290527344,87754700
1673222400.0,128.7955780029297,70790800
1673308800.0,129.36956787109375,63896200
1673395200.0,132.1008758544922,69458900
1673481600.0,132.02169799804688,71379600
1673568000.0,133.3576202392578,57809700
1673913600.0,134.52536010742188,63646600
1674000000.0,133.8029327392578,69672800
1674086400.0,133.86231994628906,58280400
1674172800.0,136.4352569580078,80223600
1674432000.0,139.64154052734375,81760300
1674518400.0,141.04676818847656,66435100
1674604800.0,140.38372802734375,65799300
1674691200.0,142.4618682861328,54105100
1674777600.0,144.41140747070312,70555800
1675036800.0,141.51187133789062,64015300
1675123200.0,142.7884521484375,65874500
1675209600.0,143.91659545898438,77663600
1675296000.0,149.25050354003906,118339000
1675382400.0,152.89219665527344,154357300
1675641600.0,150.15101623535156,69858300
1675728000.0,153.0406036376953,83322600
1675814400.0,150.33905029296875,64120100
1675900800.0,149.2999725341797,56007100
1675987200.0,149.66668701171875,57450700
1676246400.0,152.48141479492188,62199000
1676332800.0,151.83717346191406,61707600
1676419200.0,153.94827270507812,65573800
1676505600.0,152.3426513671875,68167900
1676592000.0,151.19296264648438,59144100
1676937600.0,147.1591796875,58867200
1677024000.0,147.58535766601562,51011300
1677110400.0,148.0709991455078,48394200
1677196800.0,145.40493774414062,55469600
1677456000.0,146.60415649414062,44998500
1677542400.0,146.0987091064453,50547000
1677628800.0,144.01739501953125,55479000
1677715200.0,144.61203002929688,52238100
1677801600.0,149.68649291992188,70732300
1678060800.0,152.4615936279297,87558000
1678147200.0,150.25143432617188,56182000
1678233600.0,151.5101318359375,47204800
1678320000.0,149.25042724609375,53833600
1678406400.0,147.1790008544922,68572400
1678665600.0,149.13148498535156,84457100
1678752000.0,151.2326202392578,73695900
1678838400.0,151.62908935546875,77167900
1678924800.0,154.463623046875,76161100
1679011200.0,153.62120056152344,98944600
1679270400.0,155.99984741210938,73641400
1679356800.0,157.86312866210938,73938300
1679443200.0,156.42601013183594,75701800
1679529600.0,157.51622009277344,67622100
1679616000.0,158.82447814941406,59196500
1679875200.0,156.8720245361328,52390300
1679961600.0,156.2476043701172,45992200
1680048000.0,159.33985900878906,51305700
1680134400.0,160.91571044921875,49501700
1680220800.0,163.43312072753906,68749800
1680480000.0,164.69183349609375,56976200
1680566400.0,164.15664672851562,46278300
1680652800.0,162.30328369140625,51511700
1680739200.0,163.19525146484375,45390100
1681084800.0,160.58865356445312,47716900
1681171200.0,159.36959838867188,47644200
1681257600.0,158.67581176757812,50133100
1681344000.0,164.08724975585938,68445600
1681430400.0,163.74037170410156,49386500
1681689600.0,163.7601776123047,41516200
1681776000.0,164.98915100097656,49923000
1681862400.0,166.13885498046875,47720200
1681948800.0,165.16754150390625,52456400
1682035200.0,163.55206298828125,58337300
1682294400.0,163.85931396484375,41949600
1682380800.0,162.3131866455078,48714100
1682467200.0,162.30328369140625,45498800
1682553600.0,166.9119110107422,64902300
1682640000.0,168.1705780029297,55209200
1682899200.0,168.08140563964844,52472900
1682985600.0,167.04074096679688,48425700
1683072000.0,165.96043395996094,65136000
1683158400.0,164.315185546875,81235400
1683244800.0,172.02603149414062,113316400
1683504000.0,171.9566192626953,55962800
1683590400.0,170.24200439453125,45326900
1683676800.0,172.01609802246094,53724500
1683763200.0,172.2043914794922,49514700
1683849600.0,171.271484375,45497800
1684108800.0,170.77523803710938,37266700
1684195200.0,170.77523803710938,42110300
1684281600.0,171.39056396484375,57951600
1684368000.0,173.73280334472656,65496700
1684454400.0,173.8419952392578,55772400
1684713600.0,172.8892059326172,43570900
1684800000.0,170.26907348632812,50747300
1684886400.0,170.5469512939453,45143500
1684972800.0,171.68832397460938,56058300
1685059200.0,174.1099395751953,54835000
1685404800.0,175.96588134765625,55964400
1685491200.0,175.916259765625,99625300
1685577600.0,178.73487854003906,68901800
1685664000.0,179.58840942382812,61945900
1685923200.0,178.2287139892578,121946500
1686009600.0,177.86151123046875,64848400
1686096000.0,176.4819793701172,61944600
1686182400.0,179.21127319335938,50214900
1686268800.0,179.59835815429688,48870700
1686528000.0,182.40704345703125,54274900
1686614400.0,181.9306488037109,54929100
1686700800.0,182.5658416748047,57462900
1686787200.0,184.6103363037109,65433200
1686873600.0,183.5285186767578,101235600
1687219200.0,183.61785888671875,49799100
1687305600.0,182.5757598876953,49515700
1687392000.0,185.5928955078125,51245300
1687478400.0,185.27528381347656,53079300
1687737600.0,183.8758850097656,48088700
1687824000.0,186.64491271972656,50730800
1687910400.0,187.82595825195312,51216800
1687996800.0,188.16339111328125,46347300
1688083200.0,192.51043701171875,85069600
1688342400.0,191.0118103027344,31458200
1688515200.0,189.89031982421875,46920300
1688601600.0,190.36669921875,45094300
1688688000.0,189.24517822265625,46778000
1688947200.0,187.19078063964844,59922200
1689033600.0,186.6647491455078,46638100
1689120000.0,188.342041015625,60750200
1689206400.0,189.10623168945312,41342300
1689292800.0,189.255126953125,41573900
1689552000.0,192.53030395507807,50520200
1689638400.0,192.2722320556641,48353800
1689724800.0,193.63194274902344,80507300
1689811200.0,191.6767578125,59581200
1689897600.0,190.4957275390625,71917800
1690156800.0,191.29962158203125,45377800
1690243200.0,192.1630706787109,37283200
1690329600.0,193.0364532470703,47471900
1690416000.0,191.7660980224609,47460200
1690502400.0,194.3564453125,48291400
1690761600.0,194.9717712402344,38824100
1690848000.0,194.1381072998047,35175100
1690934400.0,191.1309051513672,50389300
1691020800.0,189.73150634765625,61235200
1691107200.0,180.62060546875,115799700
1691366400.0,177.5042266845703,97576100
1691452800.0,178.4470672607422,67823000
1691539200.0,176.8491973876953,60378500
1691625600.0,176.63082885742188,54686900
1691712000.0,176.6904754638672,51988100
1691971200.0,178.3501434326172,43675600
1692057600.0,176.35256958007812,43622600
1692144000.0,175.47802734375,46964900
1692230400.0,172.9239044189453,66062900
1692316800.0,173.41090393066406,61114200
1692576000.0,174.7525177001953,46311900
1692662400.0,176.13392639160156,42084200
1692748800.0,179.9998779296875,52722800
1692835200.0,175.28919982910156,54945800
1692921600.0,177.5054168701172,51449600
1693180800.0,179.07562255859375,43820700
1693267200.0,182.98130798339844,53003900
1693353600.0,186.48947143554688,60813900
1693440000.0,186.70811462402344,60794500
1693526400.0,188.28829956054688,45732600
1693872000.0,188.52682495117188,45280000
1693958400.0,181.77882385253903,81755800
1694044800.0,176.4618682861328,112488800
1694131200.0,177.07806396484375,65551300
1694390400.0,178.25074768066406,58953100
1694476800.0,175.20970153808594,90370200
1694563200.0,173.1326141357422,84267900
1694649600.0,174.6531524658203,60895800
1694736000.0,173.9276580810547,109205100
1694995200.0,176.86935424804688,67257600
1695081600.0,177.96255493164062,51826900
1695168000.0,174.40469360351562,58436200
1695254400.0,172.8543243408203,63047900
1695340800.0,173.70901489257812,56725400
1695600000.0,174.9910430908203,46172700
1695686400.0,170.8965301513672,64588900
1695772800.0,169.3759765625,66921800
1695859200.0,169.63438415527344,56294400
1695945600.0,170.15115356445312,51814200
1696204800.0,172.67544555664062,52164500
1696291200.0,171.33380126953125,49594600
1696377600.0,172.5860137939453,53020300
1696464000.0,173.8282928466797,48527900
1696550400.0,176.39231872558594,57224100
1696809600.0,177.88304138183594,42390800
1696896000.0,177.2867431640625,43698000
1696982400.0,178.6880340576172,47551100
1697068800.0,179.59242248535156,56743100
1697155200.0,177.74391174316406,51427100
1697414400.0,177.61471557617188,52517000
1697500800.0,176.05442810058594,57549400
1697587200.0,174.7525177001953,54764400
1697673600.0,174.3748779296875,59302900
1697760000.0,171.8108367919922,64189300
1698019200.0,171.9300994873047,55980100
1698105600.0,172.36737060546875,43816600
1698192000.0,170.04185485839844,57157000
1698278400.0,165.85787963867188,70625300
1698364800.0,167.1796417236328,58499100
1698624000.0,169.23683166503906,51131000
1698710400.0,169.71388244628906,44846000
1698796800.0,172.8940887451172,56934900
1698883200.0,176.47181701660156,77334800
1698969600.0,175.55751037597656,79763700
1699228800.0,178.12155151367188,63841300
1699315200.0,180.695556640625,70530000
1699401600.0,181.7589263916016,49340300
1699488000.0,181.28192138671875,53763500
1699574400.0,185.49127197265625,66133400
1699833600.0,183.8990631103516,43627500
1699920000.0,186.52621459960935,60108400
1700006400.0,187.0934295654297,53790500
1700092800.0,188.7851409912109,54412900
1700179200.0,188.76524353027344,50922700
1700438400.0,190.5166473388672,46505100
1700524800.0,189.71060180664065,38134500
1700611200.0,190.37733459472656,39617700
1700784000.0,189.04388427734372,24048300
1701043200.0,188.86474609375,40552600
1701129600.0,189.4717712402344,38415400
1701216000.0,188.44680786132807,43014200
1701302400.0,189.0239715576172,48794400
1701388800.0,190.3076934814453,45679300
1701648000.0,188.50650024414065,43389500
1701734400.0,192.47705078125,66628400
1701820800.0,191.3824157714844,41089700
1701907200.0,193.32290649414065,47477700
1701993600.0,194.75588989257807,53377300
1702252800.0,192.23822021484372,60943700
1702339200.0,193.7607879638672,52696900
1702425600.0,196.99493408203125,70404200
1702512000.0,197.1441802978516,66831600
1702598400.0,196.60682678222656,128256700
1702857600.0,194.9350128173828,55751900
1702944000.0,195.9798889160156,40714100
1703030400.0,193.88018798828125,52242800
1703116800.0,193.73089599609372,46482500
1703203200.0,192.6561737060547,37122800
1703548800.0,192.10885620117188,28919300
1703635200.0,192.2083740234375,48087700
1703721600.0,192.63629150390625,34049900
1703808000.0,191.59136962890625,42628800
1704153600.0,184.73497009277344,82488700
1704240000.0,183.35174560546875,58414500
1704326400.0,181.02316284179688,71983600
1704412800.0,180.2967071533203,62303300
1704672000.0,184.6553649902344,59144500
1704758400.0,184.23741149902344,42841800
1704844800.0,185.28228759765625,46792900
1704931200.0,184.6852264404297,49128400
1705017600.0,185.01361083984372,40444700
1705363200.0,182.7347869873047,65603000
1705449600.0,181.78939819335935,47317400
1705536000.0,187.7104034423828,78005800
1705622400.0,190.6261138916016,68741000
1705881600.0,192.94476318359372,60133900
1705968000.0,194.22845458984372,42355600
1706054400.0,193.55178833007807,53631300
1706140800.0,193.223388671875,54822100
1706227200.0,191.48190307617188,44594000
1706486400.0,190.7952880859375,47145600
1706572800.0,187.12326049804688,55859400
1706659200.0,183.5010223388672,55467800
1706745600.0,185.94903564453125,64885400
1706832000.0,184.94395446777344,102518000
1707091200.0,186.7650146484375,69668800
1707177600.0,188.37713623046875,43490800
1707264000.0,188.4865875244141,53439000
1707350400.0,187.40191650390625,40962000
1707436800.0,188.1691436767578,45155200
1707696000.0,186.47525024414065,41781900
1707782400.0,184.37286376953125,56529500
1707868800.0,183.48606872558597,54630500
1707955200.0,183.19712829589844,65434500
1708041600.0,181.6527099609375,49701400
1708387200.0,180.9054107666016,53665600
1708473600.0,181.6626892089844,41529700
1708560000.0,183.70526123046875,52292200
1708646400.0,181.8619537353516,45119700
1708905600.0,180.50686645507807,40867400
1708992000.0,181.97157287597656,54318900
1709078400.0,180.76593017578125,48953900
1709164800.0,180.0983428955078,136682600
1709251200.0,179.01226806640625,73488000
1709510400.0,174.4687042236328,81510100
1709596800.0,169.5066680908203,95132400
1709683200.0,168.51025390625,68587700
1709769600.0,168.3907012939453,71765100
1709856000.0,170.11447143554688,76114600
1710115200.0,172.12718200683594,60139500
1710201600.0,172.60543823242188,59825400
1710288000.0,170.51303100585938,52488700
1710374400.0,172.3762664794922,72913500
1710460800.0,171.99765014648438,121664700
1710720000.0,173.09368896484375,75604200
1710806400.0,175.4451904296875,55215200
1710892800.0,178.02581787109375,53423100
1710979200.0,170.7521514892578,106181300
1711065600.0,171.6588592529297,71106600
1711324800.0,170.23403930664062,54288300
1711411200.0,169.09814453125,57388400
1711497600.0,172.68515014648438,60273300
1711584000.0,170.86175537109375,65672700
1711929600.0,169.4169921875,46240500
1712016000.0,168.2312774658203,49329500
1712102400.0,169.03834533691406,47691700
1712188800.0,168.21136474609375,53704400
1712275200.0,168.96859741210938,42055200
1712534400.0,167.84268188476562,37425500
1712620800.0,169.0582733154297,42451200
1712707200.0,167.1750946044922,49709300
1712793600.0,174.40892028808594,91070300
1712880000.0,175.91348266601562,101593300
1713139200.0,172.06739807128906,73531800
1713225600.0,168.7693328857422,73711200
1713312000.0,167.39430236816406,50901200
1713398400.0,166.437744140625,43122900
1713484800.0,164.40512084960938,67772100
1713744000.0,165.24208068847656,48116400
1713830400.0,166.2982635498047,49537800
1713916800.0,168.41062927246094,48251800
1714003200.0,169.27749633789062,50558300
1714089600.0,168.6896209716797,44838400
1714348800.0,172.8744659423828,68169400
1714435200.0,169.7158966064453,65934800
1714521600.0,168.6896209716797,50383100
1714608000.0,172.4061737060547,94214900
1714694400.0,182.71885681152344,163224100
1714953600.0,181.0548858642578,78569700
1715040000.0,181.7423858642578,77305800
1715126400.0,182.0811767578125,45057100
1715212800.0,183.90457153320312,48983000
1715299200.0,182.63742065429688,50759500
1715558400.0,185.8601531982422,72044800
1715644800.0,187.00755310058597,52393600
1715731200.0,189.2924041748047,70400000
1715817600.0,189.41212463378903,52845200
1715904000.0,189.4420623779297,41282900
1716163200.0,190.6094207763672,44361300
1716249600.0,191.91647338867188,42309400
1716336000.0,190.46974182128903,34648500
1716422400.0,186.45880126953125,51005900
1716508800.0,189.5518035888672,36294600
1716854400.0,189.56179809570312,52280100
1716940800.0,189.86111450195312,53068000
1717027200.0,190.85885620117188,49947900
1717113600.0,191.8166961669922,75158300
1717372800.0,193.59266662597656,50080500
1717459200.0,193.91195678710935,47471400
1717545600.0,195.42852783203125,54156800
1717632000.0,194.04165649414065,41181800
1717718400.0,196.4462432861328,53103900
1717977600.0,192.68472290039065,97262100
1718064000.0,206.68310546875,172373300
1718150400.0,212.58978271484372,198134300
1718236800.0,213.75714111328125,97862700
1718323200.0,212.01107788085935,70122700
1718582400.0,216.18165588378903,93728300
1718668800.0,213.8070068359375,79943300
1718841600.0,209.20741271972656,86172500
1718928000.0,207.02235412597656,246421400
1719187200.0,207.67086791992188,80727000
1719273600.0,208.59878540039065,56713900
1719360000.0,212.7693634033203,66213200
1719446400.0,213.61746215820312,49772700
1719532800.0,210.1452789306641,82542700
1719792000.0,216.261474609375,60402900
1719878400.0,219.77354431152344,58046200
1719964800.0,221.0506591796875,37369800
1720137600.0,225.8298492431641,60412400
1720396800.0,227.30653381347656,59085900
1720483200.0,228.16458129882807,48076100
1720569600.0,232.4548797607422,62627700
1720656000.0,227.05709838867188,64710600
1720742400.0,230.0203857421875,53046500
1721001600.0,233.87168884277344,62631300
1721088000.0,234.29075622558597,43234300
1721174400.0,228.3641357421875,57345900
1721260800.0,223.6747131347656,66034600
1721347200.0,223.80442810058597,49151500
1721606400.0,223.45523071289065,48201800
1721692800.0,224.5028533935547,39960300
1721779200.0,218.04742431640625,61777600
1721865600.0,216.99981689453125,51391200
1721952000.0,217.46875,41601300
1722211200.0,217.7481231689453,36311800
1722297600.0,218.30685424804688,41643800
1722384000.0,221.5794677734375,50036300
1722470400.0,217.8678436279297,62501000
1722556800.0,219.3644561767578,105568600
1722816000.0,208.79833984375,119548600
1722902400.0,206.76292419433597,69660500
1722988800.0,209.34710693359372,63516400
1723075200.0,212.8292236328125,47161100
1723161600.0,215.7526397705078,42201600
1723420800.0,217.2909393310547,38028100
1723507200.0,221.02682495117188,44155300
1723593600.0,221.4763336181641,41960600
1723680000.0,224.47303771972656,46414000
1723766400.0,225.80157470703125,44340200
1724025600.0,225.64175415039065,40687800
1724112000.0,226.2610626220703,30299000
1724198400.0,226.15118408203125,34765500
1724284800.0,224.2832489013672,43695300
1724371200.0,226.5906982421875,38677300
1724630400.0,226.93032836914065,30602200
1724716800.0,227.7793884277344,35934600
1724803200.0,226.2410888671875,38052200
1724889600.0,229.53746032714844,51906300
1724976000.0,228.7483367919922,52990800
1725321600.0,222.52517700195312,50190600
1725408000.0,220.6072998046875,43840200
1725494400.0,222.13560485839844,36615400
1725580800.0,220.57733154296875,48423000
1725840000.0,220.66722106933597,67180000
1725926400.0,219.86810302734372,51591000
1726012800.0,222.4152984619141,44587100
1726099200.0,222.52517700195312,37498200
1726185600.0,222.25547790527344,36766600
1726444800.0,216.082275390625,59357400
1726531200.0,216.5517425537109,45519300
1726617600.0,220.4474639892578,59894900
1726704000.0,228.61846923828125,66781300
1726790400.0,227.9492034912109,318679900
1727049600.0,226.2211151123047,54146000
1727136000.0,227.1201171875,43556100
1727222400.0,226.1212158203125,42308700
1727308800.0,227.26995849609372,36636700
1727395200.0,227.53965759277344,34026000
1727654400.0,232.7439422607422,54541900
1727740800.0,225.9614105224609,63285000
1727827200.0,226.53077697753903,32880600
1727913600.0,225.42198181152344,34044200
1728000000.0,226.55075073242188,37245100
1728259200.0,221.4463653564453,39505400
1728345600.0,225.5218811035156,31855700
1728432000.0,229.2877349853516,33591100
1728518400.0,228.7882843017578,28183500
1728604800.0,227.2999267578125,31759200
1728864000.0,231.0458068847656,39882100
1728950400.0,233.59300231933597,64751400
1729036800.0,231.5252685546875,34082200
1729123200.0,231.89486694335935,32993800
1729209600.0,234.74172973632807,46431500
1729468800.0,236.22010803222656,36254500
1729555200.0,235.60079956054688,38846600
1729641600.0,230.5063934326172,52287000
1729728000.0,230.31661987304688,31109500
1729814400.0,231.1556854248047,38802300
1730073600.0,233.14349365234372,36087100
1730160000.0,233.41319274902344,35417200
1730246400.0,229.8471221923828,47070900
1730332800.0,225.66172790527344,64370100
1730419200.0,222.6650238037109,65276700
1730678400.0,221.76600646972656,44944500
1730764800.0,223.2044219970703,28111300
1730851200.0,222.4752349853516,54561100
1730937600.0,227.22999572753903,42137700
1731024000.0,226.9600067138672,38328800
1731283200.0,224.22999572753903,42005600
1731369600.0,224.22999572753903,40398300
1731456000.0,225.1199951171875,48566200
1731542400.0,228.22000122070312,44923900
1731628800.0,225.0,47923700
1731888000.0,228.0200042724609,44686000
1731974400.0,228.27999877929688,36211800
1732060800.0,229.0,35169600
1732147200.0,228.5200042724609,42108300
1732233600.0,229.8699951171875,38168300
1732492800.0,232.8699951171875,90152800
1732579200.0,235.05999755859372,45986200
1732665600.0,234.92999267578125,33498400
1732838400.0,237.3300018310547,28481400
1733097600.0,239.58999633789065,48137100
1733184000.0,242.6499938964844,38861000
1733270400.0,243.00999450683597,44383900
1733356800.0,243.0399932861328,40033900
1733443200.0,242.83999633789065,36870600
1733702400.0,246.75,44649200
1733788800.0,247.7700042724609,36914800
1733875200.0,246.4900054931641,45205800
1733961600.0,247.9600067138672,32777500
1734048000.0,248.1300048828125,33155300
1734307200.0,251.0399932861328,51694800
1734393600.0,253.47999572753903,51356400
1734480000.0,248.0500030517578,56774100
1734566400.0,249.7899932861328,60882300
1734652800.0,254.4900054931641,147495300
1734912000.0,255.2700042724609,40858800
1734998400.0,258.20001220703125,23234700
1735171200.0,259.0199890136719,27237100
1735257600.0,255.58999633789065,42355300
1735516800.0,252.1999969482422,35557500
1735603200.0,250.4199981689453,39480700
1735776000.0,243.8500061035156,55558000
1735862400.0,243.8600006103516,15135053
